label,type,threshold_value,elapsed_s,vessel_seeds_correct,vessel_seeds_total,bg_seeds_correct,bg_seeds_total,pred_gt_dice,pred_gt_cldice,pred_gt_iou,pred_gt_precision,pred_gt_recall,pred_gt_vol,tp,fp,tn,fn,gt_voxels,pred_voxels,cl_len_gt_mm,cl_len_pred_mm,cl_match_pred_mm,variant,vessel_size,vessel_std,structure_strength,ridge_threshold,ridge_iterations,auto_seed_rounds,auto_seed_max
default_soft_0.000,pipeline_soft,0.0,0.00,25,27,11,11,0.3657,0.4315,0.2238,0.4758,0.2970,0.624,32519,35823,10835695,76971,109490,68342,26.99,20.66,10.04,default,4,3,4,0.01,3,2,200
default_soft_0.020,pipeline_soft,0.02,0.00,25,27,11,11,0.3657,0.4315,0.2238,0.4758,0.2970,0.624,32519,35823,10835695,76971,109490,68342,26.99,20.66,10.04,default,4,3,4,0.01,3,2,200
default_soft_0.040,pipeline_soft,0.04,0.00,25,27,11,11,0.3657,0.4315,0.2238,0.4758,0.2970,0.624,32519,35823,10835695,76971,109490,68342,26.99,20.66,10.04,default,4,3,4,0.01,3,2,200
default_soft_0.060,pipeline_soft,0.06,0.00,25,27,11,11,0.3657,0.4315,0.2238,0.4758,0.2970,0.624,32519,35823,10835695,76971,109490,68342,26.99,20.66,10.04,default,4,3,4,0.01,3,2,200
default_soft_0.080,pipeline_soft,0.08,0.00,25,27,11,11,0.3657,0.4315,0.2238,0.4758,0.2970,0.624,32519,35823,10835695,76971,109490,68342,26.99,20.66,10.04,default,4,3,4,0.01,3,2,200
default_soft_0.100,pipeline_soft,0.1,0.00,25,27,11,11,0.3657,0.4315,0.2238,0.4758,0.2970,0.624,32519,35823,10835695,76971,109490,68342,26.99,20.66,10.04,default,4,3,4,0.01,3,2,200
default_soft_0.120,pipeline_soft,0.12,0.01,25,27,11,11,0.3657,0.4315,0.2238,0.4758,0.2970,0.624,32519,35823,10835695,76971,109490,68342,26.99,20.66,10.04,default,4,3,4,0.01,3,2,200
default_soft_0.140,pipeline_soft,0.14,0.00,25,27,11,11,0.3657,0.4315,0.2238,0.4758,0.2970,0.624,32519,35823,10835695,76971,109490,68342,26.99,20.66,10.04,default,4,3,4,0.01,3,2,200
default_soft_0.160,pipeline_soft,0.16,0.01,25,27,11,11,0.3657,0.4315,0.2238,0.4758,0.2970,0.624,32519,35823,10835695,76971,109490,68342,26.99,20.66,10.04,default,4,3,4,0.01,3,2,200
default_soft_0.180,pipeline_soft,0.18,0.00,25,27,11,11,0.3657,0.4315,0.2238,0.4758,0.2970,0.624,32519,35823,10835695,76971,109490,68342,26.99,20.66,10.04,default,4,3,4,0.01,3,2,200
default_soft_0.200,pipeline_soft,0.2,0.00,25,27,11,11,0.3657,0.4315,0.2238,0.4758,0.2970,0.624,32519,35823,10835695,76971,109490,68342,26.99,20.66,10.04,default,4,3,4,0.01,3,2,200
default_soft_0.220,pipeline_soft,0.22,0.00,25,27,11,11,0.3657,0.4315,0.2238,0.4758,0.2970,0.624,32519,35823,10835695,76971,109490,68342,26.99,20.66,10.04,default,4,3,4,0.01,3,2,200
default_soft_0.240,pipeline_soft,0.24,0.00,25,27,11,11,0.3657,0.4315,0.2238,0.4758,0.2970,0.624,32519,35823,10835695,76971,109490,68342,26.99,20.66,10.04,default,4,3,4,0.01,3,2,200
default_soft_0.260,pipeline_soft,0.26,0.01,25,27,11,11,0.3657,0.4315,0.2238,0.4758,0.2970,0.624,32519,35823,10835695,76971,109490,68342,26.99,20.66,10.04,default,4,3,4,0.01,3,2,200
default_soft_0.280,pipeline_soft,0.28,0.00,25,27,11,11,0.3657,0.4315,0.2238,0.4758,0.2970,0.624,32519,35823,10835695,76971,109490,68342,26.99,20.66,10.04,default,4,3,4,0.01,3,2,200
default_soft_0.300,pipeline_soft,0.3,0.00,25,27,11,11,0.3657,0.4315,0.2238,0.4758,0.2970,0.624,32519,35823,10835695,76971,109490,68342,26.99,20.66,10.04,default,4,3,4,0.01,3,2,200
default_soft_0.320,pipeline_soft,0.32,0.00,25,27,11,11,0.3657,0.4315,0.2238,0.4758,0.2970,0.624,32519,35823,10835695,76971,109490,68342,26.99,20.66,10.04,default,4,3,4,0.01,3,2,200
default_soft_0.340,pipeline_soft,0.34,0.00,18,27,11,11,0.3007,0.3366,0.1770,0.6066,0.1999,0.330,21889,14195,10857323,87601,109490,36084,26.99,10.55,5.99,default,4,3,4,0.01,3,2,200
default_soft_0.360,pipeline_soft,0.36,0.00,18,27,11,11,0.3007,0.3366,0.1770,0.6066,0.1999,0.330,21889,14195,10857323,87601,109490,36084,26.99,10.55,5.99,default,4,3,4,0.01,3,2,200
default_soft_0.380,pipeline_soft,0.38,0.00,18,27,11,11,0.3007,0.3366,0.1770,0.6066,0.1999,0.330,21889,14195,10857323,87601,109490,36084,26.99,10.55,5.99,default,4,3,4,0.01,3,2,200
default_soft_0.400,pipeline_soft,0.4,0.00,18,27,11,11,0.3007,0.3366,0.1770,0.6066,0.1999,0.330,21889,14195,10857323,87601,109490,36084,26.99,10.55,5.99,default,4,3,4,0.01,3,2,200
default_soft_0.420,pipeline_soft,0.42,0.00,18,27,11,11,0.3007,0.3366,0.1770,0.6066,0.1999,0.330,21889,14195,10857323,87601,109490,36084,26.99,10.55,5.99,default,4,3,4,0.01,3,2,200
default_soft_0.440,pipeline_soft,0.44,0.00,18,27,11,11,0.3007,0.3366,0.1770,0.6066,0.1999,0.330,21889,14195,10857323,87601,109490,36084,26.99,10.55,5.99,default,4,3,4,0.01,3,2,200
default_soft_0.460,pipeline_soft,0.46,0.00,18,27,11,11,0.3007,0.3366,0.1770,0.6066,0.1999,0.330,21889,14195,10857323,87601,109490,36084,26.99,10.55,5.99,default,4,3,4,0.01,3,2,200
default_soft_0.480,pipeline_soft,0.48,0.00,18,27,11,11,0.3007,0.3366,0.1770,0.6066,0.1999,0.330,21889,14195,10857323,87601,109490,36084,26.99,10.55,5.99,default,4,3,4,0.01,3,2,200
default_soft_0.500,pipeline_soft,0.5,0.00,18,27,11,11,0.3007,0.3366,0.1770,0.6066,0.1999,0.330,21889,14195,10857323,87601,109490,36084,26.99,10.55,5.99,default,4,3,4,0.01,3,2,200
default_soft_0.520,pipeline_soft,0.52,0.00,18,27,11,11,0.3007,0.3366,0.1770,0.6066,0.1999,0.330,21889,14195,10857323,87601,109490,36084,26.99,10.55,5.99,default,4,3,4,0.01,3,2,200
default_soft_0.540,pipeline_soft,0.54,0.00,18,27,11,11,0.3007,0.3366,0.1770,0.6066,0.1999,0.330,21889,14195,10857323,87601,109490,36084,26.99,10.55,5.99,default,4,3,4,0.01,3,2,200
default_soft_0.560,pipeline_soft,0.56,0.00,18,27,11,11,0.3007,0.3366,0.1770,0.6066,0.1999,0.330,21889,14195,10857323,87601,109490,36084,26.99,10.55,5.99,default,4,3,4,0.01,3,2,200
default_soft_0.580,pipeline_soft,0.58,0.00,18,27,11,11,0.3007,0.3366,0.1770,0.6066,0.1999,0.330,21889,14195,10857323,87601,109490,36084,26.99,10.55,5.99,default,4,3,4,0.01,3,2,200
default_soft_0.600,pipeline_soft,0.6,0.00,18,27,11,11,0.3007,0.3366,0.1770,0.6066,0.1999,0.330,21889,14195,10857323,87601,109490,36084,26.99,10.55,5.99,default,4,3,4,0.01,3,2,200
default_soft_0.620,pipeline_soft,0.62,0.00,18,27,11,11,0.3007,0.3366,0.1770,0.6066,0.1999,0.330,21889,14195,10857323,87601,109490,36084,26.99,10.55,5.99,default,4,3,4,0.01,3,2,200
default_soft_0.640,pipeline_soft,0.64,0.00,18,27,11,11,0.3007,0.3366,0.1770,0.6066,0.1999,0.330,21889,14195,10857323,87601,109490,36084,26.99,10.55,5.99,default,4,3,4,0.01,3,2,200
default_soft_0.660,pipeline_soft,0.66,0.00,18,27,11,11,0.3007,0.3366,0.1770,0.6066,0.1999,0.330,21889,14195,10857323,87601,109490,36084,26.99,10.55,5.99,default,4,3,4,0.01,3,2,200
default_soft_0.680,pipeline_soft,0.68,0.00,16,27,11,11,0.2313,0.2438,0.1308,0.7055,0.1384,0.196,15148,6323,10865195,94342,109490,21471,26.99,5.62,3.63,default,4,3,4,0.01,3,2,200
default_soft_0.700,pipeline_soft,0.7,0.01,16,27,11,11,0.2313,0.2438,0.1308,0.7055,0.1384,0.196,15148,6323,10865195,94342,109490,21471,26.99,5.62,3.63,default,4,3,4,0.01,3,2,200
default_soft_0.720,pipeline_soft,0.72,0.00,16,27,11,11,0.2313,0.2438,0.1308,0.7055,0.1384,0.196,15148,6323,10865195,94342,109490,21471,26.99,5.62,3.63,default,4,3,4,0.01,3,2,200
default_soft_0.740,pipeline_soft,0.74,0.00,16,27,11,11,0.2313,0.2438,0.1308,0.7055,0.1384,0.196,15148,6323,10865195,94342,109490,21471,26.99,5.62,3.63,default,4,3,4,0.01,3,2,200
default_soft_0.760,pipeline_soft,0.76,0.01,16,27,11,11,0.2313,0.2438,0.1308,0.7055,0.1384,0.196,15148,6323,10865195,94342,109490,21471,26.99,5.62,3.63,default,4,3,4,0.01,3,2,200
default_soft_0.780,pipeline_soft,0.78,0.00,16,27,11,11,0.2313,0.2438,0.1308,0.7055,0.1384,0.196,15148,6323,10865195,94342,109490,21471,26.99,5.62,3.63,default,4,3,4,0.01,3,2,200
default_soft_0.800,pipeline_soft,0.8,0.01,16,27,11,11,0.2313,0.2438,0.1308,0.7055,0.1384,0.196,15148,6323,10865195,94342,109490,21471,26.99,5.62,3.63,default,4,3,4,0.01,3,2,200
default_soft_0.820,pipeline_soft,0.82,0.00,16,27,11,11,0.2313,0.2438,0.1308,0.7055,0.1384,0.196,15148,6323,10865195,94342,109490,21471,26.99,5.62,3.63,default,4,3,4,0.01,3,2,200
default_soft_0.840,pipeline_soft,0.84,0.00,16,27,11,11,0.2313,0.2438,0.1308,0.7055,0.1384,0.196,15148,6323,10865195,94342,109490,21471,26.99,5.62,3.63,default,4,3,4,0.01,3,2,200
default_soft_0.860,pipeline_soft,0.86,0.01,16,27,11,11,0.2313,0.2438,0.1308,0.7055,0.1384,0.196,15148,6323,10865195,94342,109490,21471,26.99,5.62,3.63,default,4,3,4,0.01,3,2,200
default_soft_0.880,pipeline_soft,0.88,0.00,16,27,11,11,0.2313,0.2438,0.1308,0.7055,0.1384,0.196,15148,6323,10865195,94342,109490,21471,26.99,5.62,3.63,default,4,3,4,0.01,3,2,200
default_soft_0.900,pipeline_soft,0.9,0.00,16,27,11,11,0.2313,0.2438,0.1308,0.7055,0.1384,0.196,15148,6323,10865195,94342,109490,21471,26.99,5.62,3.63,default,4,3,4,0.01,3,2,200
default_soft_0.920,pipeline_soft,0.92,0.01,16,27,11,11,0.2313,0.2438,0.1308,0.7055,0.1384,0.196,15148,6323,10865195,94342,109490,21471,26.99,5.62,3.63,default,4,3,4,0.01,3,2,200
default_soft_0.940,pipeline_soft,0.94,0.00,16,27,11,11,0.2313,0.2438,0.1308,0.7055,0.1384,0.196,15148,6323,10865195,94342,109490,21471,26.99,5.62,3.63,default,4,3,4,0.01,3,2,200
default_soft_0.960,pipeline_soft,0.96,0.00,16,27,11,11,0.2313,0.2438,0.1308,0.7055,0.1384,0.196,15148,6323,10865195,94342,109490,21471,26.99,5.62,3.63,default,4,3,4,0.01,3,2,200
default_soft_0.980,pipeline_soft,0.98,0.01,16,27,11,11,0.2313,0.2438,0.1308,0.7055,0.1384,0.196,15148,6323,10865195,94342,109490,21471,26.99,5.62,3.63,default,4,3,4,0.01,3,2,200
vsize_-1_soft_0.000,pipeline_soft,0.0,0.00,25,27,11,11,0.3358,0.4198,0.2018,0.4577,0.2652,0.579,29033,34403,10837115,80457,109490,63436,26.99,20.18,9.70,vsize_-1,3,3,4,0.01,3,2,200
vsize_-1_soft_0.020,pipeline_soft,0.02,0.00,25,27,11,11,0.3358,0.4198,0.2018,0.4577,0.2652,0.579,29033,34403,10837115,80457,109490,63436,26.99,20.18,9.70,vsize_-1,3,3,4,0.01,3,2,200
vsize_-1_soft_0.040,pipeline_soft,0.04,0.00,25,27,11,11,0.3358,0.4198,0.2018,0.4577,0.2652,0.579,29033,34403,10837115,80457,109490,63436,26.99,20.18,9.70,vsize_-1,3,3,4,0.01,3,2,200
vsize_-1_soft_0.060,pipeline_soft,0.06,0.00,25,27,11,11,0.3358,0.4198,0.2018,0.4577,0.2652,0.579,29033,34403,10837115,80457,109490,63436,26.99,20.18,9.70,vsize_-1,3,3,4,0.01,3,2,200
vsize_-1_soft_0.080,pipeline_soft,0.08,0.00,25,27,11,11,0.3358,0.4198,0.2018,0.4577,0.2652,0.579,29033,34403,10837115,80457,109490,63436,26.99,20.18,9.70,vsize_-1,3,3,4,0.01,3,2,200
vsize_-1_soft_0.100,pipeline_soft,0.1,0.00,25,27,11,11,0.3358,0.4198,0.2018,0.4577,0.2652,0.579,29033,34403,10837115,80457,109490,63436,26.99,20.18,9.70,vsize_-1,3,3,4,0.01,3,2,200
vsize_-1_soft_0.120,pipeline_soft,0.12,0.00,25,27,11,11,0.3358,0.4198,0.2018,0.4577,0.2652,0.579,29033,34403,10837115,80457,109490,63436,26.99,20.18,9.70,vsize_-1,3,3,4,0.01,3,2,200
vsize_-1_soft_0.140,pipeline_soft,0.14,0.00,25,27,11,11,0.3358,0.4198,0.2018,0.4577,0.2652,0.579,29033,34403,10837115,80457,109490,63436,26.99,20.18,9.70,vsize_-1,3,3,4,0.01,3,2,200
vsize_-1_soft_0.160,pipeline_soft,0.16,0.00,25,27,11,11,0.3358,0.4198,0.2018,0.4577,0.2652,0.579,29033,34403,10837115,80457,109490,63436,26.99,20.18,9.70,vsize_-1,3,3,4,0.01,3,2,200
vsize_-1_soft_0.180,pipeline_soft,0.18,0.00,25,27,11,11,0.3358,0.4198,0.2018,0.4577,0.2652,0.579,29033,34403,10837115,80457,109490,63436,26.99,20.18,9.70,vsize_-1,3,3,4,0.01,3,2,200
vsize_-1_soft_0.200,pipeline_soft,0.2,0.00,25,27,11,11,0.3358,0.4198,0.2018,0.4577,0.2652,0.579,29033,34403,10837115,80457,109490,63436,26.99,20.18,9.70,vsize_-1,3,3,4,0.01,3,2,200
vsize_-1_soft_0.220,pipeline_soft,0.22,0.00,25,27,11,11,0.3358,0.4198,0.2018,0.4577,0.2652,0.579,29033,34403,10837115,80457,109490,63436,26.99,20.18,9.70,vsize_-1,3,3,4,0.01,3,2,200
vsize_-1_soft_0.240,pipeline_soft,0.24,0.00,25,27,11,11,0.3358,0.4198,0.2018,0.4577,0.2652,0.579,29033,34403,10837115,80457,109490,63436,26.99,20.18,9.70,vsize_-1,3,3,4,0.01,3,2,200
vsize_-1_soft_0.260,pipeline_soft,0.26,0.00,25,27,11,11,0.3358,0.4198,0.2018,0.4577,0.2652,0.579,29033,34403,10837115,80457,109490,63436,26.99,20.18,9.70,vsize_-1,3,3,4,0.01,3,2,200
vsize_-1_soft_0.280,pipeline_soft,0.28,0.00,25,27,11,11,0.3358,0.4198,0.2018,0.4577,0.2652,0.579,29033,34403,10837115,80457,109490,63436,26.99,20.18,9.70,vsize_-1,3,3,4,0.01,3,2,200
vsize_-1_soft_0.300,pipeline_soft,0.3,0.00,25,27,11,11,0.3358,0.4198,0.2018,0.4577,0.2652,0.579,29033,34403,10837115,80457,109490,63436,26.99,20.18,9.70,vsize_-1,3,3,4,0.01,3,2,200
vsize_-1_soft_0.320,pipeline_soft,0.32,0.00,25,27,11,11,0.3358,0.4198,0.2018,0.4577,0.2652,0.579,29033,34403,10837115,80457,109490,63436,26.99,20.18,9.70,vsize_-1,3,3,4,0.01,3,2,200
vsize_-1_soft_0.340,pipeline_soft,0.34,0.00,17,27,11,11,0.2687,0.3193,0.1552,0.6711,0.1680,0.250,18391,9012,10862506,91099,109490,27403,26.99,7.97,5.34,vsize_-1,3,3,4,0.01,3,2,200
vsize_-1_soft_0.360,pipeline_soft,0.36,0.00,17,27,11,11,0.2687,0.3193,0.1552,0.6711,0.1680,0.250,18391,9012,10862506,91099,109490,27403,26.99,7.97,5.34,vsize_-1,3,3,4,0.01,3,2,200
vsize_-1_soft_0.380,pipeline_soft,0.38,0.00,17,27,11,11,0.2687,0.3193,0.1552,0.6711,0.1680,0.250,18391,9012,10862506,91099,109490,27403,26.99,7.97,5.34,vsize_-1,3,3,4,0.01,3,2,200
vsize_-1_soft_0.400,pipeline_soft,0.4,0.00,17,27,11,11,0.2687,0.3193,0.1552,0.6711,0.1680,0.250,18391,9012,10862506,91099,109490,27403,26.99,7.97,5.34,vsize_-1,3,3,4,0.01,3,2,200
vsize_-1_soft_0.420,pipeline_soft,0.42,0.00,17,27,11,11,0.2687,0.3193,0.1552,0.6711,0.1680,0.250,18391,9012,10862506,91099,109490,27403,26.99,7.97,5.34,vsize_-1,3,3,4,0.01,3,2,200
vsize_-1_soft_0.440,pipeline_soft,0.44,0.00,17,27,11,11,0.2687,0.3193,0.1552,0.6711,0.1680,0.250,18391,9012,10862506,91099,109490,27403,26.99,7.97,5.34,vsize_-1,3,3,4,0.01,3,2,200
vsize_-1_soft_0.460,pipeline_soft,0.46,0.00,17,27,11,11,0.2687,0.3193,0.1552,0.6711,0.1680,0.250,18391,9012,10862506,91099,109490,27403,26.99,7.97,5.34,vsize_-1,3,3,4,0.01,3,2,200
vsize_-1_soft_0.480,pipeline_soft,0.48,0.00,17,27,11,11,0.2687,0.3193,0.1552,0.6711,0.1680,0.250,18391,9012,10862506,91099,109490,27403,26.99,7.97,5.34,vsize_-1,3,3,4,0.01,3,2,200
vsize_-1_soft_0.500,pipeline_soft,0.5,0.00,17,27,11,11,0.2687,0.3193,0.1552,0.6711,0.1680,0.250,18391,9012,10862506,91099,109490,27403,26.99,7.97,5.34,vsize_-1,3,3,4,0.01,3,2,200
vsize_-1_soft_0.520,pipeline_soft,0.52,0.00,17,27,11,11,0.2687,0.3193,0.1552,0.6711,0.1680,0.250,18391,9012,10862506,91099,109490,27403,26.99,7.97,5.34,vsize_-1,3,3,4,0.01,3,2,200
vsize_-1_soft_0.540,pipeline_soft,0.54,0.00,17,27,11,11,0.2687,0.3193,0.1552,0.6711,0.1680,0.250,18391,9012,10862506,91099,109490,27403,26.99,7.97,5.34,vsize_-1,3,3,4,0.01,3,2,200
vsize_-1_soft_0.560,pipeline_soft,0.56,0.00,17,27,11,11,0.2687,0.3193,0.1552,0.6711,0.1680,0.250,18391,9012,10862506,91099,109490,27403,26.99,7.97,5.34,vsize_-1,3,3,4,0.01,3,2,200
vsize_-1_soft_0.580,pipeline_soft,0.58,0.00,17,27,11,11,0.2687,0.3193,0.1552,0.6711,0.1680,0.250,18391,9012,10862506,91099,109490,27403,26.99,7.97,5.34,vsize_-1,3,3,4,0.01,3,2,200
vsize_-1_soft_0.600,pipeline_soft,0.6,0.00,17,27,11,11,0.2687,0.3193,0.1552,0.6711,0.1680,0.250,18391,9012,10862506,91099,109490,27403,26.99,7.97,5.34,vsize_-1,3,3,4,0.01,3,2,200
vsize_-1_soft_0.620,pipeline_soft,0.62,0.00,17,27,11,11,0.2687,0.3193,0.1552,0.6711,0.1680,0.250,18391,9012,10862506,91099,109490,27403,26.99,7.97,5.34,vsize_-1,3,3,4,0.01,3,2,200
vsize_-1_soft_0.640,pipeline_soft,0.64,0.00,17,27,11,11,0.2687,0.3193,0.1552,0.6711,0.1680,0.250,18391,9012,10862506,91099,109490,27403,26.99,7.97,5.34,vsize_-1,3,3,4,0.01,3,2,200
vsize_-1_soft_0.660,pipeline_soft,0.66,0.00,17,27,11,11,0.2687,0.3193,0.1552,0.6711,0.1680,0.250,18391,9012,10862506,91099,109490,27403,26.99,7.97,5.34,vsize_-1,3,3,4,0.01,3,2,200
vsize_-1_soft_0.680,pipeline_soft,0.68,0.00,12,27,11,11,0.1778,0.2094,0.0976,0.7430,0.1010,0.136,11054,3824,10867694,98436,109490,14878,26.99,4.24,3.02,vsize_-1,3,3,4,0.01,3,2,200
vsize_-1_soft_0.700,pipeline_soft,0.7,0.00,12,27,11,11,0.1778,0.2094,0.0976,0.7430,0.1010,0.136,11054,3824,10867694,98436,109490,14878,26.99,4.24,3.02,vsize_-1,3,3,4,0.01,3,2,200
vsize_-1_soft_0.720,pipeline_soft,0.72,0.00,12,27,11,11,0.1778,0.2094,0.0976,0.7430,0.1010,0.136,11054,3824,10867694,98436,109490,14878,26.99,4.24,3.02,vsize_-1,3,3,4,0.01,3,2,200
vsize_-1_soft_0.740,pipeline_soft,0.74,0.00,12,27,11,11,0.1778,0.2094,0.0976,0.7430,0.1010,0.136,11054,3824,10867694,98436,109490,14878,26.99,4.24,3.02,vsize_-1,3,3,4,0.01,3,2,200
vsize_-1_soft_0.760,pipeline_soft,0.76,0.00,12,27,11,11,0.1778,0.2094,0.0976,0.7430,0.1010,0.136,11054,3824,10867694,98436,109490,14878,26.99,4.24,3.02,vsize_-1,3,3,4,0.01,3,2,200
vsize_-1_soft_0.780,pipeline_soft,0.78,0.00,12,27,11,11,0.1778,0.2094,0.0976,0.7430,0.1010,0.136,11054,3824,10867694,98436,109490,14878,26.99,4.24,3.02,vsize_-1,3,3,4,0.01,3,2,200
vsize_-1_soft_0.800,pipeline_soft,0.8,0.00,12,27,11,11,0.1778,0.2094,0.0976,0.7430,0.1010,0.136,11054,3824,10867694,98436,109490,14878,26.99,4.24,3.02,vsize_-1,3,3,4,0.01,3,2,200
vsize_-1_soft_0.820,pipeline_soft,0.82,0.00,12,27,11,11,0.1778,0.2094,0.0976,0.7430,0.1010,0.136,11054,3824,10867694,98436,109490,14878,26.99,4.24,3.02,vsize_-1,3,3,4,0.01,3,2,200
vsize_-1_soft_0.840,pipeline_soft,0.84,0.00,12,27,11,11,0.1778,0.2094,0.0976,0.7430,0.1010,0.136,11054,3824,10867694,98436,109490,14878,26.99,4.24,3.02,vsize_-1,3,3,4,0.01,3,2,200
vsize_-1_soft_0.860,pipeline_soft,0.86,0.00,12,27,11,11,0.1778,0.2094,0.0976,0.7430,0.1010,0.136,11054,3824,10867694,98436,109490,14878,26.99,4.24,3.02,vsize_-1,3,3,4,0.01,3,2,200
vsize_-1_soft_0.880,pipeline_soft,0.88,0.00,12,27,11,11,0.1778,0.2094,0.0976,0.7430,0.1010,0.136,11054,3824,10867694,98436,109490,14878,26.99,4.24,3.02,vsize_-1,3,3,4,0.01,3,2,200
vsize_-1_soft_0.900,pipeline_soft,0.9,0.00,12,27,11,11,0.1778,0.2094,0.0976,0.7430,0.1010,0.136,11054,3824,10867694,98436,109490,14878,26.99,4.24,3.02,vsize_-1,3,3,4,0.01,3,2,200
vsize_-1_soft_0.920,pipeline_soft,0.92,0.00,12,27,11,11,0.1778,0.2094,0.0976,0.7430,0.1010,0.136,11054,3824,10867694,98436,109490,14878,26.99,4.24,3.02,vsize_-1,3,3,4,0.01,3,2,200
vsize_-1_soft_0.940,pipeline_soft,0.94,0.00,12,27,11,11,0.1778,0.2094,0.0976,0.7430,0.1010,0.136,11054,3824,10867694,98436,109490,14878,26.99,4.24,3.02,vsize_-1,3,3,4,0.01,3,2,200
vsize_-1_soft_0.960,pipeline_soft,0.96,0.00,12,27,11,11,0.1778,0.2094,0.0976,0.7430,0.1010,0.136,11054,3824,10867694,98436,109490,14878,26.99,4.24,3.02,vsize_-1,3,3,4,0.01,3,2,200
vsize_-1_soft_0.980,pipeline_soft,0.98,0.00,12,27,11,11,0.1778,0.2094,0.0976,0.7430,0.1010,0.136,11054,3824,10867694,98436,109490,14878,26.99,4.24,3.02,vsize_-1,3,3,4,0.01,3,2,200
vsize_-2_std_-1_soft_0.000,pipeline_soft,0.0,0.00,24,27,11,11,0.3309,0.4355,0.1983,0.4634,0.2574,0.555,28180,32629,10838889,81310,109490,60809,26.99,21.94,10.55,vsize_-2_std_-1,2,2,4,0.01,3,2,200
vsize_-2_std_-1_soft_0.020,pipeline_soft,0.02,0.00,24,27,11,11,0.3309,0.4355,0.1983,0.4634,0.2574,0.555,28180,32629,10838889,81310,109490,60809,26.99,21.94,10.55,vsize_-2_std_-1,2,2,4,0.01,3,2,200
vsize_-2_std_-1_soft_0.040,pipeline_soft,0.04,0.00,24,27,11,11,0.3309,0.4355,0.1983,0.4634,0.2574,0.555,28180,32629,10838889,81310,109490,60809,26.99,21.94,10.55,vsize_-2_std_-1,2,2,4,0.01,3,2,200
vsize_-2_std_-1_soft_0.060,pipeline_soft,0.06,0.00,24,27,11,11,0.3309,0.4355,0.1983,0.4634,0.2574,0.555,28180,32629,10838889,81310,109490,60809,26.99,21.94,10.55,vsize_-2_std_-1,2,2,4,0.01,3,2,200
vsize_-2_std_-1_soft_0.080,pipeline_soft,0.08,0.00,24,27,11,11,0.3309,0.4355,0.1983,0.4634,0.2574,0.555,28180,32629,10838889,81310,109490,60809,26.99,21.94,10.55,vsize_-2_std_-1,2,2,4,0.01,3,2,200
vsize_-2_std_-1_soft_0.100,pipeline_soft,0.1,0.00,24,27,11,11,0.3309,0.4355,0.1983,0.4634,0.2574,0.555,28180,32629,10838889,81310,109490,60809,26.99,21.94,10.55,vsize_-2_std_-1,2,2,4,0.01,3,2,200
vsize_-2_std_-1_soft_0.120,pipeline_soft,0.12,0.00,24,27,11,11,0.3309,0.4355,0.1983,0.4634,0.2574,0.555,28180,32629,10838889,81310,109490,60809,26.99,21.94,10.55,vsize_-2_std_-1,2,2,4,0.01,3,2,200
vsize_-2_std_-1_soft_0.140,pipeline_soft,0.14,0.00,24,27,11,11,0.3309,0.4355,0.1983,0.4634,0.2574,0.555,28180,32629,10838889,81310,109490,60809,26.99,21.94,10.55,vsize_-2_std_-1,2,2,4,0.01,3,2,200
vsize_-2_std_-1_soft_0.160,pipeline_soft,0.16,0.00,24,27,11,11,0.3309,0.4355,0.1983,0.4634,0.2574,0.555,28180,32629,10838889,81310,109490,60809,26.99,21.94,10.55,vsize_-2_std_-1,2,2,4,0.01,3,2,200
vsize_-2_std_-1_soft_0.180,pipeline_soft,0.18,0.00,24,27,11,11,0.3309,0.4355,0.1983,0.4634,0.2574,0.555,28180,32629,10838889,81310,109490,60809,26.99,21.94,10.55,vsize_-2_std_-1,2,2,4,0.01,3,2,200
vsize_-2_std_-1_soft_0.200,pipeline_soft,0.2,0.00,24,27,11,11,0.3309,0.4355,0.1983,0.4634,0.2574,0.555,28180,32629,10838889,81310,109490,60809,26.99,21.94,10.55,vsize_-2_std_-1,2,2,4,0.01,3,2,200
vsize_-2_std_-1_soft_0.220,pipeline_soft,0.22,0.00,24,27,11,11,0.3309,0.4355,0.1983,0.4634,0.2574,0.555,28180,32629,10838889,81310,109490,60809,26.99,21.94,10.55,vsize_-2_std_-1,2,2,4,0.01,3,2,200
vsize_-2_std_-1_soft_0.240,pipeline_soft,0.24,0.00,24,27,11,11,0.3309,0.4355,0.1983,0.4634,0.2574,0.555,28180,32629,10838889,81310,109490,60809,26.99,21.94,10.55,vsize_-2_std_-1,2,2,4,0.01,3,2,200
vsize_-2_std_-1_soft_0.260,pipeline_soft,0.26,0.00,24,27,11,11,0.3309,0.4355,0.1983,0.4634,0.2574,0.555,28180,32629,10838889,81310,109490,60809,26.99,21.94,10.55,vsize_-2_std_-1,2,2,4,0.01,3,2,200
vsize_-2_std_-1_soft_0.280,pipeline_soft,0.28,0.00,24,27,11,11,0.3309,0.4355,0.1983,0.4634,0.2574,0.555,28180,32629,10838889,81310,109490,60809,26.99,21.94,10.55,vsize_-2_std_-1,2,2,4,0.01,3,2,200
vsize_-2_std_-1_soft_0.300,pipeline_soft,0.3,0.00,24,27,11,11,0.3309,0.4355,0.1983,0.4634,0.2574,0.555,28180,32629,10838889,81310,109490,60809,26.99,21.94,10.55,vsize_-2_std_-1,2,2,4,0.01,3,2,200
vsize_-2_std_-1_soft_0.320,pipeline_soft,0.32,0.00,24,27,11,11,0.3309,0.4355,0.1983,0.4634,0.2574,0.555,28180,32629,10838889,81310,109490,60809,26.99,21.94,10.55,vsize_-2_std_-1,2,2,4,0.01,3,2,200
vsize_-2_std_-1_soft_0.340,pipeline_soft,0.34,0.00,13,27,11,11,0.2240,0.2867,0.1261,0.6369,0.1359,0.213,14882,8483,10863035,94608,109490,23365,26.99,8.05,4.75,vsize_-2_std_-1,2,2,4,0.01,3,2,200
vsize_-2_std_-1_soft_0.360,pipeline_soft,0.36,0.00,13,27,11,11,0.2240,0.2867,0.1261,0.6369,0.1359,0.213,14882,8483,10863035,94608,109490,23365,26.99,8.05,4.75,vsize_-2_std_-1,2,2,4,0.01,3,2,200
vsize_-2_std_-1_soft_0.380,pipeline_soft,0.38,0.00,13,27,11,11,0.2240,0.2867,0.1261,0.6369,0.1359,0.213,14882,8483,10863035,94608,109490,23365,26.99,8.05,4.75,vsize_-2_std_-1,2,2,4,0.01,3,2,200
vsize_-2_std_-1_soft_0.400,pipeline_soft,0.4,0.00,13,27,11,11,0.2240,0.2867,0.1261,0.6369,0.1359,0.213,14882,8483,10863035,94608,109490,23365,26.99,8.05,4.75,vsize_-2_std_-1,2,2,4,0.01,3,2,200
vsize_-2_std_-1_soft_0.420,pipeline_soft,0.42,0.00,13,27,11,11,0.2240,0.2867,0.1261,0.6369,0.1359,0.213,14882,8483,10863035,94608,109490,23365,26.99,8.05,4.75,vsize_-2_std_-1,2,2,4,0.01,3,2,200
vsize_-2_std_-1_soft_0.440,pipeline_soft,0.44,0.00,13,27,11,11,0.2240,0.2867,0.1261,0.6369,0.1359,0.213,14882,8483,10863035,94608,109490,23365,26.99,8.05,4.75,vsize_-2_std_-1,2,2,4,0.01,3,2,200
vsize_-2_std_-1_soft_0.460,pipeline_soft,0.46,0.00,13,27,11,11,0.2240,0.2867,0.1261,0.6369,0.1359,0.213,14882,8483,10863035,94608,109490,23365,26.99,8.05,4.75,vsize_-2_std_-1,2,2,4,0.01,3,2,200
vsize_-2_std_-1_soft_0.480,pipeline_soft,0.48,0.00,13,27,11,11,0.2240,0.2867,0.1261,0.6369,0.1359,0.213,14882,8483,10863035,94608,109490,23365,26.99,8.05,4.75,vsize_-2_std_-1,2,2,4,0.01,3,2,200
vsize_-2_std_-1_soft_0.500,pipeline_soft,0.5,0.00,13,27,11,11,0.2240,0.2867,0.1261,0.6369,0.1359,0.213,14882,8483,10863035,94608,109490,23365,26.99,8.05,4.75,vsize_-2_std_-1,2,2,4,0.01,3,2,200
vsize_-2_std_-1_soft_0.520,pipeline_soft,0.52,0.00,13,27,11,11,0.2240,0.2867,0.1261,0.6369,0.1359,0.213,14882,8483,10863035,94608,109490,23365,26.99,8.05,4.75,vsize_-2_std_-1,2,2,4,0.01,3,2,200
vsize_-2_std_-1_soft_0.540,pipeline_soft,0.54,0.00,13,27,11,11,0.2240,0.2867,0.1261,0.6369,0.1359,0.213,14882,8483,10863035,94608,109490,23365,26.99,8.05,4.75,vsize_-2_std_-1,2,2,4,0.01,3,2,200
vsize_-2_std_-1_soft_0.560,pipeline_soft,0.56,0.00,13,27,11,11,0.2240,0.2867,0.1261,0.6369,0.1359,0.213,14882,8483,10863035,94608,109490,23365,26.99,8.05,4.75,vsize_-2_std_-1,2,2,4,0.01,3,2,200
vsize_-2_std_-1_soft_0.580,pipeline_soft,0.58,0.00,13,27,11,11,0.2240,0.2867,0.1261,0.6369,0.1359,0.213,14882,8483,10863035,94608,109490,23365,26.99,8.05,4.75,vsize_-2_std_-1,2,2,4,0.01,3,2,200
vsize_-2_std_-1_soft_0.600,pipeline_soft,0.6,0.00,13,27,11,11,0.2240,0.2867,0.1261,0.6369,0.1359,0.213,14882,8483,10863035,94608,109490,23365,26.99,8.05,4.75,vsize_-2_std_-1,2,2,4,0.01,3,2,200
vsize_-2_std_-1_soft_0.620,pipeline_soft,0.62,0.00,13,27,11,11,0.2240,0.2867,0.1261,0.6369,0.1359,0.213,14882,8483,10863035,94608,109490,23365,26.99,8.05,4.75,vsize_-2_std_-1,2,2,4,0.01,3,2,200
vsize_-2_std_-1_soft_0.640,pipeline_soft,0.64,0.00,13,27,11,11,0.2240,0.2867,0.1261,0.6369,0.1359,0.213,14882,8483,10863035,94608,109490,23365,26.99,8.05,4.75,vsize_-2_std_-1,2,2,4,0.01,3,2,200
vsize_-2_std_-1_soft_0.660,pipeline_soft,0.66,0.00,13,27,11,11,0.2240,0.2867,0.1261,0.6369,0.1359,0.213,14882,8483,10863035,94608,109490,23365,26.99,8.05,4.75,vsize_-2_std_-1,2,2,4,0.01,3,2,200
vsize_-2_std_-1_soft_0.680,pipeline_soft,0.68,0.00,7,27,11,11,0.0477,0.0787,0.0244,0.5181,0.0250,0.048,2739,2548,10868970,106751,109490,5287,26.99,2.18,1.03,vsize_-2_std_-1,2,2,4,0.01,3,2,200
vsize_-2_std_-1_soft_0.700,pipeline_soft,0.7,0.00,7,27,11,11,0.0477,0.0787,0.0244,0.5181,0.0250,0.048,2739,2548,10868970,106751,109490,5287,26.99,2.18,1.03,vsize_-2_std_-1,2,2,4,0.01,3,2,200
vsize_-2_std_-1_soft_0.720,pipeline_soft,0.72,0.00,7,27,11,11,0.0477,0.0787,0.0244,0.5181,0.0250,0.048,2739,2548,10868970,106751,109490,5287,26.99,2.18,1.03,vsize_-2_std_-1,2,2,4,0.01,3,2,200
vsize_-2_std_-1_soft_0.740,pipeline_soft,0.74,0.00,7,27,11,11,0.0477,0.0787,0.0244,0.5181,0.0250,0.048,2739,2548,10868970,106751,109490,5287,26.99,2.18,1.03,vsize_-2_std_-1,2,2,4,0.01,3,2,200
vsize_-2_std_-1_soft_0.760,pipeline_soft,0.76,0.00,7,27,11,11,0.0477,0.0787,0.0244,0.5181,0.0250,0.048,2739,2548,10868970,106751,109490,5287,26.99,2.18,1.03,vsize_-2_std_-1,2,2,4,0.01,3,2,200
vsize_-2_std_-1_soft_0.780,pipeline_soft,0.78,0.00,7,27,11,11,0.0477,0.0787,0.0244,0.5181,0.0250,0.048,2739,2548,10868970,106751,109490,5287,26.99,2.18,1.03,vsize_-2_std_-1,2,2,4,0.01,3,2,200
vsize_-2_std_-1_soft_0.800,pipeline_soft,0.8,0.00,7,27,11,11,0.0477,0.0787,0.0244,0.5181,0.0250,0.048,2739,2548,10868970,106751,109490,5287,26.99,2.18,1.03,vsize_-2_std_-1,2,2,4,0.01,3,2,200
vsize_-2_std_-1_soft_0.820,pipeline_soft,0.82,0.00,7,27,11,11,0.0477,0.0787,0.0244,0.5181,0.0250,0.048,2739,2548,10868970,106751,109490,5287,26.99,2.18,1.03,vsize_-2_std_-1,2,2,4,0.01,3,2,200
vsize_-2_std_-1_soft_0.840,pipeline_soft,0.84,0.00,7,27,11,11,0.0477,0.0787,0.0244,0.5181,0.0250,0.048,2739,2548,10868970,106751,109490,5287,26.99,2.18,1.03,vsize_-2_std_-1,2,2,4,0.01,3,2,200
vsize_-2_std_-1_soft_0.860,pipeline_soft,0.86,0.00,7,27,11,11,0.0477,0.0787,0.0244,0.5181,0.0250,0.048,2739,2548,10868970,106751,109490,5287,26.99,2.18,1.03,vsize_-2_std_-1,2,2,4,0.01,3,2,200
vsize_-2_std_-1_soft_0.880,pipeline_soft,0.88,0.00,7,27,11,11,0.0477,0.0787,0.0244,0.5181,0.0250,0.048,2739,2548,10868970,106751,109490,5287,26.99,2.18,1.03,vsize_-2_std_-1,2,2,4,0.01,3,2,200
vsize_-2_std_-1_soft_0.900,pipeline_soft,0.9,0.00,7,27,11,11,0.0477,0.0787,0.0244,0.5181,0.0250,0.048,2739,2548,10868970,106751,109490,5287,26.99,2.18,1.03,vsize_-2_std_-1,2,2,4,0.01,3,2,200
vsize_-2_std_-1_soft_0.920,pipeline_soft,0.92,0.00,7,27,11,11,0.0477,0.0787,0.0244,0.5181,0.0250,0.048,2739,2548,10868970,106751,109490,5287,26.99,2.18,1.03,vsize_-2_std_-1,2,2,4,0.01,3,2,200
vsize_-2_std_-1_soft_0.940,pipeline_soft,0.94,0.00,7,27,11,11,0.0477,0.0787,0.0244,0.5181,0.0250,0.048,2739,2548,10868970,106751,109490,5287,26.99,2.18,1.03,vsize_-2_std_-1,2,2,4,0.01,3,2,200
vsize_-2_std_-1_soft_0.960,pipeline_soft,0.96,0.00,7,27,11,11,0.0477,0.0787,0.0244,0.5181,0.0250,0.048,2739,2548,10868970,106751,109490,5287,26.99,2.18,1.03,vsize_-2_std_-1,2,2,4,0.01,3,2,200
vsize_-2_std_-1_soft_0.980,pipeline_soft,0.98,0.01,7,27,11,11,0.0477,0.0787,0.0244,0.5181,0.0250,0.048,2739,2548,10868970,106751,109490,5287,26.99,2.18,1.03,vsize_-2_std_-1,2,2,4,0.01,3,2,200
vsize_+1_soft_0.000,pipeline_soft,0.0,0.00,25,27,11,11,0.3734,0.4209,0.2295,0.4964,0.2992,0.603,32762,33240,10838278,76728,109490,66002,26.99,16.24,8.54,vsize_+1,5,3,4,0.01,3,2,200
vsize_+1_soft_0.020,pipeline_soft,0.02,0.00,25,27,11,11,0.3734,0.4209,0.2295,0.4964,0.2992,0.603,32762,33240,10838278,76728,109490,66002,26.99,16.24,8.54,vsize_+1,5,3,4,0.01,3,2,200
vsize_+1_soft_0.040,pipeline_soft,0.04,0.00,25,27,11,11,0.3734,0.4209,0.2295,0.4964,0.2992,0.603,32762,33240,10838278,76728,109490,66002,26.99,16.24,8.54,vsize_+1,5,3,4,0.01,3,2,200
vsize_+1_soft_0.060,pipeline_soft,0.06,0.00,25,27,11,11,0.3734,0.4209,0.2295,0.4964,0.2992,0.603,32762,33240,10838278,76728,109490,66002,26.99,16.24,8.54,vsize_+1,5,3,4,0.01,3,2,200
vsize_+1_soft_0.080,pipeline_soft,0.08,0.00,25,27,11,11,0.3734,0.4209,0.2295,0.4964,0.2992,0.603,32762,33240,10838278,76728,109490,66002,26.99,16.24,8.54,vsize_+1,5,3,4,0.01,3,2,200
vsize_+1_soft_0.100,pipeline_soft,0.1,0.00,25,27,11,11,0.3734,0.4209,0.2295,0.4964,0.2992,0.603,32762,33240,10838278,76728,109490,66002,26.99,16.24,8.54,vsize_+1,5,3,4,0.01,3,2,200
vsize_+1_soft_0.120,pipeline_soft,0.12,0.00,25,27,11,11,0.3734,0.4209,0.2295,0.4964,0.2992,0.603,32762,33240,10838278,76728,109490,66002,26.99,16.24,8.54,vsize_+1,5,3,4,0.01,3,2,200
vsize_+1_soft_0.140,pipeline_soft,0.14,0.00,25,27,11,11,0.3734,0.4209,0.2295,0.4964,0.2992,0.603,32762,33240,10838278,76728,109490,66002,26.99,16.24,8.54,vsize_+1,5,3,4,0.01,3,2,200
vsize_+1_soft_0.160,pipeline_soft,0.16,0.00,25,27,11,11,0.3734,0.4209,0.2295,0.4964,0.2992,0.603,32762,33240,10838278,76728,109490,66002,26.99,16.24,8.54,vsize_+1,5,3,4,0.01,3,2,200
vsize_+1_soft_0.180,pipeline_soft,0.18,0.00,25,27,11,11,0.3734,0.4209,0.2295,0.4964,0.2992,0.603,32762,33240,10838278,76728,109490,66002,26.99,16.24,8.54,vsize_+1,5,3,4,0.01,3,2,200
vsize_+1_soft_0.200,pipeline_soft,0.2,0.00,25,27,11,11,0.3734,0.4209,0.2295,0.4964,0.2992,0.603,32762,33240,10838278,76728,109490,66002,26.99,16.24,8.54,vsize_+1,5,3,4,0.01,3,2,200
vsize_+1_soft_0.220,pipeline_soft,0.22,0.00,25,27,11,11,0.3734,0.4209,0.2295,0.4964,0.2992,0.603,32762,33240,10838278,76728,109490,66002,26.99,16.24,8.54,vsize_+1,5,3,4,0.01,3,2,200
vsize_+1_soft_0.240,pipeline_soft,0.24,0.00,25,27,11,11,0.3734,0.4209,0.2295,0.4964,0.2992,0.603,32762,33240,10838278,76728,109490,66002,26.99,16.24,8.54,vsize_+1,5,3,4,0.01,3,2,200
vsize_+1_soft_0.260,pipeline_soft,0.26,0.00,25,27,11,11,0.3734,0.4209,0.2295,0.4964,0.2992,0.603,32762,33240,10838278,76728,109490,66002,26.99,16.24,8.54,vsize_+1,5,3,4,0.01,3,2,200
vsize_+1_soft_0.280,pipeline_soft,0.28,0.00,25,27,11,11,0.3734,0.4209,0.2295,0.4964,0.2992,0.603,32762,33240,10838278,76728,109490,66002,26.99,16.24,8.54,vsize_+1,5,3,4,0.01,3,2,200
vsize_+1_soft_0.300,pipeline_soft,0.3,0.00,25,27,11,11,0.3734,0.4209,0.2295,0.4964,0.2992,0.603,32762,33240,10838278,76728,109490,66002,26.99,16.24,8.54,vsize_+1,5,3,4,0.01,3,2,200
vsize_+1_soft_0.320,pipeline_soft,0.32,0.00,25,27,11,11,0.3734,0.4209,0.2295,0.4964,0.2992,0.603,32762,33240,10838278,76728,109490,66002,26.99,16.24,8.54,vsize_+1,5,3,4,0.01,3,2,200
vsize_+1_soft_0.340,pipeline_soft,0.34,0.00,21,27,11,11,0.3151,0.3334,0.1870,0.5708,0.2177,0.381,23831,17917,10853601,85659,109490,41748,26.99,10.49,5.78,vsize_+1,5,3,4,0.01,3,2,200
vsize_+1_soft_0.360,pipeline_soft,0.36,0.00,21,27,11,11,0.3151,0.3334,0.1870,0.5708,0.2177,0.381,23831,17917,10853601,85659,109490,41748,26.99,10.49,5.78,vsize_+1,5,3,4,0.01,3,2,200
vsize_+1_soft_0.380,pipeline_soft,0.38,0.00,21,27,11,11,0.3151,0.3334,0.1870,0.5708,0.2177,0.381,23831,17917,10853601,85659,109490,41748,26.99,10.49,5.78,vsize_+1,5,3,4,0.01,3,2,200
vsize_+1_soft_0.400,pipeline_soft,0.4,0.00,21,27,11,11,0.3151,0.3334,0.1870,0.5708,0.2177,0.381,23831,17917,10853601,85659,109490,41748,26.99,10.49,5.78,vsize_+1,5,3,4,0.01,3,2,200
vsize_+1_soft_0.420,pipeline_soft,0.42,0.00,21,27,11,11,0.3151,0.3334,0.1870,0.5708,0.2177,0.381,23831,17917,10853601,85659,109490,41748,26.99,10.49,5.78,vsize_+1,5,3,4,0.01,3,2,200
vsize_+1_soft_0.440,pipeline_soft,0.44,0.00,21,27,11,11,0.3151,0.3334,0.1870,0.5708,0.2177,0.381,23831,17917,10853601,85659,109490,41748,26.99,10.49,5.78,vsize_+1,5,3,4,0.01,3,2,200
vsize_+1_soft_0.460,pipeline_soft,0.46,0.00,21,27,11,11,0.3151,0.3334,0.1870,0.5708,0.2177,0.381,23831,17917,10853601,85659,109490,41748,26.99,10.49,5.78,vsize_+1,5,3,4,0.01,3,2,200
vsize_+1_soft_0.480,pipeline_soft,0.48,0.00,21,27,11,11,0.3151,0.3334,0.1870,0.5708,0.2177,0.381,23831,17917,10853601,85659,109490,41748,26.99,10.49,5.78,vsize_+1,5,3,4,0.01,3,2,200
vsize_+1_soft_0.500,pipeline_soft,0.5,0.00,21,27,11,11,0.3151,0.3334,0.1870,0.5708,0.2177,0.381,23831,17917,10853601,85659,109490,41748,26.99,10.49,5.78,vsize_+1,5,3,4,0.01,3,2,200
vsize_+1_soft_0.520,pipeline_soft,0.52,0.00,21,27,11,11,0.3151,0.3334,0.1870,0.5708,0.2177,0.381,23831,17917,10853601,85659,109490,41748,26.99,10.49,5.78,vsize_+1,5,3,4,0.01,3,2,200
vsize_+1_soft_0.540,pipeline_soft,0.54,0.00,21,27,11,11,0.3151,0.3334,0.1870,0.5708,0.2177,0.381,23831,17917,10853601,85659,109490,41748,26.99,10.49,5.78,vsize_+1,5,3,4,0.01,3,2,200
vsize_+1_soft_0.560,pipeline_soft,0.56,0.00,21,27,11,11,0.3151,0.3334,0.1870,0.5708,0.2177,0.381,23831,17917,10853601,85659,109490,41748,26.99,10.49,5.78,vsize_+1,5,3,4,0.01,3,2,200
vsize_+1_soft_0.580,pipeline_soft,0.58,0.00,21,27,11,11,0.3151,0.3334,0.1870,0.5708,0.2177,0.381,23831,17917,10853601,85659,109490,41748,26.99,10.49,5.78,vsize_+1,5,3,4,0.01,3,2,200
vsize_+1_soft_0.600,pipeline_soft,0.6,0.00,21,27,11,11,0.3151,0.3334,0.1870,0.5708,0.2177,0.381,23831,17917,10853601,85659,109490,41748,26.99,10.49,5.78,vsize_+1,5,3,4,0.01,3,2,200
vsize_+1_soft_0.620,pipeline_soft,0.62,0.00,21,27,11,11,0.3151,0.3334,0.1870,0.5708,0.2177,0.381,23831,17917,10853601,85659,109490,41748,26.99,10.49,5.78,vsize_+1,5,3,4,0.01,3,2,200
vsize_+1_soft_0.640,pipeline_soft,0.64,0.00,21,27,11,11,0.3151,0.3334,0.1870,0.5708,0.2177,0.381,23831,17917,10853601,85659,109490,41748,26.99,10.49,5.78,vsize_+1,5,3,4,0.01,3,2,200
vsize_+1_soft_0.660,pipeline_soft,0.66,0.00,21,27,11,11,0.3151,0.3334,0.1870,0.5708,0.2177,0.381,23831,17917,10853601,85659,109490,41748,26.99,10.49,5.78,vsize_+1,5,3,4,0.01,3,2,200
vsize_+1_soft_0.680,pipeline_soft,0.68,0.00,17,27,11,11,0.2558,0.2750,0.1466,0.7062,0.1562,0.221,17097,7113,10864405,92393,109490,24210,26.99,5.93,4.18,vsize_+1,5,3,4,0.01,3,2,200
vsize_+1_soft_0.700,pipeline_soft,0.7,0.00,17,27,11,11,0.2558,0.2750,0.1466,0.7062,0.1562,0.221,17097,7113,10864405,92393,109490,24210,26.99,5.93,4.18,vsize_+1,5,3,4,0.01,3,2,200
vsize_+1_soft_0.720,pipeline_soft,0.72,0.00,17,27,11,11,0.2558,0.2750,0.1466,0.7062,0.1562,0.221,17097,7113,10864405,92393,109490,24210,26.99,5.93,4.18,vsize_+1,5,3,4,0.01,3,2,200
vsize_+1_soft_0.740,pipeline_soft,0.74,0.00,17,27,11,11,0.2558,0.2750,0.1466,0.7062,0.1562,0.221,17097,7113,10864405,92393,109490,24210,26.99,5.93,4.18,vsize_+1,5,3,4,0.01,3,2,200
vsize_+1_soft_0.760,pipeline_soft,0.76,0.00,17,27,11,11,0.2558,0.2750,0.1466,0.7062,0.1562,0.221,17097,7113,10864405,92393,109490,24210,26.99,5.93,4.18,vsize_+1,5,3,4,0.01,3,2,200
vsize_+1_soft_0.780,pipeline_soft,0.78,0.00,17,27,11,11,0.2558,0.2750,0.1466,0.7062,0.1562,0.221,17097,7113,10864405,92393,109490,24210,26.99,5.93,4.18,vsize_+1,5,3,4,0.01,3,2,200
vsize_+1_soft_0.800,pipeline_soft,0.8,0.00,17,27,11,11,0.2558,0.2750,0.1466,0.7062,0.1562,0.221,17097,7113,10864405,92393,109490,24210,26.99,5.93,4.18,vsize_+1,5,3,4,0.01,3,2,200
vsize_+1_soft_0.820,pipeline_soft,0.82,0.00,17,27,11,11,0.2558,0.2750,0.1466,0.7062,0.1562,0.221,17097,7113,10864405,92393,109490,24210,26.99,5.93,4.18,vsize_+1,5,3,4,0.01,3,2,200
vsize_+1_soft_0.840,pipeline_soft,0.84,0.00,17,27,11,11,0.2558,0.2750,0.1466,0.7062,0.1562,0.221,17097,7113,10864405,92393,109490,24210,26.99,5.93,4.18,vsize_+1,5,3,4,0.01,3,2,200
vsize_+1_soft_0.860,pipeline_soft,0.86,0.00,17,27,11,11,0.2558,0.2750,0.1466,0.7062,0.1562,0.221,17097,7113,10864405,92393,109490,24210,26.99,5.93,4.18,vsize_+1,5,3,4,0.01,3,2,200
vsize_+1_soft_0.880,pipeline_soft,0.88,0.00,17,27,11,11,0.2558,0.2750,0.1466,0.7062,0.1562,0.221,17097,7113,10864405,92393,109490,24210,26.99,5.93,4.18,vsize_+1,5,3,4,0.01,3,2,200
vsize_+1_soft_0.900,pipeline_soft,0.9,0.00,17,27,11,11,0.2558,0.2750,0.1466,0.7062,0.1562,0.221,17097,7113,10864405,92393,109490,24210,26.99,5.93,4.18,vsize_+1,5,3,4,0.01,3,2,200
vsize_+1_soft_0.920,pipeline_soft,0.92,0.00,17,27,11,11,0.2558,0.2750,0.1466,0.7062,0.1562,0.221,17097,7113,10864405,92393,109490,24210,26.99,5.93,4.18,vsize_+1,5,3,4,0.01,3,2,200
vsize_+1_soft_0.940,pipeline_soft,0.94,0.00,17,27,11,11,0.2558,0.2750,0.1466,0.7062,0.1562,0.221,17097,7113,10864405,92393,109490,24210,26.99,5.93,4.18,vsize_+1,5,3,4,0.01,3,2,200
vsize_+1_soft_0.960,pipeline_soft,0.96,0.00,17,27,11,11,0.2558,0.2750,0.1466,0.7062,0.1562,0.221,17097,7113,10864405,92393,109490,24210,26.99,5.93,4.18,vsize_+1,5,3,4,0.01,3,2,200
vsize_+1_soft_0.980,pipeline_soft,0.98,0.00,17,27,11,11,0.2558,0.2750,0.1466,0.7062,0.1562,0.221,17097,7113,10864405,92393,109490,24210,26.99,5.93,4.18,vsize_+1,5,3,4,0.01,3,2,200
vsize_+2_std_+1_soft_0.000,pipeline_soft,0.0,0.00,25,27,11,11,0.3845,0.4385,0.2380,0.4177,0.3561,0.852,38990,54348,10817170,70500,109490,93338,26.99,21.55,10.15,vsize_+2_std_+1,6,4,4,0.01,3,2,200
vsize_+2_std_+1_soft_0.020,pipeline_soft,0.02,0.00,25,27,11,11,0.3845,0.4385,0.2380,0.4177,0.3561,0.852,38990,54348,10817170,70500,109490,93338,26.99,21.55,10.15,vsize_+2_std_+1,6,4,4,0.01,3,2,200
vsize_+2_std_+1_soft_0.040,pipeline_soft,0.04,0.00,25,27,11,11,0.3845,0.4385,0.2380,0.4177,0.3561,0.852,38990,54348,10817170,70500,109490,93338,26.99,21.55,10.15,vsize_+2_std_+1,6,4,4,0.01,3,2,200
vsize_+2_std_+1_soft_0.060,pipeline_soft,0.06,0.00,25,27,11,11,0.3845,0.4385,0.2380,0.4177,0.3561,0.852,38990,54348,10817170,70500,109490,93338,26.99,21.55,10.15,vsize_+2_std_+1,6,4,4,0.01,3,2,200
vsize_+2_std_+1_soft_0.080,pipeline_soft,0.08,0.00,25,27,11,11,0.3845,0.4385,0.2380,0.4177,0.3561,0.852,38990,54348,10817170,70500,109490,93338,26.99,21.55,10.15,vsize_+2_std_+1,6,4,4,0.01,3,2,200
vsize_+2_std_+1_soft_0.100,pipeline_soft,0.1,0.00,25,27,11,11,0.3845,0.4385,0.2380,0.4177,0.3561,0.852,38990,54348,10817170,70500,109490,93338,26.99,21.55,10.15,vsize_+2_std_+1,6,4,4,0.01,3,2,200
vsize_+2_std_+1_soft_0.120,pipeline_soft,0.12,0.00,25,27,11,11,0.3845,0.4385,0.2380,0.4177,0.3561,0.852,38990,54348,10817170,70500,109490,93338,26.99,21.55,10.15,vsize_+2_std_+1,6,4,4,0.01,3,2,200
vsize_+2_std_+1_soft_0.140,pipeline_soft,0.14,0.00,25,27,11,11,0.3845,0.4385,0.2380,0.4177,0.3561,0.852,38990,54348,10817170,70500,109490,93338,26.99,21.55,10.15,vsize_+2_std_+1,6,4,4,0.01,3,2,200
vsize_+2_std_+1_soft_0.160,pipeline_soft,0.16,0.00,25,27,11,11,0.3845,0.4385,0.2380,0.4177,0.3561,0.852,38990,54348,10817170,70500,109490,93338,26.99,21.55,10.15,vsize_+2_std_+1,6,4,4,0.01,3,2,200
vsize_+2_std_+1_soft_0.180,pipeline_soft,0.18,0.00,25,27,11,11,0.3845,0.4385,0.2380,0.4177,0.3561,0.852,38990,54348,10817170,70500,109490,93338,26.99,21.55,10.15,vsize_+2_std_+1,6,4,4,0.01,3,2,200
vsize_+2_std_+1_soft_0.200,pipeline_soft,0.2,0.00,25,27,11,11,0.3845,0.4385,0.2380,0.4177,0.3561,0.852,38990,54348,10817170,70500,109490,93338,26.99,21.55,10.15,vsize_+2_std_+1,6,4,4,0.01,3,2,200
vsize_+2_std_+1_soft_0.220,pipeline_soft,0.22,0.00,25,27,11,11,0.3845,0.4385,0.2380,0.4177,0.3561,0.852,38990,54348,10817170,70500,109490,93338,26.99,21.55,10.15,vsize_+2_std_+1,6,4,4,0.01,3,2,200
vsize_+2_std_+1_soft_0.240,pipeline_soft,0.24,0.00,25,27,11,11,0.3845,0.4385,0.2380,0.4177,0.3561,0.852,38990,54348,10817170,70500,109490,93338,26.99,21.55,10.15,vsize_+2_std_+1,6,4,4,0.01,3,2,200
vsize_+2_std_+1_soft_0.260,pipeline_soft,0.26,0.00,25,27,11,11,0.3845,0.4385,0.2380,0.4177,0.3561,0.852,38990,54348,10817170,70500,109490,93338,26.99,21.55,10.15,vsize_+2_std_+1,6,4,4,0.01,3,2,200
vsize_+2_std_+1_soft_0.280,pipeline_soft,0.28,0.00,25,27,11,11,0.3845,0.4385,0.2380,0.4177,0.3561,0.852,38990,54348,10817170,70500,109490,93338,26.99,21.55,10.15,vsize_+2_std_+1,6,4,4,0.01,3,2,200
vsize_+2_std_+1_soft_0.300,pipeline_soft,0.3,0.00,25,27,11,11,0.3845,0.4385,0.2380,0.4177,0.3561,0.852,38990,54348,10817170,70500,109490,93338,26.99,21.55,10.15,vsize_+2_std_+1,6,4,4,0.01,3,2,200
vsize_+2_std_+1_soft_0.320,pipeline_soft,0.32,0.00,25,27,11,11,0.3845,0.4385,0.2380,0.4177,0.3561,0.852,38990,54348,10817170,70500,109490,93338,26.99,21.55,10.15,vsize_+2_std_+1,6,4,4,0.01,3,2,200
vsize_+2_std_+1_soft_0.340,pipeline_soft,0.34,0.00,19,27,11,11,0.3469,0.3713,0.2099,0.5222,0.2597,0.497,28439,26021,10845497,81051,109490,54460,26.99,13.08,6.84,vsize_+2_std_+1,6,4,4,0.01,3,2,200
vsize_+2_std_+1_soft_0.360,pipeline_soft,0.36,0.00,19,27,11,11,0.3469,0.3713,0.2099,0.5222,0.2597,0.497,28439,26021,10845497,81051,109490,54460,26.99,13.08,6.84,vsize_+2_std_+1,6,4,4,0.01,3,2,200
vsize_+2_std_+1_soft_0.380,pipeline_soft,0.38,0.00,19,27,11,11,0.3469,0.3713,0.2099,0.5222,0.2597,0.497,28439,26021,10845497,81051,109490,54460,26.99,13.08,6.84,vsize_+2_std_+1,6,4,4,0.01,3,2,200
vsize_+2_std_+1_soft_0.400,pipeline_soft,0.4,0.00,19,27,11,11,0.3469,0.3713,0.2099,0.5222,0.2597,0.497,28439,26021,10845497,81051,109490,54460,26.99,13.08,6.84,vsize_+2_std_+1,6,4,4,0.01,3,2,200
vsize_+2_std_+1_soft_0.420,pipeline_soft,0.42,0.00,19,27,11,11,0.3469,0.3713,0.2099,0.5222,0.2597,0.497,28439,26021,10845497,81051,109490,54460,26.99,13.08,6.84,vsize_+2_std_+1,6,4,4,0.01,3,2,200
vsize_+2_std_+1_soft_0.440,pipeline_soft,0.44,0.00,19,27,11,11,0.3469,0.3713,0.2099,0.5222,0.2597,0.497,28439,26021,10845497,81051,109490,54460,26.99,13.08,6.84,vsize_+2_std_+1,6,4,4,0.01,3,2,200
vsize_+2_std_+1_soft_0.460,pipeline_soft,0.46,0.00,19,27,11,11,0.3469,0.3713,0.2099,0.5222,0.2597,0.497,28439,26021,10845497,81051,109490,54460,26.99,13.08,6.84,vsize_+2_std_+1,6,4,4,0.01,3,2,200
vsize_+2_std_+1_soft_0.480,pipeline_soft,0.48,0.00,19,27,11,11,0.3469,0.3713,0.2099,0.5222,0.2597,0.497,28439,26021,10845497,81051,109490,54460,26.99,13.08,6.84,vsize_+2_std_+1,6,4,4,0.01,3,2,200
vsize_+2_std_+1_soft_0.500,pipeline_soft,0.5,0.00,19,27,11,11,0.3469,0.3713,0.2099,0.5222,0.2597,0.497,28439,26021,10845497,81051,109490,54460,26.99,13.08,6.84,vsize_+2_std_+1,6,4,4,0.01,3,2,200
vsize_+2_std_+1_soft_0.520,pipeline_soft,0.52,0.00,19,27,11,11,0.3469,0.3713,0.2099,0.5222,0.2597,0.497,28439,26021,10845497,81051,109490,54460,26.99,13.08,6.84,vsize_+2_std_+1,6,4,4,0.01,3,2,200
vsize_+2_std_+1_soft_0.540,pipeline_soft,0.54,0.00,19,27,11,11,0.3469,0.3713,0.2099,0.5222,0.2597,0.497,28439,26021,10845497,81051,109490,54460,26.99,13.08,6.84,vsize_+2_std_+1,6,4,4,0.01,3,2,200
vsize_+2_std_+1_soft_0.560,pipeline_soft,0.56,0.00,19,27,11,11,0.3469,0.3713,0.2099,0.5222,0.2597,0.497,28439,26021,10845497,81051,109490,54460,26.99,13.08,6.84,vsize_+2_std_+1,6,4,4,0.01,3,2,200
vsize_+2_std_+1_soft_0.580,pipeline_soft,0.58,0.00,19,27,11,11,0.3469,0.3713,0.2099,0.5222,0.2597,0.497,28439,26021,10845497,81051,109490,54460,26.99,13.08,6.84,vsize_+2_std_+1,6,4,4,0.01,3,2,200
vsize_+2_std_+1_soft_0.600,pipeline_soft,0.6,0.00,19,27,11,11,0.3469,0.3713,0.2099,0.5222,0.2597,0.497,28439,26021,10845497,81051,109490,54460,26.99,13.08,6.84,vsize_+2_std_+1,6,4,4,0.01,3,2,200
vsize_+2_std_+1_soft_0.620,pipeline_soft,0.62,0.00,19,27,11,11,0.3469,0.3713,0.2099,0.5222,0.2597,0.497,28439,26021,10845497,81051,109490,54460,26.99,13.08,6.84,vsize_+2_std_+1,6,4,4,0.01,3,2,200
vsize_+2_std_+1_soft_0.640,pipeline_soft,0.64,0.00,19,27,11,11,0.3469,0.3713,0.2099,0.5222,0.2597,0.497,28439,26021,10845497,81051,109490,54460,26.99,13.08,6.84,vsize_+2_std_+1,6,4,4,0.01,3,2,200
vsize_+2_std_+1_soft_0.660,pipeline_soft,0.66,0.00,19,27,11,11,0.3469,0.3713,0.2099,0.5222,0.2597,0.497,28439,26021,10845497,81051,109490,54460,26.99,13.08,6.84,vsize_+2_std_+1,6,4,4,0.01,3,2,200
vsize_+2_std_+1_soft_0.680,pipeline_soft,0.68,0.00,17,27,11,11,0.2693,0.2801,0.1556,0.6911,0.1672,0.242,18307,8182,10863336,91183,109490,26489,26.99,6.19,4.24,vsize_+2_std_+1,6,4,4,0.01,3,2,200
vsize_+2_std_+1_soft_0.700,pipeline_soft,0.7,0.00,17,27,11,11,0.2693,0.2801,0.1556,0.6911,0.1672,0.242,18307,8182,10863336,91183,109490,26489,26.99,6.19,4.24,vsize_+2_std_+1,6,4,4,0.01,3,2,200
vsize_+2_std_+1_soft_0.720,pipeline_soft,0.72,0.00,17,27,11,11,0.2693,0.2801,0.1556,0.6911,0.1672,0.242,18307,8182,10863336,91183,109490,26489,26.99,6.19,4.24,vsize_+2_std_+1,6,4,4,0.01,3,2,200
vsize_+2_std_+1_soft_0.740,pipeline_soft,0.74,0.00,17,27,11,11,0.2693,0.2801,0.1556,0.6911,0.1672,0.242,18307,8182,10863336,91183,109490,26489,26.99,6.19,4.24,vsize_+2_std_+1,6,4,4,0.01,3,2,200
vsize_+2_std_+1_soft_0.760,pipeline_soft,0.76,0.00,17,27,11,11,0.2693,0.2801,0.1556,0.6911,0.1672,0.242,18307,8182,10863336,91183,109490,26489,26.99,6.19,4.24,vsize_+2_std_+1,6,4,4,0.01,3,2,200
vsize_+2_std_+1_soft_0.780,pipeline_soft,0.78,0.00,17,27,11,11,0.2693,0.2801,0.1556,0.6911,0.1672,0.242,18307,8182,10863336,91183,109490,26489,26.99,6.19,4.24,vsize_+2_std_+1,6,4,4,0.01,3,2,200
vsize_+2_std_+1_soft_0.800,pipeline_soft,0.8,0.00,17,27,11,11,0.2693,0.2801,0.1556,0.6911,0.1672,0.242,18307,8182,10863336,91183,109490,26489,26.99,6.19,4.24,vsize_+2_std_+1,6,4,4,0.01,3,2,200
vsize_+2_std_+1_soft_0.820,pipeline_soft,0.82,0.00,17,27,11,11,0.2693,0.2801,0.1556,0.6911,0.1672,0.242,18307,8182,10863336,91183,109490,26489,26.99,6.19,4.24,vsize_+2_std_+1,6,4,4,0.01,3,2,200
vsize_+2_std_+1_soft_0.840,pipeline_soft,0.84,0.00,17,27,11,11,0.2693,0.2801,0.1556,0.6911,0.1672,0.242,18307,8182,10863336,91183,109490,26489,26.99,6.19,4.24,vsize_+2_std_+1,6,4,4,0.01,3,2,200
vsize_+2_std_+1_soft_0.860,pipeline_soft,0.86,0.00,17,27,11,11,0.2693,0.2801,0.1556,0.6911,0.1672,0.242,18307,8182,10863336,91183,109490,26489,26.99,6.19,4.24,vsize_+2_std_+1,6,4,4,0.01,3,2,200
vsize_+2_std_+1_soft_0.880,pipeline_soft,0.88,0.00,17,27,11,11,0.2693,0.2801,0.1556,0.6911,0.1672,0.242,18307,8182,10863336,91183,109490,26489,26.99,6.19,4.24,vsize_+2_std_+1,6,4,4,0.01,3,2,200
vsize_+2_std_+1_soft_0.900,pipeline_soft,0.9,0.00,17,27,11,11,0.2693,0.2801,0.1556,0.6911,0.1672,0.242,18307,8182,10863336,91183,109490,26489,26.99,6.19,4.24,vsize_+2_std_+1,6,4,4,0.01,3,2,200
vsize_+2_std_+1_soft_0.920,pipeline_soft,0.92,0.00,17,27,11,11,0.2693,0.2801,0.1556,0.6911,0.1672,0.242,18307,8182,10863336,91183,109490,26489,26.99,6.19,4.24,vsize_+2_std_+1,6,4,4,0.01,3,2,200
vsize_+2_std_+1_soft_0.940,pipeline_soft,0.94,0.00,17,27,11,11,0.2693,0.2801,0.1556,0.6911,0.1672,0.242,18307,8182,10863336,91183,109490,26489,26.99,6.19,4.24,vsize_+2_std_+1,6,4,4,0.01,3,2,200
vsize_+2_std_+1_soft_0.960,pipeline_soft,0.96,0.00,17,27,11,11,0.2693,0.2801,0.1556,0.6911,0.1672,0.242,18307,8182,10863336,91183,109490,26489,26.99,6.19,4.24,vsize_+2_std_+1,6,4,4,0.01,3,2,200
vsize_+2_std_+1_soft_0.980,pipeline_soft,0.98,0.00,17,27,11,11,0.2693,0.2801,0.1556,0.6911,0.1672,0.242,18307,8182,10863336,91183,109490,26489,26.99,6.19,4.24,vsize_+2_std_+1,6,4,4,0.01,3,2,200
vsize_+4_std_+3_soft_0.000,pipeline_soft,0.0,0.00,25,27,11,11,0.3057,0.3675,0.1805,0.2531,0.3860,1.525,42265,124721,10746797,67225,109490,166986,26.99,31.12,10.12,vsize_+4_std_+3,8,6,4,0.01,3,2,200
vsize_+4_std_+3_soft_0.020,pipeline_soft,0.02,0.00,25,27,11,11,0.3057,0.3675,0.1805,0.2531,0.3860,1.525,42265,124721,10746797,67225,109490,166986,26.99,31.12,10.12,vsize_+4_std_+3,8,6,4,0.01,3,2,200
vsize_+4_std_+3_soft_0.040,pipeline_soft,0.04,0.00,25,27,11,11,0.3057,0.3675,0.1805,0.2531,0.3860,1.525,42265,124721,10746797,67225,109490,166986,26.99,31.12,10.12,vsize_+4_std_+3,8,6,4,0.01,3,2,200
vsize_+4_std_+3_soft_0.060,pipeline_soft,0.06,0.00,25,27,11,11,0.3057,0.3675,0.1805,0.2531,0.3860,1.525,42265,124721,10746797,67225,109490,166986,26.99,31.12,10.12,vsize_+4_std_+3,8,6,4,0.01,3,2,200
vsize_+4_std_+3_soft_0.080,pipeline_soft,0.08,0.00,25,27,11,11,0.3057,0.3675,0.1805,0.2531,0.3860,1.525,42265,124721,10746797,67225,109490,166986,26.99,31.12,10.12,vsize_+4_std_+3,8,6,4,0.01,3,2,200
vsize_+4_std_+3_soft_0.100,pipeline_soft,0.1,0.00,25,27,11,11,0.3057,0.3675,0.1805,0.2531,0.3860,1.525,42265,124721,10746797,67225,109490,166986,26.99,31.12,10.12,vsize_+4_std_+3,8,6,4,0.01,3,2,200
vsize_+4_std_+3_soft_0.120,pipeline_soft,0.12,0.00,25,27,11,11,0.3057,0.3675,0.1805,0.2531,0.3860,1.525,42265,124721,10746797,67225,109490,166986,26.99,31.12,10.12,vsize_+4_std_+3,8,6,4,0.01,3,2,200
vsize_+4_std_+3_soft_0.140,pipeline_soft,0.14,0.00,25,27,11,11,0.3057,0.3675,0.1805,0.2531,0.3860,1.525,42265,124721,10746797,67225,109490,166986,26.99,31.12,10.12,vsize_+4_std_+3,8,6,4,0.01,3,2,200
vsize_+4_std_+3_soft_0.160,pipeline_soft,0.16,0.00,25,27,11,11,0.3057,0.3675,0.1805,0.2531,0.3860,1.525,42265,124721,10746797,67225,109490,166986,26.99,31.12,10.12,vsize_+4_std_+3,8,6,4,0.01,3,2,200
vsize_+4_std_+3_soft_0.180,pipeline_soft,0.18,0.00,25,27,11,11,0.3057,0.3675,0.1805,0.2531,0.3860,1.525,42265,124721,10746797,67225,109490,166986,26.99,31.12,10.12,vsize_+4_std_+3,8,6,4,0.01,3,2,200
vsize_+4_std_+3_soft_0.200,pipeline_soft,0.2,0.00,25,27,11,11,0.3057,0.3675,0.1805,0.2531,0.3860,1.525,42265,124721,10746797,67225,109490,166986,26.99,31.12,10.12,vsize_+4_std_+3,8,6,4,0.01,3,2,200
vsize_+4_std_+3_soft_0.220,pipeline_soft,0.22,0.00,25,27,11,11,0.3057,0.3675,0.1805,0.2531,0.3860,1.525,42265,124721,10746797,67225,109490,166986,26.99,31.12,10.12,vsize_+4_std_+3,8,6,4,0.01,3,2,200
vsize_+4_std_+3_soft_0.240,pipeline_soft,0.24,0.00,25,27,11,11,0.3057,0.3675,0.1805,0.2531,0.3860,1.525,42265,124721,10746797,67225,109490,166986,26.99,31.12,10.12,vsize_+4_std_+3,8,6,4,0.01,3,2,200
vsize_+4_std_+3_soft_0.260,pipeline_soft,0.26,0.00,25,27,11,11,0.3057,0.3675,0.1805,0.2531,0.3860,1.525,42265,124721,10746797,67225,109490,166986,26.99,31.12,10.12,vsize_+4_std_+3,8,6,4,0.01,3,2,200
vsize_+4_std_+3_soft_0.280,pipeline_soft,0.28,0.00,25,27,11,11,0.3057,0.3675,0.1805,0.2531,0.3860,1.525,42265,124721,10746797,67225,109490,166986,26.99,31.12,10.12,vsize_+4_std_+3,8,6,4,0.01,3,2,200
vsize_+4_std_+3_soft_0.300,pipeline_soft,0.3,0.00,25,27,11,11,0.3057,0.3675,0.1805,0.2531,0.3860,1.525,42265,124721,10746797,67225,109490,166986,26.99,31.12,10.12,vsize_+4_std_+3,8,6,4,0.01,3,2,200
vsize_+4_std_+3_soft_0.320,pipeline_soft,0.32,0.00,25,27,11,11,0.3057,0.3675,0.1805,0.2531,0.3860,1.525,42265,124721,10746797,67225,109490,166986,26.99,31.12,10.12,vsize_+4_std_+3,8,6,4,0.01,3,2,200
vsize_+4_std_+3_soft_0.340,pipeline_soft,0.34,0.00,20,27,11,11,0.3277,0.3560,0.1960,0.3903,0.2824,0.724,30925,48308,10823210,78565,109490,79233,26.99,15.12,6.79,vsize_+4_std_+3,8,6,4,0.01,3,2,200
vsize_+4_std_+3_soft_0.360,pipeline_soft,0.36,0.00,20,27,11,11,0.3277,0.3560,0.1960,0.3903,0.2824,0.724,30925,48308,10823210,78565,109490,79233,26.99,15.12,6.79,vsize_+4_std_+3,8,6,4,0.01,3,2,200
vsize_+4_std_+3_soft_0.380,pipeline_soft,0.38,0.00,20,27,11,11,0.3277,0.3560,0.1960,0.3903,0.2824,0.724,30925,48308,10823210,78565,109490,79233,26.99,15.12,6.79,vsize_+4_std_+3,8,6,4,0.01,3,2,200
vsize_+4_std_+3_soft_0.400,pipeline_soft,0.4,0.00,20,27,11,11,0.3277,0.3560,0.1960,0.3903,0.2824,0.724,30925,48308,10823210,78565,109490,79233,26.99,15.12,6.79,vsize_+4_std_+3,8,6,4,0.01,3,2,200
vsize_+4_std_+3_soft_0.420,pipeline_soft,0.42,0.00,20,27,11,11,0.3277,0.3560,0.1960,0.3903,0.2824,0.724,30925,48308,10823210,78565,109490,79233,26.99,15.12,6.79,vsize_+4_std_+3,8,6,4,0.01,3,2,200
vsize_+4_std_+3_soft_0.440,pipeline_soft,0.44,0.00,20,27,11,11,0.3277,0.3560,0.1960,0.3903,0.2824,0.724,30925,48308,10823210,78565,109490,79233,26.99,15.12,6.79,vsize_+4_std_+3,8,6,4,0.01,3,2,200
vsize_+4_std_+3_soft_0.460,pipeline_soft,0.46,0.00,20,27,11,11,0.3277,0.3560,0.1960,0.3903,0.2824,0.724,30925,48308,10823210,78565,109490,79233,26.99,15.12,6.79,vsize_+4_std_+3,8,6,4,0.01,3,2,200
vsize_+4_std_+3_soft_0.480,pipeline_soft,0.48,0.00,20,27,11,11,0.3277,0.3560,0.1960,0.3903,0.2824,0.724,30925,48308,10823210,78565,109490,79233,26.99,15.12,6.79,vsize_+4_std_+3,8,6,4,0.01,3,2,200
vsize_+4_std_+3_soft_0.500,pipeline_soft,0.5,0.00,20,27,11,11,0.3277,0.3560,0.1960,0.3903,0.2824,0.724,30925,48308,10823210,78565,109490,79233,26.99,15.12,6.79,vsize_+4_std_+3,8,6,4,0.01,3,2,200
vsize_+4_std_+3_soft_0.520,pipeline_soft,0.52,0.00,20,27,11,11,0.3277,0.3560,0.1960,0.3903,0.2824,0.724,30925,48308,10823210,78565,109490,79233,26.99,15.12,6.79,vsize_+4_std_+3,8,6,4,0.01,3,2,200
vsize_+4_std_+3_soft_0.540,pipeline_soft,0.54,0.00,20,27,11,11,0.3277,0.3560,0.1960,0.3903,0.2824,0.724,30925,48308,10823210,78565,109490,79233,26.99,15.12,6.79,vsize_+4_std_+3,8,6,4,0.01,3,2,200
vsize_+4_std_+3_soft_0.560,pipeline_soft,0.56,0.00,20,27,11,11,0.3277,0.3560,0.1960,0.3903,0.2824,0.724,30925,48308,10823210,78565,109490,79233,26.99,15.12,6.79,vsize_+4_std_+3,8,6,4,0.01,3,2,200
vsize_+4_std_+3_soft_0.580,pipeline_soft,0.58,0.00,20,27,11,11,0.3277,0.3560,0.1960,0.3903,0.2824,0.724,30925,48308,10823210,78565,109490,79233,26.99,15.12,6.79,vsize_+4_std_+3,8,6,4,0.01,3,2,200
vsize_+4_std_+3_soft_0.600,pipeline_soft,0.6,0.00,20,27,11,11,0.3277,0.3560,0.1960,0.3903,0.2824,0.724,30925,48308,10823210,78565,109490,79233,26.99,15.12,6.79,vsize_+4_std_+3,8,6,4,0.01,3,2,200
vsize_+4_std_+3_soft_0.620,pipeline_soft,0.62,0.00,20,27,11,11,0.3277,0.3560,0.1960,0.3903,0.2824,0.724,30925,48308,10823210,78565,109490,79233,26.99,15.12,6.79,vsize_+4_std_+3,8,6,4,0.01,3,2,200
vsize_+4_std_+3_soft_0.640,pipeline_soft,0.64,0.00,20,27,11,11,0.3277,0.3560,0.1960,0.3903,0.2824,0.724,30925,48308,10823210,78565,109490,79233,26.99,15.12,6.79,vsize_+4_std_+3,8,6,4,0.01,3,2,200
vsize_+4_std_+3_soft_0.660,pipeline_soft,0.66,0.00,20,27,11,11,0.3277,0.3560,0.1960,0.3903,0.2824,0.724,30925,48308,10823210,78565,109490,79233,26.99,15.12,6.79,vsize_+4_std_+3,8,6,4,0.01,3,2,200
vsize_+4_std_+3_soft_0.680,pipeline_soft,0.68,0.00,14,27,11,11,0.2466,0.2233,0.1407,0.7733,0.1467,0.190,16063,4708,10866810,93427,109490,20771,26.99,3.91,3.22,vsize_+4_std_+3,8,6,4,0.01,3,2,200
vsize_+4_std_+3_soft_0.700,pipeline_soft,0.7,0.00,14,27,11,11,0.2466,0.2233,0.1407,0.7733,0.1467,0.190,16063,4708,10866810,93427,109490,20771,26.99,3.91,3.22,vsize_+4_std_+3,8,6,4,0.01,3,2,200
vsize_+4_std_+3_soft_0.720,pipeline_soft,0.72,0.00,14,27,11,11,0.2466,0.2233,0.1407,0.7733,0.1467,0.190,16063,4708,10866810,93427,109490,20771,26.99,3.91,3.22,vsize_+4_std_+3,8,6,4,0.01,3,2,200
vsize_+4_std_+3_soft_0.740,pipeline_soft,0.74,0.00,14,27,11,11,0.2466,0.2233,0.1407,0.7733,0.1467,0.190,16063,4708,10866810,93427,109490,20771,26.99,3.91,3.22,vsize_+4_std_+3,8,6,4,0.01,3,2,200
vsize_+4_std_+3_soft_0.760,pipeline_soft,0.76,0.00,14,27,11,11,0.2466,0.2233,0.1407,0.7733,0.1467,0.190,16063,4708,10866810,93427,109490,20771,26.99,3.91,3.22,vsize_+4_std_+3,8,6,4,0.01,3,2,200
vsize_+4_std_+3_soft_0.780,pipeline_soft,0.78,0.00,14,27,11,11,0.2466,0.2233,0.1407,0.7733,0.1467,0.190,16063,4708,10866810,93427,109490,20771,26.99,3.91,3.22,vsize_+4_std_+3,8,6,4,0.01,3,2,200
vsize_+4_std_+3_soft_0.800,pipeline_soft,0.8,0.01,14,27,11,11,0.2466,0.2233,0.1407,0.7733,0.1467,0.190,16063,4708,10866810,93427,109490,20771,26.99,3.91,3.22,vsize_+4_std_+3,8,6,4,0.01,3,2,200
vsize_+4_std_+3_soft_0.820,pipeline_soft,0.82,0.00,14,27,11,11,0.2466,0.2233,0.1407,0.7733,0.1467,0.190,16063,4708,10866810,93427,109490,20771,26.99,3.91,3.22,vsize_+4_std_+3,8,6,4,0.01,3,2,200
vsize_+4_std_+3_soft_0.840,pipeline_soft,0.84,0.00,14,27,11,11,0.2466,0.2233,0.1407,0.7733,0.1467,0.190,16063,4708,10866810,93427,109490,20771,26.99,3.91,3.22,vsize_+4_std_+3,8,6,4,0.01,3,2,200
vsize_+4_std_+3_soft_0.860,pipeline_soft,0.86,0.00,14,27,11,11,0.2466,0.2233,0.1407,0.7733,0.1467,0.190,16063,4708,10866810,93427,109490,20771,26.99,3.91,3.22,vsize_+4_std_+3,8,6,4,0.01,3,2,200
vsize_+4_std_+3_soft_0.880,pipeline_soft,0.88,0.00,14,27,11,11,0.2466,0.2233,0.1407,0.7733,0.1467,0.190,16063,4708,10866810,93427,109490,20771,26.99,3.91,3.22,vsize_+4_std_+3,8,6,4,0.01,3,2,200
vsize_+4_std_+3_soft_0.900,pipeline_soft,0.9,0.01,14,27,11,11,0.2466,0.2233,0.1407,0.7733,0.1467,0.190,16063,4708,10866810,93427,109490,20771,26.99,3.91,3.22,vsize_+4_std_+3,8,6,4,0.01,3,2,200
vsize_+4_std_+3_soft_0.920,pipeline_soft,0.92,0.00,14,27,11,11,0.2466,0.2233,0.1407,0.7733,0.1467,0.190,16063,4708,10866810,93427,109490,20771,26.99,3.91,3.22,vsize_+4_std_+3,8,6,4,0.01,3,2,200
vsize_+4_std_+3_soft_0.940,pipeline_soft,0.94,0.00,14,27,11,11,0.2466,0.2233,0.1407,0.7733,0.1467,0.190,16063,4708,10866810,93427,109490,20771,26.99,3.91,3.22,vsize_+4_std_+3,8,6,4,0.01,3,2,200
vsize_+4_std_+3_soft_0.960,pipeline_soft,0.96,0.00,14,27,11,11,0.2466,0.2233,0.1407,0.7733,0.1467,0.190,16063,4708,10866810,93427,109490,20771,26.99,3.91,3.22,vsize_+4_std_+3,8,6,4,0.01,3,2,200
vsize_+4_std_+3_soft_0.980,pipeline_soft,0.98,0.00,14,27,11,11,0.2466,0.2233,0.1407,0.7733,0.1467,0.190,16063,4708,10866810,93427,109490,20771,26.99,3.91,3.22,vsize_+4_std_+3,8,6,4,0.01,3,2,200
vsize_+6_std_+4_soft_0.000,pipeline_soft,0.0,0.00,25,27,10,11,0.2540,0.3538,0.1455,0.1746,0.4663,2.672,51057,241446,10630072,58433,109490,292503,26.99,35.52,10.26,vsize_+6_std_+4,10,7,4,0.01,3,2,200
vsize_+6_std_+4_soft_0.020,pipeline_soft,0.02,0.00,25,27,10,11,0.2540,0.3538,0.1455,0.1746,0.4663,2.672,51057,241446,10630072,58433,109490,292503,26.99,35.52,10.26,vsize_+6_std_+4,10,7,4,0.01,3,2,200
vsize_+6_std_+4_soft_0.040,pipeline_soft,0.04,0.00,25,27,10,11,0.2540,0.3538,0.1455,0.1746,0.4663,2.672,51057,241446,10630072,58433,109490,292503,26.99,35.52,10.26,vsize_+6_std_+4,10,7,4,0.01,3,2,200
vsize_+6_std_+4_soft_0.060,pipeline_soft,0.06,0.00,25,27,10,11,0.2540,0.3538,0.1455,0.1746,0.4663,2.672,51057,241446,10630072,58433,109490,292503,26.99,35.52,10.26,vsize_+6_std_+4,10,7,4,0.01,3,2,200
vsize_+6_std_+4_soft_0.080,pipeline_soft,0.08,0.00,25,27,10,11,0.2540,0.3538,0.1455,0.1746,0.4663,2.672,51057,241446,10630072,58433,109490,292503,26.99,35.52,10.26,vsize_+6_std_+4,10,7,4,0.01,3,2,200
vsize_+6_std_+4_soft_0.100,pipeline_soft,0.1,0.00,25,27,10,11,0.2540,0.3538,0.1455,0.1746,0.4663,2.672,51057,241446,10630072,58433,109490,292503,26.99,35.52,10.26,vsize_+6_std_+4,10,7,4,0.01,3,2,200
vsize_+6_std_+4_soft_0.120,pipeline_soft,0.12,0.00,25,27,10,11,0.2540,0.3538,0.1455,0.1746,0.4663,2.672,51057,241446,10630072,58433,109490,292503,26.99,35.52,10.26,vsize_+6_std_+4,10,7,4,0.01,3,2,200
vsize_+6_std_+4_soft_0.140,pipeline_soft,0.14,0.00,25,27,10,11,0.2540,0.3538,0.1455,0.1746,0.4663,2.672,51057,241446,10630072,58433,109490,292503,26.99,35.52,10.26,vsize_+6_std_+4,10,7,4,0.01,3,2,200
vsize_+6_std_+4_soft_0.160,pipeline_soft,0.16,0.00,25,27,10,11,0.2540,0.3538,0.1455,0.1746,0.4663,2.672,51057,241446,10630072,58433,109490,292503,26.99,35.52,10.26,vsize_+6_std_+4,10,7,4,0.01,3,2,200
vsize_+6_std_+4_soft_0.180,pipeline_soft,0.18,0.00,25,27,10,11,0.2540,0.3538,0.1455,0.1746,0.4663,2.672,51057,241446,10630072,58433,109490,292503,26.99,35.52,10.26,vsize_+6_std_+4,10,7,4,0.01,3,2,200
vsize_+6_std_+4_soft_0.200,pipeline_soft,0.2,0.00,25,27,10,11,0.2540,0.3538,0.1455,0.1746,0.4663,2.672,51057,241446,10630072,58433,109490,292503,26.99,35.52,10.26,vsize_+6_std_+4,10,7,4,0.01,3,2,200
vsize_+6_std_+4_soft_0.220,pipeline_soft,0.22,0.00,25,27,10,11,0.2540,0.3538,0.1455,0.1746,0.4663,2.672,51057,241446,10630072,58433,109490,292503,26.99,35.52,10.26,vsize_+6_std_+4,10,7,4,0.01,3,2,200
vsize_+6_std_+4_soft_0.240,pipeline_soft,0.24,0.00,25,27,10,11,0.2540,0.3538,0.1455,0.1746,0.4663,2.672,51057,241446,10630072,58433,109490,292503,26.99,35.52,10.26,vsize_+6_std_+4,10,7,4,0.01,3,2,200
vsize_+6_std_+4_soft_0.260,pipeline_soft,0.26,0.00,25,27,10,11,0.2540,0.3538,0.1455,0.1746,0.4663,2.672,51057,241446,10630072,58433,109490,292503,26.99,35.52,10.26,vsize_+6_std_+4,10,7,4,0.01,3,2,200
vsize_+6_std_+4_soft_0.280,pipeline_soft,0.28,0.00,25,27,10,11,0.2540,0.3538,0.1455,0.1746,0.4663,2.672,51057,241446,10630072,58433,109490,292503,26.99,35.52,10.26,vsize_+6_std_+4,10,7,4,0.01,3,2,200
vsize_+6_std_+4_soft_0.300,pipeline_soft,0.3,0.00,25,27,10,11,0.2540,0.3538,0.1455,0.1746,0.4663,2.672,51057,241446,10630072,58433,109490,292503,26.99,35.52,10.26,vsize_+6_std_+4,10,7,4,0.01,3,2,200
vsize_+6_std_+4_soft_0.320,pipeline_soft,0.32,0.00,25,27,10,11,0.2540,0.3538,0.1455,0.1746,0.4663,2.672,51057,241446,10630072,58433,109490,292503,26.99,35.52,10.26,vsize_+6_std_+4,10,7,4,0.01,3,2,200
vsize_+6_std_+4_soft_0.340,pipeline_soft,0.34,0.00,16,27,11,11,0.2915,0.3046,0.1706,0.2979,0.2854,0.958,31244,73644,10797874,78246,109490,104888,26.99,15.34,5.70,vsize_+6_std_+4,10,7,4,0.01,3,2,200
vsize_+6_std_+4_soft_0.360,pipeline_soft,0.36,0.00,16,27,11,11,0.2915,0.3046,0.1706,0.2979,0.2854,0.958,31244,73644,10797874,78246,109490,104888,26.99,15.34,5.70,vsize_+6_std_+4,10,7,4,0.01,3,2,200
vsize_+6_std_+4_soft_0.380,pipeline_soft,0.38,0.00,16,27,11,11,0.2915,0.3046,0.1706,0.2979,0.2854,0.958,31244,73644,10797874,78246,109490,104888,26.99,15.34,5.70,vsize_+6_std_+4,10,7,4,0.01,3,2,200
vsize_+6_std_+4_soft_0.400,pipeline_soft,0.4,0.01,16,27,11,11,0.2915,0.3046,0.1706,0.2979,0.2854,0.958,31244,73644,10797874,78246,109490,104888,26.99,15.34,5.70,vsize_+6_std_+4,10,7,4,0.01,3,2,200
vsize_+6_std_+4_soft_0.420,pipeline_soft,0.42,0.00,16,27,11,11,0.2915,0.3046,0.1706,0.2979,0.2854,0.958,31244,73644,10797874,78246,109490,104888,26.99,15.34,5.70,vsize_+6_std_+4,10,7,4,0.01,3,2,200
vsize_+6_std_+4_soft_0.440,pipeline_soft,0.44,0.00,16,27,11,11,0.2915,0.3046,0.1706,0.2979,0.2854,0.958,31244,73644,10797874,78246,109490,104888,26.99,15.34,5.70,vsize_+6_std_+4,10,7,4,0.01,3,2,200
vsize_+6_std_+4_soft_0.460,pipeline_soft,0.46,0.00,16,27,11,11,0.2915,0.3046,0.1706,0.2979,0.2854,0.958,31244,73644,10797874,78246,109490,104888,26.99,15.34,5.70,vsize_+6_std_+4,10,7,4,0.01,3,2,200
vsize_+6_std_+4_soft_0.480,pipeline_soft,0.48,0.00,16,27,11,11,0.2915,0.3046,0.1706,0.2979,0.2854,0.958,31244,73644,10797874,78246,109490,104888,26.99,15.34,5.70,vsize_+6_std_+4,10,7,4,0.01,3,2,200
vsize_+6_std_+4_soft_0.500,pipeline_soft,0.5,0.00,16,27,11,11,0.2915,0.3046,0.1706,0.2979,0.2854,0.958,31244,73644,10797874,78246,109490,104888,26.99,15.34,5.70,vsize_+6_std_+4,10,7,4,0.01,3,2,200
vsize_+6_std_+4_soft_0.520,pipeline_soft,0.52,0.00,16,27,11,11,0.2915,0.3046,0.1706,0.2979,0.2854,0.958,31244,73644,10797874,78246,109490,104888,26.99,15.34,5.70,vsize_+6_std_+4,10,7,4,0.01,3,2,200
vsize_+6_std_+4_soft_0.540,pipeline_soft,0.54,0.00,16,27,11,11,0.2915,0.3046,0.1706,0.2979,0.2854,0.958,31244,73644,10797874,78246,109490,104888,26.99,15.34,5.70,vsize_+6_std_+4,10,7,4,0.01,3,2,200
vsize_+6_std_+4_soft_0.560,pipeline_soft,0.56,0.00,16,27,11,11,0.2915,0.3046,0.1706,0.2979,0.2854,0.958,31244,73644,10797874,78246,109490,104888,26.99,15.34,5.70,vsize_+6_std_+4,10,7,4,0.01,3,2,200
vsize_+6_std_+4_soft_0.580,pipeline_soft,0.58,0.00,16,27,11,11,0.2915,0.3046,0.1706,0.2979,0.2854,0.958,31244,73644,10797874,78246,109490,104888,26.99,15.34,5.70,vsize_+6_std_+4,10,7,4,0.01,3,2,200
vsize_+6_std_+4_soft_0.600,pipeline_soft,0.6,0.00,16,27,11,11,0.2915,0.3046,0.1706,0.2979,0.2854,0.958,31244,73644,10797874,78246,109490,104888,26.99,15.34,5.70,vsize_+6_std_+4,10,7,4,0.01,3,2,200
vsize_+6_std_+4_soft_0.620,pipeline_soft,0.62,0.00,16,27,11,11,0.2915,0.3046,0.1706,0.2979,0.2854,0.958,31244,73644,10797874,78246,109490,104888,26.99,15.34,5.70,vsize_+6_std_+4,10,7,4,0.01,3,2,200
vsize_+6_std_+4_soft_0.640,pipeline_soft,0.64,0.00,16,27,11,11,0.2915,0.3046,0.1706,0.2979,0.2854,0.958,31244,73644,10797874,78246,109490,104888,26.99,15.34,5.70,vsize_+6_std_+4,10,7,4,0.01,3,2,200
vsize_+6_std_+4_soft_0.660,pipeline_soft,0.66,0.00,16,27,11,11,0.2915,0.3046,0.1706,0.2979,0.2854,0.958,31244,73644,10797874,78246,109490,104888,26.99,15.34,5.70,vsize_+6_std_+4,10,7,4,0.01,3,2,200
vsize_+6_std_+4_soft_0.680,pipeline_soft,0.68,0.00,12,27,11,11,0.2334,0.2189,0.1321,0.5897,0.1455,0.247,15926,11081,10860437,93564,109490,27007,26.99,4.24,3.02,vsize_+6_std_+4,10,7,4,0.01,3,2,200
vsize_+6_std_+4_soft_0.700,pipeline_soft,0.7,0.00,12,27,11,11,0.2334,0.2189,0.1321,0.5897,0.1455,0.247,15926,11081,10860437,93564,109490,27007,26.99,4.24,3.02,vsize_+6_std_+4,10,7,4,0.01,3,2,200
vsize_+6_std_+4_soft_0.720,pipeline_soft,0.72,0.00,12,27,11,11,0.2334,0.2189,0.1321,0.5897,0.1455,0.247,15926,11081,10860437,93564,109490,27007,26.99,4.24,3.02,vsize_+6_std_+4,10,7,4,0.01,3,2,200
vsize_+6_std_+4_soft_0.740,pipeline_soft,0.74,0.00,12,27,11,11,0.2334,0.2189,0.1321,0.5897,0.1455,0.247,15926,11081,10860437,93564,109490,27007,26.99,4.24,3.02,vsize_+6_std_+4,10,7,4,0.01,3,2,200
vsize_+6_std_+4_soft_0.760,pipeline_soft,0.76,0.00,12,27,11,11,0.2334,0.2189,0.1321,0.5897,0.1455,0.247,15926,11081,10860437,93564,109490,27007,26.99,4.24,3.02,vsize_+6_std_+4,10,7,4,0.01,3,2,200
vsize_+6_std_+4_soft_0.780,pipeline_soft,0.78,0.00,12,27,11,11,0.2334,0.2189,0.1321,0.5897,0.1455,0.247,15926,11081,10860437,93564,109490,27007,26.99,4.24,3.02,vsize_+6_std_+4,10,7,4,0.01,3,2,200
vsize_+6_std_+4_soft_0.800,pipeline_soft,0.8,0.00,12,27,11,11,0.2334,0.2189,0.1321,0.5897,0.1455,0.247,15926,11081,10860437,93564,109490,27007,26.99,4.24,3.02,vsize_+6_std_+4,10,7,4,0.01,3,2,200
vsize_+6_std_+4_soft_0.820,pipeline_soft,0.82,0.00,12,27,11,11,0.2334,0.2189,0.1321,0.5897,0.1455,0.247,15926,11081,10860437,93564,109490,27007,26.99,4.24,3.02,vsize_+6_std_+4,10,7,4,0.01,3,2,200
vsize_+6_std_+4_soft_0.840,pipeline_soft,0.84,0.00,12,27,11,11,0.2334,0.2189,0.1321,0.5897,0.1455,0.247,15926,11081,10860437,93564,109490,27007,26.99,4.24,3.02,vsize_+6_std_+4,10,7,4,0.01,3,2,200
vsize_+6_std_+4_soft_0.860,pipeline_soft,0.86,0.00,12,27,11,11,0.2334,0.2189,0.1321,0.5897,0.1455,0.247,15926,11081,10860437,93564,109490,27007,26.99,4.24,3.02,vsize_+6_std_+4,10,7,4,0.01,3,2,200
vsize_+6_std_+4_soft_0.880,pipeline_soft,0.88,0.00,12,27,11,11,0.2334,0.2189,0.1321,0.5897,0.1455,0.247,15926,11081,10860437,93564,109490,27007,26.99,4.24,3.02,vsize_+6_std_+4,10,7,4,0.01,3,2,200
vsize_+6_std_+4_soft_0.900,pipeline_soft,0.9,0.00,12,27,11,11,0.2334,0.2189,0.1321,0.5897,0.1455,0.247,15926,11081,10860437,93564,109490,27007,26.99,4.24,3.02,vsize_+6_std_+4,10,7,4,0.01,3,2,200
vsize_+6_std_+4_soft_0.920,pipeline_soft,0.92,0.00,12,27,11,11,0.2334,0.2189,0.1321,0.5897,0.1455,0.247,15926,11081,10860437,93564,109490,27007,26.99,4.24,3.02,vsize_+6_std_+4,10,7,4,0.01,3,2,200
vsize_+6_std_+4_soft_0.940,pipeline_soft,0.94,0.00,12,27,11,11,0.2334,0.2189,0.1321,0.5897,0.1455,0.247,15926,11081,10860437,93564,109490,27007,26.99,4.24,3.02,vsize_+6_std_+4,10,7,4,0.01,3,2,200
vsize_+6_std_+4_soft_0.960,pipeline_soft,0.96,0.00,12,27,11,11,0.2334,0.2189,0.1321,0.5897,0.1455,0.247,15926,11081,10860437,93564,109490,27007,26.99,4.24,3.02,vsize_+6_std_+4,10,7,4,0.01,3,2,200
vsize_+6_std_+4_soft_0.980,pipeline_soft,0.98,0.00,12,27,11,11,0.2334,0.2189,0.1321,0.5897,0.1455,0.247,15926,11081,10860437,93564,109490,27007,26.99,4.24,3.02,vsize_+6_std_+4,10,7,4,0.01,3,2,200
strength_-1_soft_0.000,pipeline_soft,0.0,0.00,25,27,11,11,0.3681,0.4334,0.2255,0.4848,0.2966,0.612,32479,34519,10836999,77011,109490,66998,26.99,20.40,10.00,strength_-1,4,3,3,0.01,3,2,200
strength_-1_soft_0.020,pipeline_soft,0.02,0.00,25,27,11,11,0.3681,0.4334,0.2255,0.4848,0.2966,0.612,32479,34519,10836999,77011,109490,66998,26.99,20.40,10.00,strength_-1,4,3,3,0.01,3,2,200
strength_-1_soft_0.040,pipeline_soft,0.04,0.00,25,27,11,11,0.3681,0.4334,0.2255,0.4848,0.2966,0.612,32479,34519,10836999,77011,109490,66998,26.99,20.40,10.00,strength_-1,4,3,3,0.01,3,2,200
strength_-1_soft_0.060,pipeline_soft,0.06,0.00,25,27,11,11,0.3681,0.4334,0.2255,0.4848,0.2966,0.612,32479,34519,10836999,77011,109490,66998,26.99,20.40,10.00,strength_-1,4,3,3,0.01,3,2,200
strength_-1_soft_0.080,pipeline_soft,0.08,0.00,25,27,11,11,0.3681,0.4334,0.2255,0.4848,0.2966,0.612,32479,34519,10836999,77011,109490,66998,26.99,20.40,10.00,strength_-1,4,3,3,0.01,3,2,200
strength_-1_soft_0.100,pipeline_soft,0.1,0.00,25,27,11,11,0.3681,0.4334,0.2255,0.4848,0.2966,0.612,32479,34519,10836999,77011,109490,66998,26.99,20.40,10.00,strength_-1,4,3,3,0.01,3,2,200
strength_-1_soft_0.120,pipeline_soft,0.12,0.00,25,27,11,11,0.3681,0.4334,0.2255,0.4848,0.2966,0.612,32479,34519,10836999,77011,109490,66998,26.99,20.40,10.00,strength_-1,4,3,3,0.01,3,2,200
strength_-1_soft_0.140,pipeline_soft,0.14,0.00,25,27,11,11,0.3681,0.4334,0.2255,0.4848,0.2966,0.612,32479,34519,10836999,77011,109490,66998,26.99,20.40,10.00,strength_-1,4,3,3,0.01,3,2,200
strength_-1_soft_0.160,pipeline_soft,0.16,0.00,25,27,11,11,0.3681,0.4334,0.2255,0.4848,0.2966,0.612,32479,34519,10836999,77011,109490,66998,26.99,20.40,10.00,strength_-1,4,3,3,0.01,3,2,200
strength_-1_soft_0.180,pipeline_soft,0.18,0.00,25,27,11,11,0.3681,0.4334,0.2255,0.4848,0.2966,0.612,32479,34519,10836999,77011,109490,66998,26.99,20.40,10.00,strength_-1,4,3,3,0.01,3,2,200
strength_-1_soft_0.200,pipeline_soft,0.2,0.00,25,27,11,11,0.3681,0.4334,0.2255,0.4848,0.2966,0.612,32479,34519,10836999,77011,109490,66998,26.99,20.40,10.00,strength_-1,4,3,3,0.01,3,2,200
strength_-1_soft_0.220,pipeline_soft,0.22,0.00,25,27,11,11,0.3681,0.4334,0.2255,0.4848,0.2966,0.612,32479,34519,10836999,77011,109490,66998,26.99,20.40,10.00,strength_-1,4,3,3,0.01,3,2,200
strength_-1_soft_0.240,pipeline_soft,0.24,0.00,25,27,11,11,0.3681,0.4334,0.2255,0.4848,0.2966,0.612,32479,34519,10836999,77011,109490,66998,26.99,20.40,10.00,strength_-1,4,3,3,0.01,3,2,200
strength_-1_soft_0.260,pipeline_soft,0.26,0.00,25,27,11,11,0.3681,0.4334,0.2255,0.4848,0.2966,0.612,32479,34519,10836999,77011,109490,66998,26.99,20.40,10.00,strength_-1,4,3,3,0.01,3,2,200
strength_-1_soft_0.280,pipeline_soft,0.28,0.00,25,27,11,11,0.3681,0.4334,0.2255,0.4848,0.2966,0.612,32479,34519,10836999,77011,109490,66998,26.99,20.40,10.00,strength_-1,4,3,3,0.01,3,2,200
strength_-1_soft_0.300,pipeline_soft,0.3,0.00,25,27,11,11,0.3681,0.4334,0.2255,0.4848,0.2966,0.612,32479,34519,10836999,77011,109490,66998,26.99,20.40,10.00,strength_-1,4,3,3,0.01,3,2,200
strength_-1_soft_0.320,pipeline_soft,0.32,0.00,25,27,11,11,0.3681,0.4334,0.2255,0.4848,0.2966,0.612,32479,34519,10836999,77011,109490,66998,26.99,20.40,10.00,strength_-1,4,3,3,0.01,3,2,200
strength_-1_soft_0.340,pipeline_soft,0.34,0.00,18,27,11,11,0.2957,0.3255,0.1735,0.6241,0.1938,0.310,21214,12776,10858742,88276,109490,33990,26.99,10.03,5.71,strength_-1,4,3,3,0.01,3,2,200
strength_-1_soft_0.360,pipeline_soft,0.36,0.00,18,27,11,11,0.2957,0.3255,0.1735,0.6241,0.1938,0.310,21214,12776,10858742,88276,109490,33990,26.99,10.03,5.71,strength_-1,4,3,3,0.01,3,2,200
strength_-1_soft_0.380,pipeline_soft,0.38,0.00,18,27,11,11,0.2957,0.3255,0.1735,0.6241,0.1938,0.310,21214,12776,10858742,88276,109490,33990,26.99,10.03,5.71,strength_-1,4,3,3,0.01,3,2,200
strength_-1_soft_0.400,pipeline_soft,0.4,0.00,18,27,11,11,0.2957,0.3255,0.1735,0.6241,0.1938,0.310,21214,12776,10858742,88276,109490,33990,26.99,10.03,5.71,strength_-1,4,3,3,0.01,3,2,200
strength_-1_soft_0.420,pipeline_soft,0.42,0.00,18,27,11,11,0.2957,0.3255,0.1735,0.6241,0.1938,0.310,21214,12776,10858742,88276,109490,33990,26.99,10.03,5.71,strength_-1,4,3,3,0.01,3,2,200
strength_-1_soft_0.440,pipeline_soft,0.44,0.00,18,27,11,11,0.2957,0.3255,0.1735,0.6241,0.1938,0.310,21214,12776,10858742,88276,109490,33990,26.99,10.03,5.71,strength_-1,4,3,3,0.01,3,2,200
strength_-1_soft_0.460,pipeline_soft,0.46,0.00,18,27,11,11,0.2957,0.3255,0.1735,0.6241,0.1938,0.310,21214,12776,10858742,88276,109490,33990,26.99,10.03,5.71,strength_-1,4,3,3,0.01,3,2,200
strength_-1_soft_0.480,pipeline_soft,0.48,0.00,18,27,11,11,0.2957,0.3255,0.1735,0.6241,0.1938,0.310,21214,12776,10858742,88276,109490,33990,26.99,10.03,5.71,strength_-1,4,3,3,0.01,3,2,200
strength_-1_soft_0.500,pipeline_soft,0.5,0.00,18,27,11,11,0.2957,0.3255,0.1735,0.6241,0.1938,0.310,21214,12776,10858742,88276,109490,33990,26.99,10.03,5.71,strength_-1,4,3,3,0.01,3,2,200
strength_-1_soft_0.520,pipeline_soft,0.52,0.00,18,27,11,11,0.2957,0.3255,0.1735,0.6241,0.1938,0.310,21214,12776,10858742,88276,109490,33990,26.99,10.03,5.71,strength_-1,4,3,3,0.01,3,2,200
strength_-1_soft_0.540,pipeline_soft,0.54,0.00,18,27,11,11,0.2957,0.3255,0.1735,0.6241,0.1938,0.310,21214,12776,10858742,88276,109490,33990,26.99,10.03,5.71,strength_-1,4,3,3,0.01,3,2,200
strength_-1_soft_0.560,pipeline_soft,0.56,0.00,18,27,11,11,0.2957,0.3255,0.1735,0.6241,0.1938,0.310,21214,12776,10858742,88276,109490,33990,26.99,10.03,5.71,strength_-1,4,3,3,0.01,3,2,200
strength_-1_soft_0.580,pipeline_soft,0.58,0.00,18,27,11,11,0.2957,0.3255,0.1735,0.6241,0.1938,0.310,21214,12776,10858742,88276,109490,33990,26.99,10.03,5.71,strength_-1,4,3,3,0.01,3,2,200
strength_-1_soft_0.600,pipeline_soft,0.6,0.00,18,27,11,11,0.2957,0.3255,0.1735,0.6241,0.1938,0.310,21214,12776,10858742,88276,109490,33990,26.99,10.03,5.71,strength_-1,4,3,3,0.01,3,2,200
strength_-1_soft_0.620,pipeline_soft,0.62,0.00,18,27,11,11,0.2957,0.3255,0.1735,0.6241,0.1938,0.310,21214,12776,10858742,88276,109490,33990,26.99,10.03,5.71,strength_-1,4,3,3,0.01,3,2,200
strength_-1_soft_0.640,pipeline_soft,0.64,0.00,18,27,11,11,0.2957,0.3255,0.1735,0.6241,0.1938,0.310,21214,12776,10858742,88276,109490,33990,26.99,10.03,5.71,strength_-1,4,3,3,0.01,3,2,200
strength_-1_soft_0.660,pipeline_soft,0.66,0.00,18,27,11,11,0.2957,0.3255,0.1735,0.6241,0.1938,0.310,21214,12776,10858742,88276,109490,33990,26.99,10.03,5.71,strength_-1,4,3,3,0.01,3,2,200
strength_-1_soft_0.680,pipeline_soft,0.68,0.00,16,27,11,11,0.2299,0.2444,0.1299,0.7066,0.1373,0.194,15028,6239,10865279,94462,109490,21267,26.99,5.56,3.61,strength_-1,4,3,3,0.01,3,2,200
strength_-1_soft_0.700,pipeline_soft,0.7,0.00,16,27,11,11,0.2299,0.2444,0.1299,0.7066,0.1373,0.194,15028,6239,10865279,94462,109490,21267,26.99,5.56,3.61,strength_-1,4,3,3,0.01,3,2,200
strength_-1_soft_0.720,pipeline_soft,0.72,0.00,16,27,11,11,0.2299,0.2444,0.1299,0.7066,0.1373,0.194,15028,6239,10865279,94462,109490,21267,26.99,5.56,3.61,strength_-1,4,3,3,0.01,3,2,200
strength_-1_soft_0.740,pipeline_soft,0.74,0.00,16,27,11,11,0.2299,0.2444,0.1299,0.7066,0.1373,0.194,15028,6239,10865279,94462,109490,21267,26.99,5.56,3.61,strength_-1,4,3,3,0.01,3,2,200
strength_-1_soft_0.760,pipeline_soft,0.76,0.00,16,27,11,11,0.2299,0.2444,0.1299,0.7066,0.1373,0.194,15028,6239,10865279,94462,109490,21267,26.99,5.56,3.61,strength_-1,4,3,3,0.01,3,2,200
strength_-1_soft_0.780,pipeline_soft,0.78,0.00,16,27,11,11,0.2299,0.2444,0.1299,0.7066,0.1373,0.194,15028,6239,10865279,94462,109490,21267,26.99,5.56,3.61,strength_-1,4,3,3,0.01,3,2,200
strength_-1_soft_0.800,pipeline_soft,0.8,0.00,16,27,11,11,0.2299,0.2444,0.1299,0.7066,0.1373,0.194,15028,6239,10865279,94462,109490,21267,26.99,5.56,3.61,strength_-1,4,3,3,0.01,3,2,200
strength_-1_soft_0.820,pipeline_soft,0.82,0.00,16,27,11,11,0.2299,0.2444,0.1299,0.7066,0.1373,0.194,15028,6239,10865279,94462,109490,21267,26.99,5.56,3.61,strength_-1,4,3,3,0.01,3,2,200
strength_-1_soft_0.840,pipeline_soft,0.84,0.00,16,27,11,11,0.2299,0.2444,0.1299,0.7066,0.1373,0.194,15028,6239,10865279,94462,109490,21267,26.99,5.56,3.61,strength_-1,4,3,3,0.01,3,2,200
strength_-1_soft_0.860,pipeline_soft,0.86,0.00,16,27,11,11,0.2299,0.2444,0.1299,0.7066,0.1373,0.194,15028,6239,10865279,94462,109490,21267,26.99,5.56,3.61,strength_-1,4,3,3,0.01,3,2,200
strength_-1_soft_0.880,pipeline_soft,0.88,0.00,16,27,11,11,0.2299,0.2444,0.1299,0.7066,0.1373,0.194,15028,6239,10865279,94462,109490,21267,26.99,5.56,3.61,strength_-1,4,3,3,0.01,3,2,200
strength_-1_soft_0.900,pipeline_soft,0.9,0.00,16,27,11,11,0.2299,0.2444,0.1299,0.7066,0.1373,0.194,15028,6239,10865279,94462,109490,21267,26.99,5.56,3.61,strength_-1,4,3,3,0.01,3,2,200
strength_-1_soft_0.920,pipeline_soft,0.92,0.00,16,27,11,11,0.2299,0.2444,0.1299,0.7066,0.1373,0.194,15028,6239,10865279,94462,109490,21267,26.99,5.56,3.61,strength_-1,4,3,3,0.01,3,2,200
strength_-1_soft_0.940,pipeline_soft,0.94,0.00,16,27,11,11,0.2299,0.2444,0.1299,0.7066,0.1373,0.194,15028,6239,10865279,94462,109490,21267,26.99,5.56,3.61,strength_-1,4,3,3,0.01,3,2,200
strength_-1_soft_0.960,pipeline_soft,0.96,0.00,16,27,11,11,0.2299,0.2444,0.1299,0.7066,0.1373,0.194,15028,6239,10865279,94462,109490,21267,26.99,5.56,3.61,strength_-1,4,3,3,0.01,3,2,200
strength_-1_soft_0.980,pipeline_soft,0.98,0.00,16,27,11,11,0.2299,0.2444,0.1299,0.7066,0.1373,0.194,15028,6239,10865279,94462,109490,21267,26.99,5.56,3.61,strength_-1,4,3,3,0.01,3,2,200
strength_+1_soft_0.000,pipeline_soft,0.0,0.00,25,27,11,11,0.3695,0.4413,0.2266,0.4704,0.3042,0.647,33306,37496,10834022,76184,109490,70802,26.99,21.39,10.42,strength_+1,4,3,5,0.01,3,2,200
strength_+1_soft_0.020,pipeline_soft,0.02,0.00,25,27,11,11,0.3695,0.4413,0.2266,0.4704,0.3042,0.647,33306,37496,10834022,76184,109490,70802,26.99,21.39,10.42,strength_+1,4,3,5,0.01,3,2,200
strength_+1_soft_0.040,pipeline_soft,0.04,0.00,25,27,11,11,0.3695,0.4413,0.2266,0.4704,0.3042,0.647,33306,37496,10834022,76184,109490,70802,26.99,21.39,10.42,strength_+1,4,3,5,0.01,3,2,200
strength_+1_soft_0.060,pipeline_soft,0.06,0.00,25,27,11,11,0.3695,0.4413,0.2266,0.4704,0.3042,0.647,33306,37496,10834022,76184,109490,70802,26.99,21.39,10.42,strength_+1,4,3,5,0.01,3,2,200
strength_+1_soft_0.080,pipeline_soft,0.08,0.00,25,27,11,11,0.3695,0.4413,0.2266,0.4704,0.3042,0.647,33306,37496,10834022,76184,109490,70802,26.99,21.39,10.42,strength_+1,4,3,5,0.01,3,2,200
strength_+1_soft_0.100,pipeline_soft,0.1,0.00,25,27,11,11,0.3695,0.4413,0.2266,0.4704,0.3042,0.647,33306,37496,10834022,76184,109490,70802,26.99,21.39,10.42,strength_+1,4,3,5,0.01,3,2,200
strength_+1_soft_0.120,pipeline_soft,0.12,0.00,25,27,11,11,0.3695,0.4413,0.2266,0.4704,0.3042,0.647,33306,37496,10834022,76184,109490,70802,26.99,21.39,10.42,strength_+1,4,3,5,0.01,3,2,200
strength_+1_soft_0.140,pipeline_soft,0.14,0.00,25,27,11,11,0.3695,0.4413,0.2266,0.4704,0.3042,0.647,33306,37496,10834022,76184,109490,70802,26.99,21.39,10.42,strength_+1,4,3,5,0.01,3,2,200
strength_+1_soft_0.160,pipeline_soft,0.16,0.00,25,27,11,11,0.3695,0.4413,0.2266,0.4704,0.3042,0.647,33306,37496,10834022,76184,109490,70802,26.99,21.39,10.42,strength_+1,4,3,5,0.01,3,2,200
strength_+1_soft_0.180,pipeline_soft,0.18,0.00,25,27,11,11,0.3695,0.4413,0.2266,0.4704,0.3042,0.647,33306,37496,10834022,76184,109490,70802,26.99,21.39,10.42,strength_+1,4,3,5,0.01,3,2,200
strength_+1_soft_0.200,pipeline_soft,0.2,0.00,25,27,11,11,0.3695,0.4413,0.2266,0.4704,0.3042,0.647,33306,37496,10834022,76184,109490,70802,26.99,21.39,10.42,strength_+1,4,3,5,0.01,3,2,200
strength_+1_soft_0.220,pipeline_soft,0.22,0.00,25,27,11,11,0.3695,0.4413,0.2266,0.4704,0.3042,0.647,33306,37496,10834022,76184,109490,70802,26.99,21.39,10.42,strength_+1,4,3,5,0.01,3,2,200
strength_+1_soft_0.240,pipeline_soft,0.24,0.00,25,27,11,11,0.3695,0.4413,0.2266,0.4704,0.3042,0.647,33306,37496,10834022,76184,109490,70802,26.99,21.39,10.42,strength_+1,4,3,5,0.01,3,2,200
strength_+1_soft_0.260,pipeline_soft,0.26,0.00,25,27,11,11,0.3695,0.4413,0.2266,0.4704,0.3042,0.647,33306,37496,10834022,76184,109490,70802,26.99,21.39,10.42,strength_+1,4,3,5,0.01,3,2,200
strength_+1_soft_0.280,pipeline_soft,0.28,0.00,25,27,11,11,0.3695,0.4413,0.2266,0.4704,0.3042,0.647,33306,37496,10834022,76184,109490,70802,26.99,21.39,10.42,strength_+1,4,3,5,0.01,3,2,200
strength_+1_soft_0.300,pipeline_soft,0.3,0.00,25,27,11,11,0.3695,0.4413,0.2266,0.4704,0.3042,0.647,33306,37496,10834022,76184,109490,70802,26.99,21.39,10.42,strength_+1,4,3,5,0.01,3,2,200
strength_+1_soft_0.320,pipeline_soft,0.32,0.00,25,27,11,11,0.3695,0.4413,0.2266,0.4704,0.3042,0.647,33306,37496,10834022,76184,109490,70802,26.99,21.39,10.42,strength_+1,4,3,5,0.01,3,2,200
strength_+1_soft_0.340,pipeline_soft,0.34,0.00,19,27,11,11,0.3048,0.3482,0.1798,0.5971,0.2046,0.343,22402,15119,10856399,87088,109490,37521,26.99,11.28,6.35,strength_+1,4,3,5,0.01,3,2,200
strength_+1_soft_0.360,pipeline_soft,0.36,0.00,19,27,11,11,0.3048,0.3482,0.1798,0.5971,0.2046,0.343,22402,15119,10856399,87088,109490,37521,26.99,11.28,6.35,strength_+1,4,3,5,0.01,3,2,200
strength_+1_soft_0.380,pipeline_soft,0.38,0.00,19,27,11,11,0.3048,0.3482,0.1798,0.5971,0.2046,0.343,22402,15119,10856399,87088,109490,37521,26.99,11.28,6.35,strength_+1,4,3,5,0.01,3,2,200
strength_+1_soft_0.400,pipeline_soft,0.4,0.00,19,27,11,11,0.3048,0.3482,0.1798,0.5971,0.2046,0.343,22402,15119,10856399,87088,109490,37521,26.99,11.28,6.35,strength_+1,4,3,5,0.01,3,2,200
strength_+1_soft_0.420,pipeline_soft,0.42,0.00,19,27,11,11,0.3048,0.3482,0.1798,0.5971,0.2046,0.343,22402,15119,10856399,87088,109490,37521,26.99,11.28,6.35,strength_+1,4,3,5,0.01,3,2,200
strength_+1_soft_0.440,pipeline_soft,0.44,0.00,19,27,11,11,0.3048,0.3482,0.1798,0.5971,0.2046,0.343,22402,15119,10856399,87088,109490,37521,26.99,11.28,6.35,strength_+1,4,3,5,0.01,3,2,200
strength_+1_soft_0.460,pipeline_soft,0.46,0.00,19,27,11,11,0.3048,0.3482,0.1798,0.5971,0.2046,0.343,22402,15119,10856399,87088,109490,37521,26.99,11.28,6.35,strength_+1,4,3,5,0.01,3,2,200
strength_+1_soft_0.480,pipeline_soft,0.48,0.00,19,27,11,11,0.3048,0.3482,0.1798,0.5971,0.2046,0.343,22402,15119,10856399,87088,109490,37521,26.99,11.28,6.35,strength_+1,4,3,5,0.01,3,2,200
strength_+1_soft_0.500,pipeline_soft,0.5,0.00,19,27,11,11,0.3048,0.3482,0.1798,0.5971,0.2046,0.343,22402,15119,10856399,87088,109490,37521,26.99,11.28,6.35,strength_+1,4,3,5,0.01,3,2,200
strength_+1_soft_0.520,pipeline_soft,0.52,0.00,19,27,11,11,0.3048,0.3482,0.1798,0.5971,0.2046,0.343,22402,15119,10856399,87088,109490,37521,26.99,11.28,6.35,strength_+1,4,3,5,0.01,3,2,200
strength_+1_soft_0.540,pipeline_soft,0.54,0.00,19,27,11,11,0.3048,0.3482,0.1798,0.5971,0.2046,0.343,22402,15119,10856399,87088,109490,37521,26.99,11.28,6.35,strength_+1,4,3,5,0.01,3,2,200
strength_+1_soft_0.560,pipeline_soft,0.56,0.00,19,27,11,11,0.3048,0.3482,0.1798,0.5971,0.2046,0.343,22402,15119,10856399,87088,109490,37521,26.99,11.28,6.35,strength_+1,4,3,5,0.01,3,2,200
strength_+1_soft_0.580,pipeline_soft,0.58,0.00,19,27,11,11,0.3048,0.3482,0.1798,0.5971,0.2046,0.343,22402,15119,10856399,87088,109490,37521,26.99,11.28,6.35,strength_+1,4,3,5,0.01,3,2,200
strength_+1_soft_0.600,pipeline_soft,0.6,0.00,19,27,11,11,0.3048,0.3482,0.1798,0.5971,0.2046,0.343,22402,15119,10856399,87088,109490,37521,26.99,11.28,6.35,strength_+1,4,3,5,0.01,3,2,200
strength_+1_soft_0.620,pipeline_soft,0.62,0.00,19,27,11,11,0.3048,0.3482,0.1798,0.5971,0.2046,0.343,22402,15119,10856399,87088,109490,37521,26.99,11.28,6.35,strength_+1,4,3,5,0.01,3,2,200
strength_+1_soft_0.640,pipeline_soft,0.64,0.00,19,27,11,11,0.3048,0.3482,0.1798,0.5971,0.2046,0.343,22402,15119,10856399,87088,109490,37521,26.99,11.28,6.35,strength_+1,4,3,5,0.01,3,2,200
strength_+1_soft_0.660,pipeline_soft,0.66,0.00,19,27,11,11,0.3048,0.3482,0.1798,0.5971,0.2046,0.343,22402,15119,10856399,87088,109490,37521,26.99,11.28,6.35,strength_+1,4,3,5,0.01,3,2,200
strength_+1_soft_0.680,pipeline_soft,0.68,0.00,16,27,11,11,0.2320,0.2448,0.1312,0.7082,0.1387,0.196,15191,6260,10865258,94299,109490,21451,26.99,5.59,3.64,strength_+1,4,3,5,0.01,3,2,200
strength_+1_soft_0.700,pipeline_soft,0.7,0.00,16,27,11,11,0.2320,0.2448,0.1312,0.7082,0.1387,0.196,15191,6260,10865258,94299,109490,21451,26.99,5.59,3.64,strength_+1,4,3,5,0.01,3,2,200
strength_+1_soft_0.720,pipeline_soft,0.72,0.00,16,27,11,11,0.2320,0.2448,0.1312,0.7082,0.1387,0.196,15191,6260,10865258,94299,109490,21451,26.99,5.59,3.64,strength_+1,4,3,5,0.01,3,2,200
strength_+1_soft_0.740,pipeline_soft,0.74,0.00,16,27,11,11,0.2320,0.2448,0.1312,0.7082,0.1387,0.196,15191,6260,10865258,94299,109490,21451,26.99,5.59,3.64,strength_+1,4,3,5,0.01,3,2,200
strength_+1_soft_0.760,pipeline_soft,0.76,0.00,16,27,11,11,0.2320,0.2448,0.1312,0.7082,0.1387,0.196,15191,6260,10865258,94299,109490,21451,26.99,5.59,3.64,strength_+1,4,3,5,0.01,3,2,200
strength_+1_soft_0.780,pipeline_soft,0.78,0.00,16,27,11,11,0.2320,0.2448,0.1312,0.7082,0.1387,0.196,15191,6260,10865258,94299,109490,21451,26.99,5.59,3.64,strength_+1,4,3,5,0.01,3,2,200
strength_+1_soft_0.800,pipeline_soft,0.8,0.00,16,27,11,11,0.2320,0.2448,0.1312,0.7082,0.1387,0.196,15191,6260,10865258,94299,109490,21451,26.99,5.59,3.64,strength_+1,4,3,5,0.01,3,2,200
strength_+1_soft_0.820,pipeline_soft,0.82,0.00,16,27,11,11,0.2320,0.2448,0.1312,0.7082,0.1387,0.196,15191,6260,10865258,94299,109490,21451,26.99,5.59,3.64,strength_+1,4,3,5,0.01,3,2,200
strength_+1_soft_0.840,pipeline_soft,0.84,0.00,16,27,11,11,0.2320,0.2448,0.1312,0.7082,0.1387,0.196,15191,6260,10865258,94299,109490,21451,26.99,5.59,3.64,strength_+1,4,3,5,0.01,3,2,200
strength_+1_soft_0.860,pipeline_soft,0.86,0.00,16,27,11,11,0.2320,0.2448,0.1312,0.7082,0.1387,0.196,15191,6260,10865258,94299,109490,21451,26.99,5.59,3.64,strength_+1,4,3,5,0.01,3,2,200
strength_+1_soft_0.880,pipeline_soft,0.88,0.00,16,27,11,11,0.2320,0.2448,0.1312,0.7082,0.1387,0.196,15191,6260,10865258,94299,109490,21451,26.99,5.59,3.64,strength_+1,4,3,5,0.01,3,2,200
strength_+1_soft_0.900,pipeline_soft,0.9,0.00,16,27,11,11,0.2320,0.2448,0.1312,0.7082,0.1387,0.196,15191,6260,10865258,94299,109490,21451,26.99,5.59,3.64,strength_+1,4,3,5,0.01,3,2,200
strength_+1_soft_0.920,pipeline_soft,0.92,0.00,16,27,11,11,0.2320,0.2448,0.1312,0.7082,0.1387,0.196,15191,6260,10865258,94299,109490,21451,26.99,5.59,3.64,strength_+1,4,3,5,0.01,3,2,200
strength_+1_soft_0.940,pipeline_soft,0.94,0.00,16,27,11,11,0.2320,0.2448,0.1312,0.7082,0.1387,0.196,15191,6260,10865258,94299,109490,21451,26.99,5.59,3.64,strength_+1,4,3,5,0.01,3,2,200
strength_+1_soft_0.960,pipeline_soft,0.96,0.00,16,27,11,11,0.2320,0.2448,0.1312,0.7082,0.1387,0.196,15191,6260,10865258,94299,109490,21451,26.99,5.59,3.64,strength_+1,4,3,5,0.01,3,2,200
strength_+1_soft_0.980,pipeline_soft,0.98,0.00,16,27,11,11,0.2320,0.2448,0.1312,0.7082,0.1387,0.196,15191,6260,10865258,94299,109490,21451,26.99,5.59,3.64,strength_+1,4,3,5,0.01,3,2,200
strength_+2_soft_0.000,pipeline_soft,0.0,0.00,25,27,11,11,0.3652,0.4314,0.2234,0.4754,0.2965,0.624,32462,35820,10835698,77028,109490,68282,26.99,20.67,10.04,strength_+2,4,3,6,0.01,3,2,200
strength_+2_soft_0.020,pipeline_soft,0.02,0.00,25,27,11,11,0.3652,0.4314,0.2234,0.4754,0.2965,0.624,32462,35820,10835698,77028,109490,68282,26.99,20.67,10.04,strength_+2,4,3,6,0.01,3,2,200
strength_+2_soft_0.040,pipeline_soft,0.04,0.00,25,27,11,11,0.3652,0.4314,0.2234,0.4754,0.2965,0.624,32462,35820,10835698,77028,109490,68282,26.99,20.67,10.04,strength_+2,4,3,6,0.01,3,2,200
strength_+2_soft_0.060,pipeline_soft,0.06,0.00,25,27,11,11,0.3652,0.4314,0.2234,0.4754,0.2965,0.624,32462,35820,10835698,77028,109490,68282,26.99,20.67,10.04,strength_+2,4,3,6,0.01,3,2,200
strength_+2_soft_0.080,pipeline_soft,0.08,0.00,25,27,11,11,0.3652,0.4314,0.2234,0.4754,0.2965,0.624,32462,35820,10835698,77028,109490,68282,26.99,20.67,10.04,strength_+2,4,3,6,0.01,3,2,200
strength_+2_soft_0.100,pipeline_soft,0.1,0.00,25,27,11,11,0.3652,0.4314,0.2234,0.4754,0.2965,0.624,32462,35820,10835698,77028,109490,68282,26.99,20.67,10.04,strength_+2,4,3,6,0.01,3,2,200
strength_+2_soft_0.120,pipeline_soft,0.12,0.00,25,27,11,11,0.3652,0.4314,0.2234,0.4754,0.2965,0.624,32462,35820,10835698,77028,109490,68282,26.99,20.67,10.04,strength_+2,4,3,6,0.01,3,2,200
strength_+2_soft_0.140,pipeline_soft,0.14,0.00,25,27,11,11,0.3652,0.4314,0.2234,0.4754,0.2965,0.624,32462,35820,10835698,77028,109490,68282,26.99,20.67,10.04,strength_+2,4,3,6,0.01,3,2,200
strength_+2_soft_0.160,pipeline_soft,0.16,0.00,25,27,11,11,0.3652,0.4314,0.2234,0.4754,0.2965,0.624,32462,35820,10835698,77028,109490,68282,26.99,20.67,10.04,strength_+2,4,3,6,0.01,3,2,200
strength_+2_soft_0.180,pipeline_soft,0.18,0.00,25,27,11,11,0.3652,0.4314,0.2234,0.4754,0.2965,0.624,32462,35820,10835698,77028,109490,68282,26.99,20.67,10.04,strength_+2,4,3,6,0.01,3,2,200
strength_+2_soft_0.200,pipeline_soft,0.2,0.00,25,27,11,11,0.3652,0.4314,0.2234,0.4754,0.2965,0.624,32462,35820,10835698,77028,109490,68282,26.99,20.67,10.04,strength_+2,4,3,6,0.01,3,2,200
strength_+2_soft_0.220,pipeline_soft,0.22,0.00,25,27,11,11,0.3652,0.4314,0.2234,0.4754,0.2965,0.624,32462,35820,10835698,77028,109490,68282,26.99,20.67,10.04,strength_+2,4,3,6,0.01,3,2,200
strength_+2_soft_0.240,pipeline_soft,0.24,0.00,25,27,11,11,0.3652,0.4314,0.2234,0.4754,0.2965,0.624,32462,35820,10835698,77028,109490,68282,26.99,20.67,10.04,strength_+2,4,3,6,0.01,3,2,200
strength_+2_soft_0.260,pipeline_soft,0.26,0.00,25,27,11,11,0.3652,0.4314,0.2234,0.4754,0.2965,0.624,32462,35820,10835698,77028,109490,68282,26.99,20.67,10.04,strength_+2,4,3,6,0.01,3,2,200
strength_+2_soft_0.280,pipeline_soft,0.28,0.00,25,27,11,11,0.3652,0.4314,0.2234,0.4754,0.2965,0.624,32462,35820,10835698,77028,109490,68282,26.99,20.67,10.04,strength_+2,4,3,6,0.01,3,2,200
strength_+2_soft_0.300,pipeline_soft,0.3,0.00,25,27,11,11,0.3652,0.4314,0.2234,0.4754,0.2965,0.624,32462,35820,10835698,77028,109490,68282,26.99,20.67,10.04,strength_+2,4,3,6,0.01,3,2,200
strength_+2_soft_0.320,pipeline_soft,0.32,0.00,25,27,11,11,0.3652,0.4314,0.2234,0.4754,0.2965,0.624,32462,35820,10835698,77028,109490,68282,26.99,20.67,10.04,strength_+2,4,3,6,0.01,3,2,200
strength_+2_soft_0.340,pipeline_soft,0.34,0.00,18,27,11,11,0.3003,0.3364,0.1767,0.6058,0.1996,0.329,21854,14219,10857299,87636,109490,36073,26.99,10.51,5.96,strength_+2,4,3,6,0.01,3,2,200
strength_+2_soft_0.360,pipeline_soft,0.36,0.00,18,27,11,11,0.3003,0.3364,0.1767,0.6058,0.1996,0.329,21854,14219,10857299,87636,109490,36073,26.99,10.51,5.96,strength_+2,4,3,6,0.01,3,2,200
strength_+2_soft_0.380,pipeline_soft,0.38,0.00,18,27,11,11,0.3003,0.3364,0.1767,0.6058,0.1996,0.329,21854,14219,10857299,87636,109490,36073,26.99,10.51,5.96,strength_+2,4,3,6,0.01,3,2,200
strength_+2_soft_0.400,pipeline_soft,0.4,0.00,18,27,11,11,0.3003,0.3364,0.1767,0.6058,0.1996,0.329,21854,14219,10857299,87636,109490,36073,26.99,10.51,5.96,strength_+2,4,3,6,0.01,3,2,200
strength_+2_soft_0.420,pipeline_soft,0.42,0.00,18,27,11,11,0.3003,0.3364,0.1767,0.6058,0.1996,0.329,21854,14219,10857299,87636,109490,36073,26.99,10.51,5.96,strength_+2,4,3,6,0.01,3,2,200
strength_+2_soft_0.440,pipeline_soft,0.44,0.00,18,27,11,11,0.3003,0.3364,0.1767,0.6058,0.1996,0.329,21854,14219,10857299,87636,109490,36073,26.99,10.51,5.96,strength_+2,4,3,6,0.01,3,2,200
strength_+2_soft_0.460,pipeline_soft,0.46,0.00,18,27,11,11,0.3003,0.3364,0.1767,0.6058,0.1996,0.329,21854,14219,10857299,87636,109490,36073,26.99,10.51,5.96,strength_+2,4,3,6,0.01,3,2,200
strength_+2_soft_0.480,pipeline_soft,0.48,0.00,18,27,11,11,0.3003,0.3364,0.1767,0.6058,0.1996,0.329,21854,14219,10857299,87636,109490,36073,26.99,10.51,5.96,strength_+2,4,3,6,0.01,3,2,200
strength_+2_soft_0.500,pipeline_soft,0.5,0.00,18,27,11,11,0.3003,0.3364,0.1767,0.6058,0.1996,0.329,21854,14219,10857299,87636,109490,36073,26.99,10.51,5.96,strength_+2,4,3,6,0.01,3,2,200
strength_+2_soft_0.520,pipeline_soft,0.52,0.00,18,27,11,11,0.3003,0.3364,0.1767,0.6058,0.1996,0.329,21854,14219,10857299,87636,109490,36073,26.99,10.51,5.96,strength_+2,4,3,6,0.01,3,2,200
strength_+2_soft_0.540,pipeline_soft,0.54,0.00,18,27,11,11,0.3003,0.3364,0.1767,0.6058,0.1996,0.329,21854,14219,10857299,87636,109490,36073,26.99,10.51,5.96,strength_+2,4,3,6,0.01,3,2,200
strength_+2_soft_0.560,pipeline_soft,0.56,0.00,18,27,11,11,0.3003,0.3364,0.1767,0.6058,0.1996,0.329,21854,14219,10857299,87636,109490,36073,26.99,10.51,5.96,strength_+2,4,3,6,0.01,3,2,200
strength_+2_soft_0.580,pipeline_soft,0.58,0.00,18,27,11,11,0.3003,0.3364,0.1767,0.6058,0.1996,0.329,21854,14219,10857299,87636,109490,36073,26.99,10.51,5.96,strength_+2,4,3,6,0.01,3,2,200
strength_+2_soft_0.600,pipeline_soft,0.6,0.00,18,27,11,11,0.3003,0.3364,0.1767,0.6058,0.1996,0.329,21854,14219,10857299,87636,109490,36073,26.99,10.51,5.96,strength_+2,4,3,6,0.01,3,2,200
strength_+2_soft_0.620,pipeline_soft,0.62,0.00,18,27,11,11,0.3003,0.3364,0.1767,0.6058,0.1996,0.329,21854,14219,10857299,87636,109490,36073,26.99,10.51,5.96,strength_+2,4,3,6,0.01,3,2,200
strength_+2_soft_0.640,pipeline_soft,0.64,0.00,18,27,11,11,0.3003,0.3364,0.1767,0.6058,0.1996,0.329,21854,14219,10857299,87636,109490,36073,26.99,10.51,5.96,strength_+2,4,3,6,0.01,3,2,200
strength_+2_soft_0.660,pipeline_soft,0.66,0.00,18,27,11,11,0.3003,0.3364,0.1767,0.6058,0.1996,0.329,21854,14219,10857299,87636,109490,36073,26.99,10.51,5.96,strength_+2,4,3,6,0.01,3,2,200
strength_+2_soft_0.680,pipeline_soft,0.68,0.00,16,27,11,11,0.2313,0.2438,0.1308,0.7055,0.1384,0.196,15148,6323,10865195,94342,109490,21471,26.99,5.62,3.63,strength_+2,4,3,6,0.01,3,2,200
strength_+2_soft_0.700,pipeline_soft,0.7,0.00,16,27,11,11,0.2313,0.2438,0.1308,0.7055,0.1384,0.196,15148,6323,10865195,94342,109490,21471,26.99,5.62,3.63,strength_+2,4,3,6,0.01,3,2,200
strength_+2_soft_0.720,pipeline_soft,0.72,0.00,16,27,11,11,0.2313,0.2438,0.1308,0.7055,0.1384,0.196,15148,6323,10865195,94342,109490,21471,26.99,5.62,3.63,strength_+2,4,3,6,0.01,3,2,200
strength_+2_soft_0.740,pipeline_soft,0.74,0.00,16,27,11,11,0.2313,0.2438,0.1308,0.7055,0.1384,0.196,15148,6323,10865195,94342,109490,21471,26.99,5.62,3.63,strength_+2,4,3,6,0.01,3,2,200
strength_+2_soft_0.760,pipeline_soft,0.76,0.00,16,27,11,11,0.2313,0.2438,0.1308,0.7055,0.1384,0.196,15148,6323,10865195,94342,109490,21471,26.99,5.62,3.63,strength_+2,4,3,6,0.01,3,2,200
strength_+2_soft_0.780,pipeline_soft,0.78,0.00,16,27,11,11,0.2313,0.2438,0.1308,0.7055,0.1384,0.196,15148,6323,10865195,94342,109490,21471,26.99,5.62,3.63,strength_+2,4,3,6,0.01,3,2,200
strength_+2_soft_0.800,pipeline_soft,0.8,0.00,16,27,11,11,0.2313,0.2438,0.1308,0.7055,0.1384,0.196,15148,6323,10865195,94342,109490,21471,26.99,5.62,3.63,strength_+2,4,3,6,0.01,3,2,200
strength_+2_soft_0.820,pipeline_soft,0.82,0.00,16,27,11,11,0.2313,0.2438,0.1308,0.7055,0.1384,0.196,15148,6323,10865195,94342,109490,21471,26.99,5.62,3.63,strength_+2,4,3,6,0.01,3,2,200
strength_+2_soft_0.840,pipeline_soft,0.84,0.00,16,27,11,11,0.2313,0.2438,0.1308,0.7055,0.1384,0.196,15148,6323,10865195,94342,109490,21471,26.99,5.62,3.63,strength_+2,4,3,6,0.01,3,2,200
strength_+2_soft_0.860,pipeline_soft,0.86,0.00,16,27,11,11,0.2313,0.2438,0.1308,0.7055,0.1384,0.196,15148,6323,10865195,94342,109490,21471,26.99,5.62,3.63,strength_+2,4,3,6,0.01,3,2,200
strength_+2_soft_0.880,pipeline_soft,0.88,0.00,16,27,11,11,0.2313,0.2438,0.1308,0.7055,0.1384,0.196,15148,6323,10865195,94342,109490,21471,26.99,5.62,3.63,strength_+2,4,3,6,0.01,3,2,200
strength_+2_soft_0.900,pipeline_soft,0.9,0.00,16,27,11,11,0.2313,0.2438,0.1308,0.7055,0.1384,0.196,15148,6323,10865195,94342,109490,21471,26.99,5.62,3.63,strength_+2,4,3,6,0.01,3,2,200
strength_+2_soft_0.920,pipeline_soft,0.92,0.00,16,27,11,11,0.2313,0.2438,0.1308,0.7055,0.1384,0.196,15148,6323,10865195,94342,109490,21471,26.99,5.62,3.63,strength_+2,4,3,6,0.01,3,2,200
strength_+2_soft_0.940,pipeline_soft,0.94,0.00,16,27,11,11,0.2313,0.2438,0.1308,0.7055,0.1384,0.196,15148,6323,10865195,94342,109490,21471,26.99,5.62,3.63,strength_+2,4,3,6,0.01,3,2,200
strength_+2_soft_0.960,pipeline_soft,0.96,0.00,16,27,11,11,0.2313,0.2438,0.1308,0.7055,0.1384,0.196,15148,6323,10865195,94342,109490,21471,26.99,5.62,3.63,strength_+2,4,3,6,0.01,3,2,200
strength_+2_soft_0.980,pipeline_soft,0.98,0.00,16,27,11,11,0.2313,0.2438,0.1308,0.7055,0.1384,0.196,15148,6323,10865195,94342,109490,21471,26.99,5.62,3.63,strength_+2,4,3,6,0.01,3,2,200
strength_+3_soft_0.000,pipeline_soft,0.0,0.00,25,27,11,11,0.3652,0.4314,0.2234,0.4755,0.2965,0.624,32462,35812,10835706,77028,109490,68274,26.99,20.67,10.04,strength_+3,4,3,7,0.01,3,2,200
strength_+3_soft_0.020,pipeline_soft,0.02,0.00,25,27,11,11,0.3652,0.4314,0.2234,0.4755,0.2965,0.624,32462,35812,10835706,77028,109490,68274,26.99,20.67,10.04,strength_+3,4,3,7,0.01,3,2,200
strength_+3_soft_0.040,pipeline_soft,0.04,0.00,25,27,11,11,0.3652,0.4314,0.2234,0.4755,0.2965,0.624,32462,35812,10835706,77028,109490,68274,26.99,20.67,10.04,strength_+3,4,3,7,0.01,3,2,200
strength_+3_soft_0.060,pipeline_soft,0.06,0.00,25,27,11,11,0.3652,0.4314,0.2234,0.4755,0.2965,0.624,32462,35812,10835706,77028,109490,68274,26.99,20.67,10.04,strength_+3,4,3,7,0.01,3,2,200
strength_+3_soft_0.080,pipeline_soft,0.08,0.00,25,27,11,11,0.3652,0.4314,0.2234,0.4755,0.2965,0.624,32462,35812,10835706,77028,109490,68274,26.99,20.67,10.04,strength_+3,4,3,7,0.01,3,2,200
strength_+3_soft_0.100,pipeline_soft,0.1,0.00,25,27,11,11,0.3652,0.4314,0.2234,0.4755,0.2965,0.624,32462,35812,10835706,77028,109490,68274,26.99,20.67,10.04,strength_+3,4,3,7,0.01,3,2,200
strength_+3_soft_0.120,pipeline_soft,0.12,0.00,25,27,11,11,0.3652,0.4314,0.2234,0.4755,0.2965,0.624,32462,35812,10835706,77028,109490,68274,26.99,20.67,10.04,strength_+3,4,3,7,0.01,3,2,200
strength_+3_soft_0.140,pipeline_soft,0.14,0.00,25,27,11,11,0.3652,0.4314,0.2234,0.4755,0.2965,0.624,32462,35812,10835706,77028,109490,68274,26.99,20.67,10.04,strength_+3,4,3,7,0.01,3,2,200
strength_+3_soft_0.160,pipeline_soft,0.16,0.00,25,27,11,11,0.3652,0.4314,0.2234,0.4755,0.2965,0.624,32462,35812,10835706,77028,109490,68274,26.99,20.67,10.04,strength_+3,4,3,7,0.01,3,2,200
strength_+3_soft_0.180,pipeline_soft,0.18,0.00,25,27,11,11,0.3652,0.4314,0.2234,0.4755,0.2965,0.624,32462,35812,10835706,77028,109490,68274,26.99,20.67,10.04,strength_+3,4,3,7,0.01,3,2,200
strength_+3_soft_0.200,pipeline_soft,0.2,0.01,25,27,11,11,0.3652,0.4314,0.2234,0.4755,0.2965,0.624,32462,35812,10835706,77028,109490,68274,26.99,20.67,10.04,strength_+3,4,3,7,0.01,3,2,200
strength_+3_soft_0.220,pipeline_soft,0.22,0.00,25,27,11,11,0.3652,0.4314,0.2234,0.4755,0.2965,0.624,32462,35812,10835706,77028,109490,68274,26.99,20.67,10.04,strength_+3,4,3,7,0.01,3,2,200
strength_+3_soft_0.240,pipeline_soft,0.24,0.00,25,27,11,11,0.3652,0.4314,0.2234,0.4755,0.2965,0.624,32462,35812,10835706,77028,109490,68274,26.99,20.67,10.04,strength_+3,4,3,7,0.01,3,2,200
strength_+3_soft_0.260,pipeline_soft,0.26,0.00,25,27,11,11,0.3652,0.4314,0.2234,0.4755,0.2965,0.624,32462,35812,10835706,77028,109490,68274,26.99,20.67,10.04,strength_+3,4,3,7,0.01,3,2,200
strength_+3_soft_0.280,pipeline_soft,0.28,0.00,25,27,11,11,0.3652,0.4314,0.2234,0.4755,0.2965,0.624,32462,35812,10835706,77028,109490,68274,26.99,20.67,10.04,strength_+3,4,3,7,0.01,3,2,200
strength_+3_soft_0.300,pipeline_soft,0.3,0.00,25,27,11,11,0.3652,0.4314,0.2234,0.4755,0.2965,0.624,32462,35812,10835706,77028,109490,68274,26.99,20.67,10.04,strength_+3,4,3,7,0.01,3,2,200
strength_+3_soft_0.320,pipeline_soft,0.32,0.00,25,27,11,11,0.3652,0.4314,0.2234,0.4755,0.2965,0.624,32462,35812,10835706,77028,109490,68274,26.99,20.67,10.04,strength_+3,4,3,7,0.01,3,2,200
strength_+3_soft_0.340,pipeline_soft,0.34,0.00,18,27,11,11,0.3003,0.3363,0.1767,0.6062,0.1996,0.329,21854,14195,10857323,87636,109490,36049,26.99,10.52,5.96,strength_+3,4,3,7,0.01,3,2,200
strength_+3_soft_0.360,pipeline_soft,0.36,0.00,18,27,11,11,0.3003,0.3363,0.1767,0.6062,0.1996,0.329,21854,14195,10857323,87636,109490,36049,26.99,10.52,5.96,strength_+3,4,3,7,0.01,3,2,200
strength_+3_soft_0.380,pipeline_soft,0.38,0.00,18,27,11,11,0.3003,0.3363,0.1767,0.6062,0.1996,0.329,21854,14195,10857323,87636,109490,36049,26.99,10.52,5.96,strength_+3,4,3,7,0.01,3,2,200
strength_+3_soft_0.400,pipeline_soft,0.4,0.00,18,27,11,11,0.3003,0.3363,0.1767,0.6062,0.1996,0.329,21854,14195,10857323,87636,109490,36049,26.99,10.52,5.96,strength_+3,4,3,7,0.01,3,2,200
strength_+3_soft_0.420,pipeline_soft,0.42,0.00,18,27,11,11,0.3003,0.3363,0.1767,0.6062,0.1996,0.329,21854,14195,10857323,87636,109490,36049,26.99,10.52,5.96,strength_+3,4,3,7,0.01,3,2,200
strength_+3_soft_0.440,pipeline_soft,0.44,0.00,18,27,11,11,0.3003,0.3363,0.1767,0.6062,0.1996,0.329,21854,14195,10857323,87636,109490,36049,26.99,10.52,5.96,strength_+3,4,3,7,0.01,3,2,200
strength_+3_soft_0.460,pipeline_soft,0.46,0.00,18,27,11,11,0.3003,0.3363,0.1767,0.6062,0.1996,0.329,21854,14195,10857323,87636,109490,36049,26.99,10.52,5.96,strength_+3,4,3,7,0.01,3,2,200
strength_+3_soft_0.480,pipeline_soft,0.48,0.00,18,27,11,11,0.3003,0.3363,0.1767,0.6062,0.1996,0.329,21854,14195,10857323,87636,109490,36049,26.99,10.52,5.96,strength_+3,4,3,7,0.01,3,2,200
strength_+3_soft_0.500,pipeline_soft,0.5,0.00,18,27,11,11,0.3003,0.3363,0.1767,0.6062,0.1996,0.329,21854,14195,10857323,87636,109490,36049,26.99,10.52,5.96,strength_+3,4,3,7,0.01,3,2,200
strength_+3_soft_0.520,pipeline_soft,0.52,0.00,18,27,11,11,0.3003,0.3363,0.1767,0.6062,0.1996,0.329,21854,14195,10857323,87636,109490,36049,26.99,10.52,5.96,strength_+3,4,3,7,0.01,3,2,200
strength_+3_soft_0.540,pipeline_soft,0.54,0.00,18,27,11,11,0.3003,0.3363,0.1767,0.6062,0.1996,0.329,21854,14195,10857323,87636,109490,36049,26.99,10.52,5.96,strength_+3,4,3,7,0.01,3,2,200
strength_+3_soft_0.560,pipeline_soft,0.56,0.00,18,27,11,11,0.3003,0.3363,0.1767,0.6062,0.1996,0.329,21854,14195,10857323,87636,109490,36049,26.99,10.52,5.96,strength_+3,4,3,7,0.01,3,2,200
strength_+3_soft_0.580,pipeline_soft,0.58,0.00,18,27,11,11,0.3003,0.3363,0.1767,0.6062,0.1996,0.329,21854,14195,10857323,87636,109490,36049,26.99,10.52,5.96,strength_+3,4,3,7,0.01,3,2,200
strength_+3_soft_0.600,pipeline_soft,0.6,0.00,18,27,11,11,0.3003,0.3363,0.1767,0.6062,0.1996,0.329,21854,14195,10857323,87636,109490,36049,26.99,10.52,5.96,strength_+3,4,3,7,0.01,3,2,200
strength_+3_soft_0.620,pipeline_soft,0.62,0.00,18,27,11,11,0.3003,0.3363,0.1767,0.6062,0.1996,0.329,21854,14195,10857323,87636,109490,36049,26.99,10.52,5.96,strength_+3,4,3,7,0.01,3,2,200
strength_+3_soft_0.640,pipeline_soft,0.64,0.00,18,27,11,11,0.3003,0.3363,0.1767,0.6062,0.1996,0.329,21854,14195,10857323,87636,109490,36049,26.99,10.52,5.96,strength_+3,4,3,7,0.01,3,2,200
strength_+3_soft_0.660,pipeline_soft,0.66,0.00,18,27,11,11,0.3003,0.3363,0.1767,0.6062,0.1996,0.329,21854,14195,10857323,87636,109490,36049,26.99,10.52,5.96,strength_+3,4,3,7,0.01,3,2,200
strength_+3_soft_0.680,pipeline_soft,0.68,0.00,16,27,11,11,0.2313,0.2438,0.1308,0.7055,0.1384,0.196,15148,6323,10865195,94342,109490,21471,26.99,5.62,3.63,strength_+3,4,3,7,0.01,3,2,200
strength_+3_soft_0.700,pipeline_soft,0.7,0.00,16,27,11,11,0.2313,0.2438,0.1308,0.7055,0.1384,0.196,15148,6323,10865195,94342,109490,21471,26.99,5.62,3.63,strength_+3,4,3,7,0.01,3,2,200
strength_+3_soft_0.720,pipeline_soft,0.72,0.00,16,27,11,11,0.2313,0.2438,0.1308,0.7055,0.1384,0.196,15148,6323,10865195,94342,109490,21471,26.99,5.62,3.63,strength_+3,4,3,7,0.01,3,2,200
strength_+3_soft_0.740,pipeline_soft,0.74,0.00,16,27,11,11,0.2313,0.2438,0.1308,0.7055,0.1384,0.196,15148,6323,10865195,94342,109490,21471,26.99,5.62,3.63,strength_+3,4,3,7,0.01,3,2,200
strength_+3_soft_0.760,pipeline_soft,0.76,0.00,16,27,11,11,0.2313,0.2438,0.1308,0.7055,0.1384,0.196,15148,6323,10865195,94342,109490,21471,26.99,5.62,3.63,strength_+3,4,3,7,0.01,3,2,200
strength_+3_soft_0.780,pipeline_soft,0.78,0.00,16,27,11,11,0.2313,0.2438,0.1308,0.7055,0.1384,0.196,15148,6323,10865195,94342,109490,21471,26.99,5.62,3.63,strength_+3,4,3,7,0.01,3,2,200
strength_+3_soft_0.800,pipeline_soft,0.8,0.00,16,27,11,11,0.2313,0.2438,0.1308,0.7055,0.1384,0.196,15148,6323,10865195,94342,109490,21471,26.99,5.62,3.63,strength_+3,4,3,7,0.01,3,2,200
strength_+3_soft_0.820,pipeline_soft,0.82,0.00,16,27,11,11,0.2313,0.2438,0.1308,0.7055,0.1384,0.196,15148,6323,10865195,94342,109490,21471,26.99,5.62,3.63,strength_+3,4,3,7,0.01,3,2,200
strength_+3_soft_0.840,pipeline_soft,0.84,0.00,16,27,11,11,0.2313,0.2438,0.1308,0.7055,0.1384,0.196,15148,6323,10865195,94342,109490,21471,26.99,5.62,3.63,strength_+3,4,3,7,0.01,3,2,200
strength_+3_soft_0.860,pipeline_soft,0.86,0.00,16,27,11,11,0.2313,0.2438,0.1308,0.7055,0.1384,0.196,15148,6323,10865195,94342,109490,21471,26.99,5.62,3.63,strength_+3,4,3,7,0.01,3,2,200
strength_+3_soft_0.880,pipeline_soft,0.88,0.00,16,27,11,11,0.2313,0.2438,0.1308,0.7055,0.1384,0.196,15148,6323,10865195,94342,109490,21471,26.99,5.62,3.63,strength_+3,4,3,7,0.01,3,2,200
strength_+3_soft_0.900,pipeline_soft,0.9,0.00,16,27,11,11,0.2313,0.2438,0.1308,0.7055,0.1384,0.196,15148,6323,10865195,94342,109490,21471,26.99,5.62,3.63,strength_+3,4,3,7,0.01,3,2,200
strength_+3_soft_0.920,pipeline_soft,0.92,0.00,16,27,11,11,0.2313,0.2438,0.1308,0.7055,0.1384,0.196,15148,6323,10865195,94342,109490,21471,26.99,5.62,3.63,strength_+3,4,3,7,0.01,3,2,200
strength_+3_soft_0.940,pipeline_soft,0.94,0.00,16,27,11,11,0.2313,0.2438,0.1308,0.7055,0.1384,0.196,15148,6323,10865195,94342,109490,21471,26.99,5.62,3.63,strength_+3,4,3,7,0.01,3,2,200
strength_+3_soft_0.960,pipeline_soft,0.96,0.00,16,27,11,11,0.2313,0.2438,0.1308,0.7055,0.1384,0.196,15148,6323,10865195,94342,109490,21471,26.99,5.62,3.63,strength_+3,4,3,7,0.01,3,2,200
strength_+3_soft_0.980,pipeline_soft,0.98,0.00,16,27,11,11,0.2313,0.2438,0.1308,0.7055,0.1384,0.196,15148,6323,10865195,94342,109490,21471,26.99,5.62,3.63,strength_+3,4,3,7,0.01,3,2,200
