label,type,threshold_value,elapsed_s,vessel_seeds_correct,vessel_seeds_total,bg_seeds_correct,bg_seeds_total,pred_gt_dice,pred_gt_cldice,pred_gt_iou,pred_gt_precision,pred_gt_recall,pred_gt_vol,tp,fp,tn,fn,gt_voxels,pred_voxels,cl_len_gt_mm,cl_len_pred_mm,cl_match_pred_mm,variant,vessel_size,vessel_std,structure_strength,ridge_threshold,ridge_iterations,auto_seed_rounds,auto_seed_max
default_soft_0.000,pipeline_soft,0.0,0.00,9,9,7,7,0.1166,0.1343,0.0619,0.0649,0.5742,8.849,9160,132021,10929900,6794,15954,141181,5.29,59.43,4.36,default,4,3,4,0.01,3,2,200
default_soft_0.020,pipeline_soft,0.02,0.00,9,9,7,7,0.1166,0.1343,0.0619,0.0649,0.5742,8.849,9160,132021,10929900,6794,15954,141181,5.29,59.43,4.36,default,4,3,4,0.01,3,2,200
default_soft_0.040,pipeline_soft,0.04,0.00,9,9,7,7,0.1166,0.1343,0.0619,0.0649,0.5742,8.849,9160,132021,10929900,6794,15954,141181,5.29,59.43,4.36,default,4,3,4,0.01,3,2,200
default_soft_0.060,pipeline_soft,0.06,0.00,9,9,7,7,0.1166,0.1343,0.0619,0.0649,0.5742,8.849,9160,132021,10929900,6794,15954,141181,5.29,59.43,4.36,default,4,3,4,0.01,3,2,200
default_soft_0.080,pipeline_soft,0.08,0.00,9,9,7,7,0.1166,0.1343,0.0619,0.0649,0.5742,8.849,9160,132021,10929900,6794,15954,141181,5.29,59.43,4.36,default,4,3,4,0.01,3,2,200
default_soft_0.100,pipeline_soft,0.1,0.00,9,9,7,7,0.1166,0.1343,0.0619,0.0649,0.5742,8.849,9160,132021,10929900,6794,15954,141181,5.29,59.43,4.36,default,4,3,4,0.01,3,2,200
default_soft_0.120,pipeline_soft,0.12,0.00,9,9,7,7,0.1166,0.1343,0.0619,0.0649,0.5742,8.849,9160,132021,10929900,6794,15954,141181,5.29,59.43,4.36,default,4,3,4,0.01,3,2,200
default_soft_0.140,pipeline_soft,0.14,0.00,9,9,7,7,0.1166,0.1343,0.0619,0.0649,0.5742,8.849,9160,132021,10929900,6794,15954,141181,5.29,59.43,4.36,default,4,3,4,0.01,3,2,200
default_soft_0.160,pipeline_soft,0.16,0.00,9,9,7,7,0.1166,0.1343,0.0619,0.0649,0.5742,8.849,9160,132021,10929900,6794,15954,141181,5.29,59.43,4.36,default,4,3,4,0.01,3,2,200
default_soft_0.180,pipeline_soft,0.18,0.00,9,9,7,7,0.1166,0.1343,0.0619,0.0649,0.5742,8.849,9160,132021,10929900,6794,15954,141181,5.29,59.43,4.36,default,4,3,4,0.01,3,2,200
default_soft_0.200,pipeline_soft,0.2,0.00,9,9,7,7,0.1166,0.1343,0.0619,0.0649,0.5742,8.849,9160,132021,10929900,6794,15954,141181,5.29,59.43,4.36,default,4,3,4,0.01,3,2,200
default_soft_0.220,pipeline_soft,0.22,0.00,9,9,7,7,0.1166,0.1343,0.0619,0.0649,0.5742,8.849,9160,132021,10929900,6794,15954,141181,5.29,59.43,4.36,default,4,3,4,0.01,3,2,200
default_soft_0.240,pipeline_soft,0.24,0.00,9,9,7,7,0.1166,0.1343,0.0619,0.0649,0.5742,8.849,9160,132021,10929900,6794,15954,141181,5.29,59.43,4.36,default,4,3,4,0.01,3,2,200
default_soft_0.260,pipeline_soft,0.26,0.00,9,9,7,7,0.1166,0.1343,0.0619,0.0649,0.5742,8.849,9160,132021,10929900,6794,15954,141181,5.29,59.43,4.36,default,4,3,4,0.01,3,2,200
default_soft_0.280,pipeline_soft,0.28,0.00,9,9,7,7,0.1166,0.1343,0.0619,0.0649,0.5742,8.849,9160,132021,10929900,6794,15954,141181,5.29,59.43,4.36,default,4,3,4,0.01,3,2,200
default_soft_0.300,pipeline_soft,0.3,0.00,9,9,7,7,0.1166,0.1343,0.0619,0.0649,0.5742,8.849,9160,132021,10929900,6794,15954,141181,5.29,59.43,4.36,default,4,3,4,0.01,3,2,200
default_soft_0.320,pipeline_soft,0.32,0.00,9,9,7,7,0.1166,0.1343,0.0619,0.0649,0.5742,8.849,9160,132021,10929900,6794,15954,141181,5.29,59.43,4.36,default,4,3,4,0.01,3,2,200
default_soft_0.340,pipeline_soft,0.34,0.00,8,9,7,7,0.2638,0.3086,0.1519,0.1980,0.3952,1.996,6305,25546,11036375,9649,15954,31851,5.29,13.38,2.87,default,4,3,4,0.01,3,2,200
default_soft_0.360,pipeline_soft,0.36,0.00,8,9,7,7,0.2638,0.3086,0.1519,0.1980,0.3952,1.996,6305,25546,11036375,9649,15954,31851,5.29,13.38,2.87,default,4,3,4,0.01,3,2,200
default_soft_0.380,pipeline_soft,0.38,0.00,8,9,7,7,0.2638,0.3086,0.1519,0.1980,0.3952,1.996,6305,25546,11036375,9649,15954,31851,5.29,13.38,2.87,default,4,3,4,0.01,3,2,200
default_soft_0.400,pipeline_soft,0.4,0.00,8,9,7,7,0.2638,0.3086,0.1519,0.1980,0.3952,1.996,6305,25546,11036375,9649,15954,31851,5.29,13.38,2.87,default,4,3,4,0.01,3,2,200
default_soft_0.420,pipeline_soft,0.42,0.00,8,9,7,7,0.2638,0.3086,0.1519,0.1980,0.3952,1.996,6305,25546,11036375,9649,15954,31851,5.29,13.38,2.87,default,4,3,4,0.01,3,2,200
default_soft_0.440,pipeline_soft,0.44,0.00,8,9,7,7,0.2638,0.3086,0.1519,0.1980,0.3952,1.996,6305,25546,11036375,9649,15954,31851,5.29,13.38,2.87,default,4,3,4,0.01,3,2,200
default_soft_0.460,pipeline_soft,0.46,0.00,8,9,7,7,0.2638,0.3086,0.1519,0.1980,0.3952,1.996,6305,25546,11036375,9649,15954,31851,5.29,13.38,2.87,default,4,3,4,0.01,3,2,200
default_soft_0.480,pipeline_soft,0.48,0.00,8,9,7,7,0.2638,0.3086,0.1519,0.1980,0.3952,1.996,6305,25546,11036375,9649,15954,31851,5.29,13.38,2.87,default,4,3,4,0.01,3,2,200
default_soft_0.500,pipeline_soft,0.5,0.00,8,9,7,7,0.2638,0.3086,0.1519,0.1980,0.3952,1.996,6305,25546,11036375,9649,15954,31851,5.29,13.38,2.87,default,4,3,4,0.01,3,2,200
default_soft_0.520,pipeline_soft,0.52,0.00,8,9,7,7,0.2638,0.3086,0.1519,0.1980,0.3952,1.996,6305,25546,11036375,9649,15954,31851,5.29,13.38,2.87,default,4,3,4,0.01,3,2,200
default_soft_0.540,pipeline_soft,0.54,0.00,8,9,7,7,0.2638,0.3086,0.1519,0.1980,0.3952,1.996,6305,25546,11036375,9649,15954,31851,5.29,13.38,2.87,default,4,3,4,0.01,3,2,200
default_soft_0.560,pipeline_soft,0.56,0.00,8,9,7,7,0.2638,0.3086,0.1519,0.1980,0.3952,1.996,6305,25546,11036375,9649,15954,31851,5.29,13.38,2.87,default,4,3,4,0.01,3,2,200
default_soft_0.580,pipeline_soft,0.58,0.00,8,9,7,7,0.2638,0.3086,0.1519,0.1980,0.3952,1.996,6305,25546,11036375,9649,15954,31851,5.29,13.38,2.87,default,4,3,4,0.01,3,2,200
default_soft_0.600,pipeline_soft,0.6,0.00,8,9,7,7,0.2638,0.3086,0.1519,0.1980,0.3952,1.996,6305,25546,11036375,9649,15954,31851,5.29,13.38,2.87,default,4,3,4,0.01,3,2,200
default_soft_0.620,pipeline_soft,0.62,0.00,8,9,7,7,0.2638,0.3086,0.1519,0.1980,0.3952,1.996,6305,25546,11036375,9649,15954,31851,5.29,13.38,2.87,default,4,3,4,0.01,3,2,200
default_soft_0.640,pipeline_soft,0.64,0.00,8,9,7,7,0.2638,0.3086,0.1519,0.1980,0.3952,1.996,6305,25546,11036375,9649,15954,31851,5.29,13.38,2.87,default,4,3,4,0.01,3,2,200
default_soft_0.660,pipeline_soft,0.66,0.00,8,9,7,7,0.2638,0.3086,0.1519,0.1980,0.3952,1.996,6305,25546,11036375,9649,15954,31851,5.29,13.38,2.87,default,4,3,4,0.01,3,2,200
default_soft_0.680,pipeline_soft,0.68,0.00,7,9,7,7,0.1962,0.2542,0.1088,0.4768,0.1235,0.259,1971,2163,11059758,13983,15954,4134,5.29,1.65,0.86,default,4,3,4,0.01,3,2,200
default_soft_0.700,pipeline_soft,0.7,0.00,7,9,7,7,0.1962,0.2542,0.1088,0.4768,0.1235,0.259,1971,2163,11059758,13983,15954,4134,5.29,1.65,0.86,default,4,3,4,0.01,3,2,200
default_soft_0.720,pipeline_soft,0.72,0.00,7,9,7,7,0.1962,0.2542,0.1088,0.4768,0.1235,0.259,1971,2163,11059758,13983,15954,4134,5.29,1.65,0.86,default,4,3,4,0.01,3,2,200
default_soft_0.740,pipeline_soft,0.74,0.00,7,9,7,7,0.1962,0.2542,0.1088,0.4768,0.1235,0.259,1971,2163,11059758,13983,15954,4134,5.29,1.65,0.86,default,4,3,4,0.01,3,2,200
default_soft_0.760,pipeline_soft,0.76,0.00,7,9,7,7,0.1962,0.2542,0.1088,0.4768,0.1235,0.259,1971,2163,11059758,13983,15954,4134,5.29,1.65,0.86,default,4,3,4,0.01,3,2,200
default_soft_0.780,pipeline_soft,0.78,0.00,7,9,7,7,0.1962,0.2542,0.1088,0.4768,0.1235,0.259,1971,2163,11059758,13983,15954,4134,5.29,1.65,0.86,default,4,3,4,0.01,3,2,200
default_soft_0.800,pipeline_soft,0.8,0.00,7,9,7,7,0.1962,0.2542,0.1088,0.4768,0.1235,0.259,1971,2163,11059758,13983,15954,4134,5.29,1.65,0.86,default,4,3,4,0.01,3,2,200
default_soft_0.820,pipeline_soft,0.82,0.00,7,9,7,7,0.1962,0.2542,0.1088,0.4768,0.1235,0.259,1971,2163,11059758,13983,15954,4134,5.29,1.65,0.86,default,4,3,4,0.01,3,2,200
default_soft_0.840,pipeline_soft,0.84,0.00,7,9,7,7,0.1962,0.2542,0.1088,0.4768,0.1235,0.259,1971,2163,11059758,13983,15954,4134,5.29,1.65,0.86,default,4,3,4,0.01,3,2,200
default_soft_0.860,pipeline_soft,0.86,0.00,7,9,7,7,0.1962,0.2542,0.1088,0.4768,0.1235,0.259,1971,2163,11059758,13983,15954,4134,5.29,1.65,0.86,default,4,3,4,0.01,3,2,200
default_soft_0.880,pipeline_soft,0.88,0.00,7,9,7,7,0.1962,0.2542,0.1088,0.4768,0.1235,0.259,1971,2163,11059758,13983,15954,4134,5.29,1.65,0.86,default,4,3,4,0.01,3,2,200
default_soft_0.900,pipeline_soft,0.9,0.00,7,9,7,7,0.1962,0.2542,0.1088,0.4768,0.1235,0.259,1971,2163,11059758,13983,15954,4134,5.29,1.65,0.86,default,4,3,4,0.01,3,2,200
default_soft_0.920,pipeline_soft,0.92,0.00,7,9,7,7,0.1962,0.2542,0.1088,0.4768,0.1235,0.259,1971,2163,11059758,13983,15954,4134,5.29,1.65,0.86,default,4,3,4,0.01,3,2,200
default_soft_0.940,pipeline_soft,0.94,0.00,7,9,7,7,0.1962,0.2542,0.1088,0.4768,0.1235,0.259,1971,2163,11059758,13983,15954,4134,5.29,1.65,0.86,default,4,3,4,0.01,3,2,200
default_soft_0.960,pipeline_soft,0.96,0.00,7,9,7,7,0.1962,0.2542,0.1088,0.4768,0.1235,0.259,1971,2163,11059758,13983,15954,4134,5.29,1.65,0.86,default,4,3,4,0.01,3,2,200
default_soft_0.980,pipeline_soft,0.98,0.00,7,9,7,7,0.1962,0.2542,0.1088,0.4768,0.1235,0.259,1971,2163,11059758,13983,15954,4134,5.29,1.65,0.86,default,4,3,4,0.01,3,2,200
vsize_-1_soft_0.000,pipeline_soft,0.0,0.00,9,9,7,7,0.1534,0.1847,0.0831,0.0893,0.5413,6.058,8636,88021,10973900,7318,15954,96657,5.29,42.08,4.40,vsize_-1,3,3,4,0.01,3,2,200
vsize_-1_soft_0.020,pipeline_soft,0.02,0.00,9,9,7,7,0.1534,0.1847,0.0831,0.0893,0.5413,6.058,8636,88021,10973900,7318,15954,96657,5.29,42.08,4.40,vsize_-1,3,3,4,0.01,3,2,200
vsize_-1_soft_0.040,pipeline_soft,0.04,0.00,9,9,7,7,0.1534,0.1847,0.0831,0.0893,0.5413,6.058,8636,88021,10973900,7318,15954,96657,5.29,42.08,4.40,vsize_-1,3,3,4,0.01,3,2,200
vsize_-1_soft_0.060,pipeline_soft,0.06,0.00,9,9,7,7,0.1534,0.1847,0.0831,0.0893,0.5413,6.058,8636,88021,10973900,7318,15954,96657,5.29,42.08,4.40,vsize_-1,3,3,4,0.01,3,2,200
vsize_-1_soft_0.080,pipeline_soft,0.08,0.00,9,9,7,7,0.1534,0.1847,0.0831,0.0893,0.5413,6.058,8636,88021,10973900,7318,15954,96657,5.29,42.08,4.40,vsize_-1,3,3,4,0.01,3,2,200
vsize_-1_soft_0.100,pipeline_soft,0.1,0.00,9,9,7,7,0.1534,0.1847,0.0831,0.0893,0.5413,6.058,8636,88021,10973900,7318,15954,96657,5.29,42.08,4.40,vsize_-1,3,3,4,0.01,3,2,200
vsize_-1_soft_0.120,pipeline_soft,0.12,0.00,9,9,7,7,0.1534,0.1847,0.0831,0.0893,0.5413,6.058,8636,88021,10973900,7318,15954,96657,5.29,42.08,4.40,vsize_-1,3,3,4,0.01,3,2,200
vsize_-1_soft_0.140,pipeline_soft,0.14,0.00,9,9,7,7,0.1534,0.1847,0.0831,0.0893,0.5413,6.058,8636,88021,10973900,7318,15954,96657,5.29,42.08,4.40,vsize_-1,3,3,4,0.01,3,2,200
vsize_-1_soft_0.160,pipeline_soft,0.16,0.00,9,9,7,7,0.1534,0.1847,0.0831,0.0893,0.5413,6.058,8636,88021,10973900,7318,15954,96657,5.29,42.08,4.40,vsize_-1,3,3,4,0.01,3,2,200
vsize_-1_soft_0.180,pipeline_soft,0.18,0.00,9,9,7,7,0.1534,0.1847,0.0831,0.0893,0.5413,6.058,8636,88021,10973900,7318,15954,96657,5.29,42.08,4.40,vsize_-1,3,3,4,0.01,3,2,200
vsize_-1_soft_0.200,pipeline_soft,0.2,0.00,9,9,7,7,0.1534,0.1847,0.0831,0.0893,0.5413,6.058,8636,88021,10973900,7318,15954,96657,5.29,42.08,4.40,vsize_-1,3,3,4,0.01,3,2,200
vsize_-1_soft_0.220,pipeline_soft,0.22,0.00,9,9,7,7,0.1534,0.1847,0.0831,0.0893,0.5413,6.058,8636,88021,10973900,7318,15954,96657,5.29,42.08,4.40,vsize_-1,3,3,4,0.01,3,2,200
vsize_-1_soft_0.240,pipeline_soft,0.24,0.00,9,9,7,7,0.1534,0.1847,0.0831,0.0893,0.5413,6.058,8636,88021,10973900,7318,15954,96657,5.29,42.08,4.40,vsize_-1,3,3,4,0.01,3,2,200
vsize_-1_soft_0.260,pipeline_soft,0.26,0.00,9,9,7,7,0.1534,0.1847,0.0831,0.0893,0.5413,6.058,8636,88021,10973900,7318,15954,96657,5.29,42.08,4.40,vsize_-1,3,3,4,0.01,3,2,200
vsize_-1_soft_0.280,pipeline_soft,0.28,0.00,9,9,7,7,0.1534,0.1847,0.0831,0.0893,0.5413,6.058,8636,88021,10973900,7318,15954,96657,5.29,42.08,4.40,vsize_-1,3,3,4,0.01,3,2,200
vsize_-1_soft_0.300,pipeline_soft,0.3,0.00,9,9,7,7,0.1534,0.1847,0.0831,0.0893,0.5413,6.058,8636,88021,10973900,7318,15954,96657,5.29,42.08,4.40,vsize_-1,3,3,4,0.01,3,2,200
vsize_-1_soft_0.320,pipeline_soft,0.32,0.00,9,9,7,7,0.1534,0.1847,0.0831,0.0893,0.5413,6.058,8636,88021,10973900,7318,15954,96657,5.29,42.08,4.40,vsize_-1,3,3,4,0.01,3,2,200
vsize_-1_soft_0.340,pipeline_soft,0.34,0.00,8,9,7,7,0.3064,0.3795,0.1809,0.2775,0.3419,1.232,5454,14198,11047723,10500,15954,19652,5.29,8.76,2.71,vsize_-1,3,3,4,0.01,3,2,200
vsize_-1_soft_0.360,pipeline_soft,0.36,0.00,8,9,7,7,0.3064,0.3795,0.1809,0.2775,0.3419,1.232,5454,14198,11047723,10500,15954,19652,5.29,8.76,2.71,vsize_-1,3,3,4,0.01,3,2,200
vsize_-1_soft_0.380,pipeline_soft,0.38,0.00,8,9,7,7,0.3064,0.3795,0.1809,0.2775,0.3419,1.232,5454,14198,11047723,10500,15954,19652,5.29,8.76,2.71,vsize_-1,3,3,4,0.01,3,2,200
vsize_-1_soft_0.400,pipeline_soft,0.4,0.00,8,9,7,7,0.3064,0.3795,0.1809,0.2775,0.3419,1.232,5454,14198,11047723,10500,15954,19652,5.29,8.76,2.71,vsize_-1,3,3,4,0.01,3,2,200
vsize_-1_soft_0.420,pipeline_soft,0.42,0.00,8,9,7,7,0.3064,0.3795,0.1809,0.2775,0.3419,1.232,5454,14198,11047723,10500,15954,19652,5.29,8.76,2.71,vsize_-1,3,3,4,0.01,3,2,200
vsize_-1_soft_0.440,pipeline_soft,0.44,0.00,8,9,7,7,0.3064,0.3795,0.1809,0.2775,0.3419,1.232,5454,14198,11047723,10500,15954,19652,5.29,8.76,2.71,vsize_-1,3,3,4,0.01,3,2,200
vsize_-1_soft_0.460,pipeline_soft,0.46,0.00,8,9,7,7,0.3064,0.3795,0.1809,0.2775,0.3419,1.232,5454,14198,11047723,10500,15954,19652,5.29,8.76,2.71,vsize_-1,3,3,4,0.01,3,2,200
vsize_-1_soft_0.480,pipeline_soft,0.48,0.00,8,9,7,7,0.3064,0.3795,0.1809,0.2775,0.3419,1.232,5454,14198,11047723,10500,15954,19652,5.29,8.76,2.71,vsize_-1,3,3,4,0.01,3,2,200
vsize_-1_soft_0.500,pipeline_soft,0.5,0.00,8,9,7,7,0.3064,0.3795,0.1809,0.2775,0.3419,1.232,5454,14198,11047723,10500,15954,19652,5.29,8.76,2.71,vsize_-1,3,3,4,0.01,3,2,200
vsize_-1_soft_0.520,pipeline_soft,0.52,0.00,8,9,7,7,0.3064,0.3795,0.1809,0.2775,0.3419,1.232,5454,14198,11047723,10500,15954,19652,5.29,8.76,2.71,vsize_-1,3,3,4,0.01,3,2,200
vsize_-1_soft_0.540,pipeline_soft,0.54,0.00,8,9,7,7,0.3064,0.3795,0.1809,0.2775,0.3419,1.232,5454,14198,11047723,10500,15954,19652,5.29,8.76,2.71,vsize_-1,3,3,4,0.01,3,2,200
vsize_-1_soft_0.560,pipeline_soft,0.56,0.00,8,9,7,7,0.3064,0.3795,0.1809,0.2775,0.3419,1.232,5454,14198,11047723,10500,15954,19652,5.29,8.76,2.71,vsize_-1,3,3,4,0.01,3,2,200
vsize_-1_soft_0.580,pipeline_soft,0.58,0.00,8,9,7,7,0.3064,0.3795,0.1809,0.2775,0.3419,1.232,5454,14198,11047723,10500,15954,19652,5.29,8.76,2.71,vsize_-1,3,3,4,0.01,3,2,200
vsize_-1_soft_0.600,pipeline_soft,0.6,0.00,8,9,7,7,0.3064,0.3795,0.1809,0.2775,0.3419,1.232,5454,14198,11047723,10500,15954,19652,5.29,8.76,2.71,vsize_-1,3,3,4,0.01,3,2,200
vsize_-1_soft_0.620,pipeline_soft,0.62,0.00,8,9,7,7,0.3064,0.3795,0.1809,0.2775,0.3419,1.232,5454,14198,11047723,10500,15954,19652,5.29,8.76,2.71,vsize_-1,3,3,4,0.01,3,2,200
vsize_-1_soft_0.640,pipeline_soft,0.64,0.00,8,9,7,7,0.3064,0.3795,0.1809,0.2775,0.3419,1.232,5454,14198,11047723,10500,15954,19652,5.29,8.76,2.71,vsize_-1,3,3,4,0.01,3,2,200
vsize_-1_soft_0.660,pipeline_soft,0.66,0.00,8,9,7,7,0.3064,0.3795,0.1809,0.2775,0.3419,1.232,5454,14198,11047723,10500,15954,19652,5.29,8.76,2.71,vsize_-1,3,3,4,0.01,3,2,200
vsize_-1_soft_0.680,pipeline_soft,0.68,0.00,8,9,7,7,0.2005,0.2632,0.1114,0.4237,0.1313,0.310,2095,2850,11059071,13859,15954,4945,5.29,2.23,0.99,vsize_-1,3,3,4,0.01,3,2,200
vsize_-1_soft_0.700,pipeline_soft,0.7,0.00,8,9,7,7,0.2005,0.2632,0.1114,0.4237,0.1313,0.310,2095,2850,11059071,13859,15954,4945,5.29,2.23,0.99,vsize_-1,3,3,4,0.01,3,2,200
vsize_-1_soft_0.720,pipeline_soft,0.72,0.00,8,9,7,7,0.2005,0.2632,0.1114,0.4237,0.1313,0.310,2095,2850,11059071,13859,15954,4945,5.29,2.23,0.99,vsize_-1,3,3,4,0.01,3,2,200
vsize_-1_soft_0.740,pipeline_soft,0.74,0.00,8,9,7,7,0.2005,0.2632,0.1114,0.4237,0.1313,0.310,2095,2850,11059071,13859,15954,4945,5.29,2.23,0.99,vsize_-1,3,3,4,0.01,3,2,200
vsize_-1_soft_0.760,pipeline_soft,0.76,0.00,8,9,7,7,0.2005,0.2632,0.1114,0.4237,0.1313,0.310,2095,2850,11059071,13859,15954,4945,5.29,2.23,0.99,vsize_-1,3,3,4,0.01,3,2,200
vsize_-1_soft_0.780,pipeline_soft,0.78,0.00,8,9,7,7,0.2005,0.2632,0.1114,0.4237,0.1313,0.310,2095,2850,11059071,13859,15954,4945,5.29,2.23,0.99,vsize_-1,3,3,4,0.01,3,2,200
vsize_-1_soft_0.800,pipeline_soft,0.8,0.00,8,9,7,7,0.2005,0.2632,0.1114,0.4237,0.1313,0.310,2095,2850,11059071,13859,15954,4945,5.29,2.23,0.99,vsize_-1,3,3,4,0.01,3,2,200
vsize_-1_soft_0.820,pipeline_soft,0.82,0.00,8,9,7,7,0.2005,0.2632,0.1114,0.4237,0.1313,0.310,2095,2850,11059071,13859,15954,4945,5.29,2.23,0.99,vsize_-1,3,3,4,0.01,3,2,200
vsize_-1_soft_0.840,pipeline_soft,0.84,0.00,8,9,7,7,0.2005,0.2632,0.1114,0.4237,0.1313,0.310,2095,2850,11059071,13859,15954,4945,5.29,2.23,0.99,vsize_-1,3,3,4,0.01,3,2,200
vsize_-1_soft_0.860,pipeline_soft,0.86,0.00,8,9,7,7,0.2005,0.2632,0.1114,0.4237,0.1313,0.310,2095,2850,11059071,13859,15954,4945,5.29,2.23,0.99,vsize_-1,3,3,4,0.01,3,2,200
vsize_-1_soft_0.880,pipeline_soft,0.88,0.00,8,9,7,7,0.2005,0.2632,0.1114,0.4237,0.1313,0.310,2095,2850,11059071,13859,15954,4945,5.29,2.23,0.99,vsize_-1,3,3,4,0.01,3,2,200
vsize_-1_soft_0.900,pipeline_soft,0.9,0.00,8,9,7,7,0.2005,0.2632,0.1114,0.4237,0.1313,0.310,2095,2850,11059071,13859,15954,4945,5.29,2.23,0.99,vsize_-1,3,3,4,0.01,3,2,200
vsize_-1_soft_0.920,pipeline_soft,0.92,0.00,8,9,7,7,0.2005,0.2632,0.1114,0.4237,0.1313,0.310,2095,2850,11059071,13859,15954,4945,5.29,2.23,0.99,vsize_-1,3,3,4,0.01,3,2,200
vsize_-1_soft_0.940,pipeline_soft,0.94,0.00,8,9,7,7,0.2005,0.2632,0.1114,0.4237,0.1313,0.310,2095,2850,11059071,13859,15954,4945,5.29,2.23,0.99,vsize_-1,3,3,4,0.01,3,2,200
vsize_-1_soft_0.960,pipeline_soft,0.96,0.00,8,9,7,7,0.2005,0.2632,0.1114,0.4237,0.1313,0.310,2095,2850,11059071,13859,15954,4945,5.29,2.23,0.99,vsize_-1,3,3,4,0.01,3,2,200
vsize_-1_soft_0.980,pipeline_soft,0.98,0.00,8,9,7,7,0.2005,0.2632,0.1114,0.4237,0.1313,0.310,2095,2850,11059071,13859,15954,4945,5.29,2.23,0.99,vsize_-1,3,3,4,0.01,3,2,200
vsize_-2_std_-1_soft_0.000,pipeline_soft,0.0,0.00,9,9,7,7,0.1322,0.1531,0.0708,0.0756,0.5253,6.947,8380,102453,10959468,7574,15954,110833,5.29,51.34,4.36,vsize_-2_std_-1,2,2,4,0.01,3,2,200
vsize_-2_std_-1_soft_0.020,pipeline_soft,0.02,0.00,9,9,7,7,0.1322,0.1531,0.0708,0.0756,0.5253,6.947,8380,102453,10959468,7574,15954,110833,5.29,51.34,4.36,vsize_-2_std_-1,2,2,4,0.01,3,2,200
vsize_-2_std_-1_soft_0.040,pipeline_soft,0.04,0.00,9,9,7,7,0.1322,0.1531,0.0708,0.0756,0.5253,6.947,8380,102453,10959468,7574,15954,110833,5.29,51.34,4.36,vsize_-2_std_-1,2,2,4,0.01,3,2,200
vsize_-2_std_-1_soft_0.060,pipeline_soft,0.06,0.00,9,9,7,7,0.1322,0.1531,0.0708,0.0756,0.5253,6.947,8380,102453,10959468,7574,15954,110833,5.29,51.34,4.36,vsize_-2_std_-1,2,2,4,0.01,3,2,200
vsize_-2_std_-1_soft_0.080,pipeline_soft,0.08,0.00,9,9,7,7,0.1322,0.1531,0.0708,0.0756,0.5253,6.947,8380,102453,10959468,7574,15954,110833,5.29,51.34,4.36,vsize_-2_std_-1,2,2,4,0.01,3,2,200
vsize_-2_std_-1_soft_0.100,pipeline_soft,0.1,0.00,9,9,7,7,0.1322,0.1531,0.0708,0.0756,0.5253,6.947,8380,102453,10959468,7574,15954,110833,5.29,51.34,4.36,vsize_-2_std_-1,2,2,4,0.01,3,2,200
vsize_-2_std_-1_soft_0.120,pipeline_soft,0.12,0.00,9,9,7,7,0.1322,0.1531,0.0708,0.0756,0.5253,6.947,8380,102453,10959468,7574,15954,110833,5.29,51.34,4.36,vsize_-2_std_-1,2,2,4,0.01,3,2,200
vsize_-2_std_-1_soft_0.140,pipeline_soft,0.14,0.00,9,9,7,7,0.1322,0.1531,0.0708,0.0756,0.5253,6.947,8380,102453,10959468,7574,15954,110833,5.29,51.34,4.36,vsize_-2_std_-1,2,2,4,0.01,3,2,200
vsize_-2_std_-1_soft_0.160,pipeline_soft,0.16,0.00,9,9,7,7,0.1322,0.1531,0.0708,0.0756,0.5253,6.947,8380,102453,10959468,7574,15954,110833,5.29,51.34,4.36,vsize_-2_std_-1,2,2,4,0.01,3,2,200
vsize_-2_std_-1_soft_0.180,pipeline_soft,0.18,0.00,9,9,7,7,0.1322,0.1531,0.0708,0.0756,0.5253,6.947,8380,102453,10959468,7574,15954,110833,5.29,51.34,4.36,vsize_-2_std_-1,2,2,4,0.01,3,2,200
vsize_-2_std_-1_soft_0.200,pipeline_soft,0.2,0.00,9,9,7,7,0.1322,0.1531,0.0708,0.0756,0.5253,6.947,8380,102453,10959468,7574,15954,110833,5.29,51.34,4.36,vsize_-2_std_-1,2,2,4,0.01,3,2,200
vsize_-2_std_-1_soft_0.220,pipeline_soft,0.22,0.00,9,9,7,7,0.1322,0.1531,0.0708,0.0756,0.5253,6.947,8380,102453,10959468,7574,15954,110833,5.29,51.34,4.36,vsize_-2_std_-1,2,2,4,0.01,3,2,200
vsize_-2_std_-1_soft_0.240,pipeline_soft,0.24,0.00,9,9,7,7,0.1322,0.1531,0.0708,0.0756,0.5253,6.947,8380,102453,10959468,7574,15954,110833,5.29,51.34,4.36,vsize_-2_std_-1,2,2,4,0.01,3,2,200
vsize_-2_std_-1_soft_0.260,pipeline_soft,0.26,0.00,9,9,7,7,0.1322,0.1531,0.0708,0.0756,0.5253,6.947,8380,102453,10959468,7574,15954,110833,5.29,51.34,4.36,vsize_-2_std_-1,2,2,4,0.01,3,2,200
vsize_-2_std_-1_soft_0.280,pipeline_soft,0.28,0.00,9,9,7,7,0.1322,0.1531,0.0708,0.0756,0.5253,6.947,8380,102453,10959468,7574,15954,110833,5.29,51.34,4.36,vsize_-2_std_-1,2,2,4,0.01,3,2,200
vsize_-2_std_-1_soft_0.300,pipeline_soft,0.3,0.00,9,9,7,7,0.1322,0.1531,0.0708,0.0756,0.5253,6.947,8380,102453,10959468,7574,15954,110833,5.29,51.34,4.36,vsize_-2_std_-1,2,2,4,0.01,3,2,200
vsize_-2_std_-1_soft_0.320,pipeline_soft,0.32,0.00,9,9,7,7,0.1322,0.1531,0.0708,0.0756,0.5253,6.947,8380,102453,10959468,7574,15954,110833,5.29,51.34,4.36,vsize_-2_std_-1,2,2,4,0.01,3,2,200
vsize_-2_std_-1_soft_0.340,pipeline_soft,0.34,0.00,6,9,7,7,0.1954,0.2491,0.1083,0.2227,0.1741,0.782,2777,9695,11052226,13177,15954,12472,5.29,6.34,1.48,vsize_-2_std_-1,2,2,4,0.01,3,2,200
vsize_-2_std_-1_soft_0.360,pipeline_soft,0.36,0.00,6,9,7,7,0.1954,0.2491,0.1083,0.2227,0.1741,0.782,2777,9695,11052226,13177,15954,12472,5.29,6.34,1.48,vsize_-2_std_-1,2,2,4,0.01,3,2,200
vsize_-2_std_-1_soft_0.380,pipeline_soft,0.38,0.00,6,9,7,7,0.1954,0.2491,0.1083,0.2227,0.1741,0.782,2777,9695,11052226,13177,15954,12472,5.29,6.34,1.48,vsize_-2_std_-1,2,2,4,0.01,3,2,200
vsize_-2_std_-1_soft_0.400,pipeline_soft,0.4,0.00,6,9,7,7,0.1954,0.2491,0.1083,0.2227,0.1741,0.782,2777,9695,11052226,13177,15954,12472,5.29,6.34,1.48,vsize_-2_std_-1,2,2,4,0.01,3,2,200
vsize_-2_std_-1_soft_0.420,pipeline_soft,0.42,0.00,6,9,7,7,0.1954,0.2491,0.1083,0.2227,0.1741,0.782,2777,9695,11052226,13177,15954,12472,5.29,6.34,1.48,vsize_-2_std_-1,2,2,4,0.01,3,2,200
vsize_-2_std_-1_soft_0.440,pipeline_soft,0.44,0.00,6,9,7,7,0.1954,0.2491,0.1083,0.2227,0.1741,0.782,2777,9695,11052226,13177,15954,12472,5.29,6.34,1.48,vsize_-2_std_-1,2,2,4,0.01,3,2,200
vsize_-2_std_-1_soft_0.460,pipeline_soft,0.46,0.00,6,9,7,7,0.1954,0.2491,0.1083,0.2227,0.1741,0.782,2777,9695,11052226,13177,15954,12472,5.29,6.34,1.48,vsize_-2_std_-1,2,2,4,0.01,3,2,200
vsize_-2_std_-1_soft_0.480,pipeline_soft,0.48,0.00,6,9,7,7,0.1954,0.2491,0.1083,0.2227,0.1741,0.782,2777,9695,11052226,13177,15954,12472,5.29,6.34,1.48,vsize_-2_std_-1,2,2,4,0.01,3,2,200
vsize_-2_std_-1_soft_0.500,pipeline_soft,0.5,0.00,6,9,7,7,0.1954,0.2491,0.1083,0.2227,0.1741,0.782,2777,9695,11052226,13177,15954,12472,5.29,6.34,1.48,vsize_-2_std_-1,2,2,4,0.01,3,2,200
vsize_-2_std_-1_soft_0.520,pipeline_soft,0.52,0.00,6,9,7,7,0.1954,0.2491,0.1083,0.2227,0.1741,0.782,2777,9695,11052226,13177,15954,12472,5.29,6.34,1.48,vsize_-2_std_-1,2,2,4,0.01,3,2,200
vsize_-2_std_-1_soft_0.540,pipeline_soft,0.54,0.00,6,9,7,7,0.1954,0.2491,0.1083,0.2227,0.1741,0.782,2777,9695,11052226,13177,15954,12472,5.29,6.34,1.48,vsize_-2_std_-1,2,2,4,0.01,3,2,200
vsize_-2_std_-1_soft_0.560,pipeline_soft,0.56,0.00,6,9,7,7,0.1954,0.2491,0.1083,0.2227,0.1741,0.782,2777,9695,11052226,13177,15954,12472,5.29,6.34,1.48,vsize_-2_std_-1,2,2,4,0.01,3,2,200
vsize_-2_std_-1_soft_0.580,pipeline_soft,0.58,0.00,6,9,7,7,0.1954,0.2491,0.1083,0.2227,0.1741,0.782,2777,9695,11052226,13177,15954,12472,5.29,6.34,1.48,vsize_-2_std_-1,2,2,4,0.01,3,2,200
vsize_-2_std_-1_soft_0.600,pipeline_soft,0.6,0.00,6,9,7,7,0.1954,0.2491,0.1083,0.2227,0.1741,0.782,2777,9695,11052226,13177,15954,12472,5.29,6.34,1.48,vsize_-2_std_-1,2,2,4,0.01,3,2,200
vsize_-2_std_-1_soft_0.620,pipeline_soft,0.62,0.00,6,9,7,7,0.1954,0.2491,0.1083,0.2227,0.1741,0.782,2777,9695,11052226,13177,15954,12472,5.29,6.34,1.48,vsize_-2_std_-1,2,2,4,0.01,3,2,200
vsize_-2_std_-1_soft_0.640,pipeline_soft,0.64,0.00,6,9,7,7,0.1954,0.2491,0.1083,0.2227,0.1741,0.782,2777,9695,11052226,13177,15954,12472,5.29,6.34,1.48,vsize_-2_std_-1,2,2,4,0.01,3,2,200
vsize_-2_std_-1_soft_0.660,pipeline_soft,0.66,0.00,6,9,7,7,0.1954,0.2491,0.1083,0.2227,0.1741,0.782,2777,9695,11052226,13177,15954,12472,5.29,6.34,1.48,vsize_-2_std_-1,2,2,4,0.01,3,2,200
vsize_-2_std_-1_soft_0.680,pipeline_soft,0.68,0.00,0,9,7,7,0.0245,0.0393,0.0124,0.4558,0.0126,0.028,201,240,11061681,15753,15954,441,5.29,0.25,0.13,vsize_-2_std_-1,2,2,4,0.01,3,2,200
vsize_-2_std_-1_soft_0.700,pipeline_soft,0.7,0.00,0,9,7,7,0.0245,0.0393,0.0124,0.4558,0.0126,0.028,201,240,11061681,15753,15954,441,5.29,0.25,0.13,vsize_-2_std_-1,2,2,4,0.01,3,2,200
vsize_-2_std_-1_soft_0.720,pipeline_soft,0.72,0.00,0,9,7,7,0.0245,0.0393,0.0124,0.4558,0.0126,0.028,201,240,11061681,15753,15954,441,5.29,0.25,0.13,vsize_-2_std_-1,2,2,4,0.01,3,2,200
vsize_-2_std_-1_soft_0.740,pipeline_soft,0.74,0.00,0,9,7,7,0.0245,0.0393,0.0124,0.4558,0.0126,0.028,201,240,11061681,15753,15954,441,5.29,0.25,0.13,vsize_-2_std_-1,2,2,4,0.01,3,2,200
vsize_-2_std_-1_soft_0.760,pipeline_soft,0.76,0.00,0,9,7,7,0.0245,0.0393,0.0124,0.4558,0.0126,0.028,201,240,11061681,15753,15954,441,5.29,0.25,0.13,vsize_-2_std_-1,2,2,4,0.01,3,2,200
vsize_-2_std_-1_soft_0.780,pipeline_soft,0.78,0.00,0,9,7,7,0.0245,0.0393,0.0124,0.4558,0.0126,0.028,201,240,11061681,15753,15954,441,5.29,0.25,0.13,vsize_-2_std_-1,2,2,4,0.01,3,2,200
vsize_-2_std_-1_soft_0.800,pipeline_soft,0.8,0.00,0,9,7,7,0.0245,0.0393,0.0124,0.4558,0.0126,0.028,201,240,11061681,15753,15954,441,5.29,0.25,0.13,vsize_-2_std_-1,2,2,4,0.01,3,2,200
vsize_-2_std_-1_soft_0.820,pipeline_soft,0.82,0.00,0,9,7,7,0.0245,0.0393,0.0124,0.4558,0.0126,0.028,201,240,11061681,15753,15954,441,5.29,0.25,0.13,vsize_-2_std_-1,2,2,4,0.01,3,2,200
vsize_-2_std_-1_soft_0.840,pipeline_soft,0.84,0.00,0,9,7,7,0.0245,0.0393,0.0124,0.4558,0.0126,0.028,201,240,11061681,15753,15954,441,5.29,0.25,0.13,vsize_-2_std_-1,2,2,4,0.01,3,2,200
vsize_-2_std_-1_soft_0.860,pipeline_soft,0.86,0.00,0,9,7,7,0.0245,0.0393,0.0124,0.4558,0.0126,0.028,201,240,11061681,15753,15954,441,5.29,0.25,0.13,vsize_-2_std_-1,2,2,4,0.01,3,2,200
vsize_-2_std_-1_soft_0.880,pipeline_soft,0.88,0.00,0,9,7,7,0.0245,0.0393,0.0124,0.4558,0.0126,0.028,201,240,11061681,15753,15954,441,5.29,0.25,0.13,vsize_-2_std_-1,2,2,4,0.01,3,2,200
vsize_-2_std_-1_soft_0.900,pipeline_soft,0.9,0.00,0,9,7,7,0.0245,0.0393,0.0124,0.4558,0.0126,0.028,201,240,11061681,15753,15954,441,5.29,0.25,0.13,vsize_-2_std_-1,2,2,4,0.01,3,2,200
vsize_-2_std_-1_soft_0.920,pipeline_soft,0.92,0.00,0,9,7,7,0.0245,0.0393,0.0124,0.4558,0.0126,0.028,201,240,11061681,15753,15954,441,5.29,0.25,0.13,vsize_-2_std_-1,2,2,4,0.01,3,2,200
vsize_-2_std_-1_soft_0.940,pipeline_soft,0.94,0.00,0,9,7,7,0.0245,0.0393,0.0124,0.4558,0.0126,0.028,201,240,11061681,15753,15954,441,5.29,0.25,0.13,vsize_-2_std_-1,2,2,4,0.01,3,2,200
vsize_-2_std_-1_soft_0.960,pipeline_soft,0.96,0.00,0,9,7,7,0.0245,0.0393,0.0124,0.4558,0.0126,0.028,201,240,11061681,15753,15954,441,5.29,0.25,0.13,vsize_-2_std_-1,2,2,4,0.01,3,2,200
vsize_-2_std_-1_soft_0.980,pipeline_soft,0.98,0.00,0,9,7,7,0.0245,0.0393,0.0124,0.4558,0.0126,0.028,201,240,11061681,15753,15954,441,5.29,0.25,0.13,vsize_-2_std_-1,2,2,4,0.01,3,2,200
vsize_+1_soft_0.000,pipeline_soft,0.0,0.00,9,9,7,7,0.1266,0.1783,0.0676,0.0704,0.6294,8.945,10042,132670,10929251,5912,15954,142712,5.29,43.18,4.32,vsize_+1,5,3,4,0.01,3,2,200
vsize_+1_soft_0.020,pipeline_soft,0.02,0.00,9,9,7,7,0.1266,0.1783,0.0676,0.0704,0.6294,8.945,10042,132670,10929251,5912,15954,142712,5.29,43.18,4.32,vsize_+1,5,3,4,0.01,3,2,200
vsize_+1_soft_0.040,pipeline_soft,0.04,0.00,9,9,7,7,0.1266,0.1783,0.0676,0.0704,0.6294,8.945,10042,132670,10929251,5912,15954,142712,5.29,43.18,4.32,vsize_+1,5,3,4,0.01,3,2,200
vsize_+1_soft_0.060,pipeline_soft,0.06,0.00,9,9,7,7,0.1266,0.1783,0.0676,0.0704,0.6294,8.945,10042,132670,10929251,5912,15954,142712,5.29,43.18,4.32,vsize_+1,5,3,4,0.01,3,2,200
vsize_+1_soft_0.080,pipeline_soft,0.08,0.00,9,9,7,7,0.1266,0.1783,0.0676,0.0704,0.6294,8.945,10042,132670,10929251,5912,15954,142712,5.29,43.18,4.32,vsize_+1,5,3,4,0.01,3,2,200
vsize_+1_soft_0.100,pipeline_soft,0.1,0.00,9,9,7,7,0.1266,0.1783,0.0676,0.0704,0.6294,8.945,10042,132670,10929251,5912,15954,142712,5.29,43.18,4.32,vsize_+1,5,3,4,0.01,3,2,200
vsize_+1_soft_0.120,pipeline_soft,0.12,0.00,9,9,7,7,0.1266,0.1783,0.0676,0.0704,0.6294,8.945,10042,132670,10929251,5912,15954,142712,5.29,43.18,4.32,vsize_+1,5,3,4,0.01,3,2,200
vsize_+1_soft_0.140,pipeline_soft,0.14,0.00,9,9,7,7,0.1266,0.1783,0.0676,0.0704,0.6294,8.945,10042,132670,10929251,5912,15954,142712,5.29,43.18,4.32,vsize_+1,5,3,4,0.01,3,2,200
vsize_+1_soft_0.160,pipeline_soft,0.16,0.00,9,9,7,7,0.1266,0.1783,0.0676,0.0704,0.6294,8.945,10042,132670,10929251,5912,15954,142712,5.29,43.18,4.32,vsize_+1,5,3,4,0.01,3,2,200
vsize_+1_soft_0.180,pipeline_soft,0.18,0.00,9,9,7,7,0.1266,0.1783,0.0676,0.0704,0.6294,8.945,10042,132670,10929251,5912,15954,142712,5.29,43.18,4.32,vsize_+1,5,3,4,0.01,3,2,200
vsize_+1_soft_0.200,pipeline_soft,0.2,0.00,9,9,7,7,0.1266,0.1783,0.0676,0.0704,0.6294,8.945,10042,132670,10929251,5912,15954,142712,5.29,43.18,4.32,vsize_+1,5,3,4,0.01,3,2,200
vsize_+1_soft_0.220,pipeline_soft,0.22,0.00,9,9,7,7,0.1266,0.1783,0.0676,0.0704,0.6294,8.945,10042,132670,10929251,5912,15954,142712,5.29,43.18,4.32,vsize_+1,5,3,4,0.01,3,2,200
vsize_+1_soft_0.240,pipeline_soft,0.24,0.00,9,9,7,7,0.1266,0.1783,0.0676,0.0704,0.6294,8.945,10042,132670,10929251,5912,15954,142712,5.29,43.18,4.32,vsize_+1,5,3,4,0.01,3,2,200
vsize_+1_soft_0.260,pipeline_soft,0.26,0.00,9,9,7,7,0.1266,0.1783,0.0676,0.0704,0.6294,8.945,10042,132670,10929251,5912,15954,142712,5.29,43.18,4.32,vsize_+1,5,3,4,0.01,3,2,200
vsize_+1_soft_0.280,pipeline_soft,0.28,0.00,9,9,7,7,0.1266,0.1783,0.0676,0.0704,0.6294,8.945,10042,132670,10929251,5912,15954,142712,5.29,43.18,4.32,vsize_+1,5,3,4,0.01,3,2,200
vsize_+1_soft_0.300,pipeline_soft,0.3,0.00,9,9,7,7,0.1266,0.1783,0.0676,0.0704,0.6294,8.945,10042,132670,10929251,5912,15954,142712,5.29,43.18,4.32,vsize_+1,5,3,4,0.01,3,2,200
vsize_+1_soft_0.320,pipeline_soft,0.32,0.00,9,9,7,7,0.1266,0.1783,0.0676,0.0704,0.6294,8.945,10042,132670,10929251,5912,15954,142712,5.29,43.18,4.32,vsize_+1,5,3,4,0.01,3,2,200
vsize_+1_soft_0.340,pipeline_soft,0.34,0.00,8,9,7,7,0.2013,0.2633,0.1119,0.1405,0.3549,2.526,5662,34635,11027286,10292,15954,40297,5.29,12.46,2.33,vsize_+1,5,3,4,0.01,3,2,200
vsize_+1_soft_0.360,pipeline_soft,0.36,0.00,8,9,7,7,0.2013,0.2633,0.1119,0.1405,0.3549,2.526,5662,34635,11027286,10292,15954,40297,5.29,12.46,2.33,vsize_+1,5,3,4,0.01,3,2,200
vsize_+1_soft_0.380,pipeline_soft,0.38,0.00,8,9,7,7,0.2013,0.2633,0.1119,0.1405,0.3549,2.526,5662,34635,11027286,10292,15954,40297,5.29,12.46,2.33,vsize_+1,5,3,4,0.01,3,2,200
vsize_+1_soft_0.400,pipeline_soft,0.4,0.00,8,9,7,7,0.2013,0.2633,0.1119,0.1405,0.3549,2.526,5662,34635,11027286,10292,15954,40297,5.29,12.46,2.33,vsize_+1,5,3,4,0.01,3,2,200
vsize_+1_soft_0.420,pipeline_soft,0.42,0.00,8,9,7,7,0.2013,0.2633,0.1119,0.1405,0.3549,2.526,5662,34635,11027286,10292,15954,40297,5.29,12.46,2.33,vsize_+1,5,3,4,0.01,3,2,200
vsize_+1_soft_0.440,pipeline_soft,0.44,0.00,8,9,7,7,0.2013,0.2633,0.1119,0.1405,0.3549,2.526,5662,34635,11027286,10292,15954,40297,5.29,12.46,2.33,vsize_+1,5,3,4,0.01,3,2,200
vsize_+1_soft_0.460,pipeline_soft,0.46,0.00,8,9,7,7,0.2013,0.2633,0.1119,0.1405,0.3549,2.526,5662,34635,11027286,10292,15954,40297,5.29,12.46,2.33,vsize_+1,5,3,4,0.01,3,2,200
vsize_+1_soft_0.480,pipeline_soft,0.48,0.00,8,9,7,7,0.2013,0.2633,0.1119,0.1405,0.3549,2.526,5662,34635,11027286,10292,15954,40297,5.29,12.46,2.33,vsize_+1,5,3,4,0.01,3,2,200
vsize_+1_soft_0.500,pipeline_soft,0.5,0.00,8,9,7,7,0.2013,0.2633,0.1119,0.1405,0.3549,2.526,5662,34635,11027286,10292,15954,40297,5.29,12.46,2.33,vsize_+1,5,3,4,0.01,3,2,200
vsize_+1_soft_0.520,pipeline_soft,0.52,0.00,8,9,7,7,0.2013,0.2633,0.1119,0.1405,0.3549,2.526,5662,34635,11027286,10292,15954,40297,5.29,12.46,2.33,vsize_+1,5,3,4,0.01,3,2,200
vsize_+1_soft_0.540,pipeline_soft,0.54,0.00,8,9,7,7,0.2013,0.2633,0.1119,0.1405,0.3549,2.526,5662,34635,11027286,10292,15954,40297,5.29,12.46,2.33,vsize_+1,5,3,4,0.01,3,2,200
vsize_+1_soft_0.560,pipeline_soft,0.56,0.00,8,9,7,7,0.2013,0.2633,0.1119,0.1405,0.3549,2.526,5662,34635,11027286,10292,15954,40297,5.29,12.46,2.33,vsize_+1,5,3,4,0.01,3,2,200
vsize_+1_soft_0.580,pipeline_soft,0.58,0.00,8,9,7,7,0.2013,0.2633,0.1119,0.1405,0.3549,2.526,5662,34635,11027286,10292,15954,40297,5.29,12.46,2.33,vsize_+1,5,3,4,0.01,3,2,200
vsize_+1_soft_0.600,pipeline_soft,0.6,0.00,8,9,7,7,0.2013,0.2633,0.1119,0.1405,0.3549,2.526,5662,34635,11027286,10292,15954,40297,5.29,12.46,2.33,vsize_+1,5,3,4,0.01,3,2,200
vsize_+1_soft_0.620,pipeline_soft,0.62,0.00,8,9,7,7,0.2013,0.2633,0.1119,0.1405,0.3549,2.526,5662,34635,11027286,10292,15954,40297,5.29,12.46,2.33,vsize_+1,5,3,4,0.01,3,2,200
vsize_+1_soft_0.640,pipeline_soft,0.64,0.00,8,9,7,7,0.2013,0.2633,0.1119,0.1405,0.3549,2.526,5662,34635,11027286,10292,15954,40297,5.29,12.46,2.33,vsize_+1,5,3,4,0.01,3,2,200
vsize_+1_soft_0.660,pipeline_soft,0.66,0.00,8,9,7,7,0.2013,0.2633,0.1119,0.1405,0.3549,2.526,5662,34635,11027286,10292,15954,40297,5.29,12.46,2.33,vsize_+1,5,3,4,0.01,3,2,200
vsize_+1_soft_0.680,pipeline_soft,0.68,0.00,6,9,7,7,0.1986,0.2530,0.1102,0.4216,0.1299,0.308,2072,2843,11059078,13882,15954,4915,5.29,1.72,0.86,vsize_+1,5,3,4,0.01,3,2,200
vsize_+1_soft_0.700,pipeline_soft,0.7,0.00,6,9,7,7,0.1986,0.2530,0.1102,0.4216,0.1299,0.308,2072,2843,11059078,13882,15954,4915,5.29,1.72,0.86,vsize_+1,5,3,4,0.01,3,2,200
vsize_+1_soft_0.720,pipeline_soft,0.72,0.00,6,9,7,7,0.1986,0.2530,0.1102,0.4216,0.1299,0.308,2072,2843,11059078,13882,15954,4915,5.29,1.72,0.86,vsize_+1,5,3,4,0.01,3,2,200
vsize_+1_soft_0.740,pipeline_soft,0.74,0.00,6,9,7,7,0.1986,0.2530,0.1102,0.4216,0.1299,0.308,2072,2843,11059078,13882,15954,4915,5.29,1.72,0.86,vsize_+1,5,3,4,0.01,3,2,200
vsize_+1_soft_0.760,pipeline_soft,0.76,0.00,6,9,7,7,0.1986,0.2530,0.1102,0.4216,0.1299,0.308,2072,2843,11059078,13882,15954,4915,5.29,1.72,0.86,vsize_+1,5,3,4,0.01,3,2,200
vsize_+1_soft_0.780,pipeline_soft,0.78,0.00,6,9,7,7,0.1986,0.2530,0.1102,0.4216,0.1299,0.308,2072,2843,11059078,13882,15954,4915,5.29,1.72,0.86,vsize_+1,5,3,4,0.01,3,2,200
vsize_+1_soft_0.800,pipeline_soft,0.8,0.00,6,9,7,7,0.1986,0.2530,0.1102,0.4216,0.1299,0.308,2072,2843,11059078,13882,15954,4915,5.29,1.72,0.86,vsize_+1,5,3,4,0.01,3,2,200
vsize_+1_soft_0.820,pipeline_soft,0.82,0.00,6,9,7,7,0.1986,0.2530,0.1102,0.4216,0.1299,0.308,2072,2843,11059078,13882,15954,4915,5.29,1.72,0.86,vsize_+1,5,3,4,0.01,3,2,200
vsize_+1_soft_0.840,pipeline_soft,0.84,0.00,6,9,7,7,0.1986,0.2530,0.1102,0.4216,0.1299,0.308,2072,2843,11059078,13882,15954,4915,5.29,1.72,0.86,vsize_+1,5,3,4,0.01,3,2,200
vsize_+1_soft_0.860,pipeline_soft,0.86,0.00,6,9,7,7,0.1986,0.2530,0.1102,0.4216,0.1299,0.308,2072,2843,11059078,13882,15954,4915,5.29,1.72,0.86,vsize_+1,5,3,4,0.01,3,2,200
vsize_+1_soft_0.880,pipeline_soft,0.88,0.00,6,9,7,7,0.1986,0.2530,0.1102,0.4216,0.1299,0.308,2072,2843,11059078,13882,15954,4915,5.29,1.72,0.86,vsize_+1,5,3,4,0.01,3,2,200
vsize_+1_soft_0.900,pipeline_soft,0.9,0.00,6,9,7,7,0.1986,0.2530,0.1102,0.4216,0.1299,0.308,2072,2843,11059078,13882,15954,4915,5.29,1.72,0.86,vsize_+1,5,3,4,0.01,3,2,200
vsize_+1_soft_0.920,pipeline_soft,0.92,0.00,6,9,7,7,0.1986,0.2530,0.1102,0.4216,0.1299,0.308,2072,2843,11059078,13882,15954,4915,5.29,1.72,0.86,vsize_+1,5,3,4,0.01,3,2,200
vsize_+1_soft_0.940,pipeline_soft,0.94,0.00,6,9,7,7,0.1986,0.2530,0.1102,0.4216,0.1299,0.308,2072,2843,11059078,13882,15954,4915,5.29,1.72,0.86,vsize_+1,5,3,4,0.01,3,2,200
vsize_+1_soft_0.960,pipeline_soft,0.96,0.00,6,9,7,7,0.1986,0.2530,0.1102,0.4216,0.1299,0.308,2072,2843,11059078,13882,15954,4915,5.29,1.72,0.86,vsize_+1,5,3,4,0.01,3,2,200
vsize_+1_soft_0.980,pipeline_soft,0.98,0.00,6,9,7,7,0.1986,0.2530,0.1102,0.4216,0.1299,0.308,2072,2843,11059078,13882,15954,4915,5.29,1.72,0.86,vsize_+1,5,3,4,0.01,3,2,200
vsize_+2_std_+1_soft_0.000,pipeline_soft,0.0,0.00,9,9,7,7,0.0740,0.0989,0.0384,0.0392,0.6669,17.015,10640,260819,10801102,5314,15954,271459,5.29,81.49,4.28,vsize_+2_std_+1,6,4,4,0.01,3,2,200
vsize_+2_std_+1_soft_0.020,pipeline_soft,0.02,0.00,9,9,7,7,0.0740,0.0989,0.0384,0.0392,0.6669,17.015,10640,260819,10801102,5314,15954,271459,5.29,81.49,4.28,vsize_+2_std_+1,6,4,4,0.01,3,2,200
vsize_+2_std_+1_soft_0.040,pipeline_soft,0.04,0.00,9,9,7,7,0.0740,0.0989,0.0384,0.0392,0.6669,17.015,10640,260819,10801102,5314,15954,271459,5.29,81.49,4.28,vsize_+2_std_+1,6,4,4,0.01,3,2,200
vsize_+2_std_+1_soft_0.060,pipeline_soft,0.06,0.00,9,9,7,7,0.0740,0.0989,0.0384,0.0392,0.6669,17.015,10640,260819,10801102,5314,15954,271459,5.29,81.49,4.28,vsize_+2_std_+1,6,4,4,0.01,3,2,200
vsize_+2_std_+1_soft_0.080,pipeline_soft,0.08,0.00,9,9,7,7,0.0740,0.0989,0.0384,0.0392,0.6669,17.015,10640,260819,10801102,5314,15954,271459,5.29,81.49,4.28,vsize_+2_std_+1,6,4,4,0.01,3,2,200
vsize_+2_std_+1_soft_0.100,pipeline_soft,0.1,0.00,9,9,7,7,0.0740,0.0989,0.0384,0.0392,0.6669,17.015,10640,260819,10801102,5314,15954,271459,5.29,81.49,4.28,vsize_+2_std_+1,6,4,4,0.01,3,2,200
vsize_+2_std_+1_soft_0.120,pipeline_soft,0.12,0.00,9,9,7,7,0.0740,0.0989,0.0384,0.0392,0.6669,17.015,10640,260819,10801102,5314,15954,271459,5.29,81.49,4.28,vsize_+2_std_+1,6,4,4,0.01,3,2,200
vsize_+2_std_+1_soft_0.140,pipeline_soft,0.14,0.00,9,9,7,7,0.0740,0.0989,0.0384,0.0392,0.6669,17.015,10640,260819,10801102,5314,15954,271459,5.29,81.49,4.28,vsize_+2_std_+1,6,4,4,0.01,3,2,200
vsize_+2_std_+1_soft_0.160,pipeline_soft,0.16,0.00,9,9,7,7,0.0740,0.0989,0.0384,0.0392,0.6669,17.015,10640,260819,10801102,5314,15954,271459,5.29,81.49,4.28,vsize_+2_std_+1,6,4,4,0.01,3,2,200
vsize_+2_std_+1_soft_0.180,pipeline_soft,0.18,0.00,9,9,7,7,0.0740,0.0989,0.0384,0.0392,0.6669,17.015,10640,260819,10801102,5314,15954,271459,5.29,81.49,4.28,vsize_+2_std_+1,6,4,4,0.01,3,2,200
vsize_+2_std_+1_soft_0.200,pipeline_soft,0.2,0.00,9,9,7,7,0.0740,0.0989,0.0384,0.0392,0.6669,17.015,10640,260819,10801102,5314,15954,271459,5.29,81.49,4.28,vsize_+2_std_+1,6,4,4,0.01,3,2,200
vsize_+2_std_+1_soft_0.220,pipeline_soft,0.22,0.00,9,9,7,7,0.0740,0.0989,0.0384,0.0392,0.6669,17.015,10640,260819,10801102,5314,15954,271459,5.29,81.49,4.28,vsize_+2_std_+1,6,4,4,0.01,3,2,200
vsize_+2_std_+1_soft_0.240,pipeline_soft,0.24,0.00,9,9,7,7,0.0740,0.0989,0.0384,0.0392,0.6669,17.015,10640,260819,10801102,5314,15954,271459,5.29,81.49,4.28,vsize_+2_std_+1,6,4,4,0.01,3,2,200
vsize_+2_std_+1_soft_0.260,pipeline_soft,0.26,0.00,9,9,7,7,0.0740,0.0989,0.0384,0.0392,0.6669,17.015,10640,260819,10801102,5314,15954,271459,5.29,81.49,4.28,vsize_+2_std_+1,6,4,4,0.01,3,2,200
vsize_+2_std_+1_soft_0.280,pipeline_soft,0.28,0.00,9,9,7,7,0.0740,0.0989,0.0384,0.0392,0.6669,17.015,10640,260819,10801102,5314,15954,271459,5.29,81.49,4.28,vsize_+2_std_+1,6,4,4,0.01,3,2,200
vsize_+2_std_+1_soft_0.300,pipeline_soft,0.3,0.00,9,9,7,7,0.0740,0.0989,0.0384,0.0392,0.6669,17.015,10640,260819,10801102,5314,15954,271459,5.29,81.49,4.28,vsize_+2_std_+1,6,4,4,0.01,3,2,200
vsize_+2_std_+1_soft_0.320,pipeline_soft,0.32,0.00,9,9,7,7,0.0740,0.0989,0.0384,0.0392,0.6669,17.015,10640,260819,10801102,5314,15954,271459,5.29,81.49,4.28,vsize_+2_std_+1,6,4,4,0.01,3,2,200
vsize_+2_std_+1_soft_0.340,pipeline_soft,0.34,0.00,7,9,7,7,0.1679,0.2152,0.0917,0.1073,0.3857,3.594,6154,51184,11010737,9800,15954,57338,5.29,16.55,2.33,vsize_+2_std_+1,6,4,4,0.01,3,2,200
vsize_+2_std_+1_soft_0.360,pipeline_soft,0.36,0.00,7,9,7,7,0.1679,0.2152,0.0917,0.1073,0.3857,3.594,6154,51184,11010737,9800,15954,57338,5.29,16.55,2.33,vsize_+2_std_+1,6,4,4,0.01,3,2,200
vsize_+2_std_+1_soft_0.380,pipeline_soft,0.38,0.00,7,9,7,7,0.1679,0.2152,0.0917,0.1073,0.3857,3.594,6154,51184,11010737,9800,15954,57338,5.29,16.55,2.33,vsize_+2_std_+1,6,4,4,0.01,3,2,200
vsize_+2_std_+1_soft_0.400,pipeline_soft,0.4,0.00,7,9,7,7,0.1679,0.2152,0.0917,0.1073,0.3857,3.594,6154,51184,11010737,9800,15954,57338,5.29,16.55,2.33,vsize_+2_std_+1,6,4,4,0.01,3,2,200
vsize_+2_std_+1_soft_0.420,pipeline_soft,0.42,0.00,7,9,7,7,0.1679,0.2152,0.0917,0.1073,0.3857,3.594,6154,51184,11010737,9800,15954,57338,5.29,16.55,2.33,vsize_+2_std_+1,6,4,4,0.01,3,2,200
vsize_+2_std_+1_soft_0.440,pipeline_soft,0.44,0.00,7,9,7,7,0.1679,0.2152,0.0917,0.1073,0.3857,3.594,6154,51184,11010737,9800,15954,57338,5.29,16.55,2.33,vsize_+2_std_+1,6,4,4,0.01,3,2,200
vsize_+2_std_+1_soft_0.460,pipeline_soft,0.46,0.00,7,9,7,7,0.1679,0.2152,0.0917,0.1073,0.3857,3.594,6154,51184,11010737,9800,15954,57338,5.29,16.55,2.33,vsize_+2_std_+1,6,4,4,0.01,3,2,200
vsize_+2_std_+1_soft_0.480,pipeline_soft,0.48,0.00,7,9,7,7,0.1679,0.2152,0.0917,0.1073,0.3857,3.594,6154,51184,11010737,9800,15954,57338,5.29,16.55,2.33,vsize_+2_std_+1,6,4,4,0.01,3,2,200
vsize_+2_std_+1_soft_0.500,pipeline_soft,0.5,0.00,7,9,7,7,0.1679,0.2152,0.0917,0.1073,0.3857,3.594,6154,51184,11010737,9800,15954,57338,5.29,16.55,2.33,vsize_+2_std_+1,6,4,4,0.01,3,2,200
vsize_+2_std_+1_soft_0.520,pipeline_soft,0.52,0.00,7,9,7,7,0.1679,0.2152,0.0917,0.1073,0.3857,3.594,6154,51184,11010737,9800,15954,57338,5.29,16.55,2.33,vsize_+2_std_+1,6,4,4,0.01,3,2,200
vsize_+2_std_+1_soft_0.540,pipeline_soft,0.54,0.00,7,9,7,7,0.1679,0.2152,0.0917,0.1073,0.3857,3.594,6154,51184,11010737,9800,15954,57338,5.29,16.55,2.33,vsize_+2_std_+1,6,4,4,0.01,3,2,200
vsize_+2_std_+1_soft_0.560,pipeline_soft,0.56,0.00,7,9,7,7,0.1679,0.2152,0.0917,0.1073,0.3857,3.594,6154,51184,11010737,9800,15954,57338,5.29,16.55,2.33,vsize_+2_std_+1,6,4,4,0.01,3,2,200
vsize_+2_std_+1_soft_0.580,pipeline_soft,0.58,0.00,7,9,7,7,0.1679,0.2152,0.0917,0.1073,0.3857,3.594,6154,51184,11010737,9800,15954,57338,5.29,16.55,2.33,vsize_+2_std_+1,6,4,4,0.01,3,2,200
vsize_+2_std_+1_soft_0.600,pipeline_soft,0.6,0.00,7,9,7,7,0.1679,0.2152,0.0917,0.1073,0.3857,3.594,6154,51184,11010737,9800,15954,57338,5.29,16.55,2.33,vsize_+2_std_+1,6,4,4,0.01,3,2,200
vsize_+2_std_+1_soft_0.620,pipeline_soft,0.62,0.00,7,9,7,7,0.1679,0.2152,0.0917,0.1073,0.3857,3.594,6154,51184,11010737,9800,15954,57338,5.29,16.55,2.33,vsize_+2_std_+1,6,4,4,0.01,3,2,200
vsize_+2_std_+1_soft_0.640,pipeline_soft,0.64,0.00,7,9,7,7,0.1679,0.2152,0.0917,0.1073,0.3857,3.594,6154,51184,11010737,9800,15954,57338,5.29,16.55,2.33,vsize_+2_std_+1,6,4,4,0.01,3,2,200
vsize_+2_std_+1_soft_0.660,pipeline_soft,0.66,0.00,7,9,7,7,0.1679,0.2152,0.0917,0.1073,0.3857,3.594,6154,51184,11010737,9800,15954,57338,5.29,16.55,2.33,vsize_+2_std_+1,6,4,4,0.01,3,2,200
vsize_+2_std_+1_soft_0.680,pipeline_soft,0.68,0.00,5,9,7,7,0.1505,0.1555,0.0814,0.2473,0.1082,0.438,1726,5254,11056667,14228,15954,6980,5.29,1.92,0.52,vsize_+2_std_+1,6,4,4,0.01,3,2,200
vsize_+2_std_+1_soft_0.700,pipeline_soft,0.7,0.00,5,9,7,7,0.1505,0.1555,0.0814,0.2473,0.1082,0.438,1726,5254,11056667,14228,15954,6980,5.29,1.92,0.52,vsize_+2_std_+1,6,4,4,0.01,3,2,200
vsize_+2_std_+1_soft_0.720,pipeline_soft,0.72,0.00,5,9,7,7,0.1505,0.1555,0.0814,0.2473,0.1082,0.438,1726,5254,11056667,14228,15954,6980,5.29,1.92,0.52,vsize_+2_std_+1,6,4,4,0.01,3,2,200
vsize_+2_std_+1_soft_0.740,pipeline_soft,0.74,0.00,5,9,7,7,0.1505,0.1555,0.0814,0.2473,0.1082,0.438,1726,5254,11056667,14228,15954,6980,5.29,1.92,0.52,vsize_+2_std_+1,6,4,4,0.01,3,2,200
vsize_+2_std_+1_soft_0.760,pipeline_soft,0.76,0.00,5,9,7,7,0.1505,0.1555,0.0814,0.2473,0.1082,0.438,1726,5254,11056667,14228,15954,6980,5.29,1.92,0.52,vsize_+2_std_+1,6,4,4,0.01,3,2,200
vsize_+2_std_+1_soft_0.780,pipeline_soft,0.78,0.00,5,9,7,7,0.1505,0.1555,0.0814,0.2473,0.1082,0.438,1726,5254,11056667,14228,15954,6980,5.29,1.92,0.52,vsize_+2_std_+1,6,4,4,0.01,3,2,200
vsize_+2_std_+1_soft_0.800,pipeline_soft,0.8,0.00,5,9,7,7,0.1505,0.1555,0.0814,0.2473,0.1082,0.438,1726,5254,11056667,14228,15954,6980,5.29,1.92,0.52,vsize_+2_std_+1,6,4,4,0.01,3,2,200
vsize_+2_std_+1_soft_0.820,pipeline_soft,0.82,0.00,5,9,7,7,0.1505,0.1555,0.0814,0.2473,0.1082,0.438,1726,5254,11056667,14228,15954,6980,5.29,1.92,0.52,vsize_+2_std_+1,6,4,4,0.01,3,2,200
vsize_+2_std_+1_soft_0.840,pipeline_soft,0.84,0.00,5,9,7,7,0.1505,0.1555,0.0814,0.2473,0.1082,0.438,1726,5254,11056667,14228,15954,6980,5.29,1.92,0.52,vsize_+2_std_+1,6,4,4,0.01,3,2,200
vsize_+2_std_+1_soft_0.860,pipeline_soft,0.86,0.00,5,9,7,7,0.1505,0.1555,0.0814,0.2473,0.1082,0.438,1726,5254,11056667,14228,15954,6980,5.29,1.92,0.52,vsize_+2_std_+1,6,4,4,0.01,3,2,200
vsize_+2_std_+1_soft_0.880,pipeline_soft,0.88,0.00,5,9,7,7,0.1505,0.1555,0.0814,0.2473,0.1082,0.438,1726,5254,11056667,14228,15954,6980,5.29,1.92,0.52,vsize_+2_std_+1,6,4,4,0.01,3,2,200
vsize_+2_std_+1_soft_0.900,pipeline_soft,0.9,0.00,5,9,7,7,0.1505,0.1555,0.0814,0.2473,0.1082,0.438,1726,5254,11056667,14228,15954,6980,5.29,1.92,0.52,vsize_+2_std_+1,6,4,4,0.01,3,2,200
vsize_+2_std_+1_soft_0.920,pipeline_soft,0.92,0.00,5,9,7,7,0.1505,0.1555,0.0814,0.2473,0.1082,0.438,1726,5254,11056667,14228,15954,6980,5.29,1.92,0.52,vsize_+2_std_+1,6,4,4,0.01,3,2,200
vsize_+2_std_+1_soft_0.940,pipeline_soft,0.94,0.00,5,9,7,7,0.1505,0.1555,0.0814,0.2473,0.1082,0.438,1726,5254,11056667,14228,15954,6980,5.29,1.92,0.52,vsize_+2_std_+1,6,4,4,0.01,3,2,200
vsize_+2_std_+1_soft_0.960,pipeline_soft,0.96,0.00,5,9,7,7,0.1505,0.1555,0.0814,0.2473,0.1082,0.438,1726,5254,11056667,14228,15954,6980,5.29,1.92,0.52,vsize_+2_std_+1,6,4,4,0.01,3,2,200
vsize_+2_std_+1_soft_0.980,pipeline_soft,0.98,0.00,5,9,7,7,0.1505,0.1555,0.0814,0.2473,0.1082,0.438,1726,5254,11056667,14228,15954,6980,5.29,1.92,0.52,vsize_+2_std_+1,6,4,4,0.01,3,2,200
vsize_+4_std_+3_soft_0.000,pipeline_soft,0.0,0.00,9,9,7,7,0.0626,0.0966,0.0323,0.0328,0.6910,21.079,11025,325274,10736647,4929,15954,336299,5.29,81.75,4.20,vsize_+4_std_+3,8,6,4,0.01,3,2,200
vsize_+4_std_+3_soft_0.020,pipeline_soft,0.02,0.00,9,9,7,7,0.0626,0.0966,0.0323,0.0328,0.6910,21.079,11025,325274,10736647,4929,15954,336299,5.29,81.75,4.20,vsize_+4_std_+3,8,6,4,0.01,3,2,200
vsize_+4_std_+3_soft_0.040,pipeline_soft,0.04,0.00,9,9,7,7,0.0626,0.0966,0.0323,0.0328,0.6910,21.079,11025,325274,10736647,4929,15954,336299,5.29,81.75,4.20,vsize_+4_std_+3,8,6,4,0.01,3,2,200
vsize_+4_std_+3_soft_0.060,pipeline_soft,0.06,0.00,9,9,7,7,0.0626,0.0966,0.0323,0.0328,0.6910,21.079,11025,325274,10736647,4929,15954,336299,5.29,81.75,4.20,vsize_+4_std_+3,8,6,4,0.01,3,2,200
vsize_+4_std_+3_soft_0.080,pipeline_soft,0.08,0.00,9,9,7,7,0.0626,0.0966,0.0323,0.0328,0.6910,21.079,11025,325274,10736647,4929,15954,336299,5.29,81.75,4.20,vsize_+4_std_+3,8,6,4,0.01,3,2,200
vsize_+4_std_+3_soft_0.100,pipeline_soft,0.1,0.00,9,9,7,7,0.0626,0.0966,0.0323,0.0328,0.6910,21.079,11025,325274,10736647,4929,15954,336299,5.29,81.75,4.20,vsize_+4_std_+3,8,6,4,0.01,3,2,200
vsize_+4_std_+3_soft_0.120,pipeline_soft,0.12,0.00,9,9,7,7,0.0626,0.0966,0.0323,0.0328,0.6910,21.079,11025,325274,10736647,4929,15954,336299,5.29,81.75,4.20,vsize_+4_std_+3,8,6,4,0.01,3,2,200
vsize_+4_std_+3_soft_0.140,pipeline_soft,0.14,0.00,9,9,7,7,0.0626,0.0966,0.0323,0.0328,0.6910,21.079,11025,325274,10736647,4929,15954,336299,5.29,81.75,4.20,vsize_+4_std_+3,8,6,4,0.01,3,2,200
vsize_+4_std_+3_soft_0.160,pipeline_soft,0.16,0.00,9,9,7,7,0.0626,0.0966,0.0323,0.0328,0.6910,21.079,11025,325274,10736647,4929,15954,336299,5.29,81.75,4.20,vsize_+4_std_+3,8,6,4,0.01,3,2,200
vsize_+4_std_+3_soft_0.180,pipeline_soft,0.18,0.00,9,9,7,7,0.0626,0.0966,0.0323,0.0328,0.6910,21.079,11025,325274,10736647,4929,15954,336299,5.29,81.75,4.20,vsize_+4_std_+3,8,6,4,0.01,3,2,200
vsize_+4_std_+3_soft_0.200,pipeline_soft,0.2,0.00,9,9,7,7,0.0626,0.0966,0.0323,0.0328,0.6910,21.079,11025,325274,10736647,4929,15954,336299,5.29,81.75,4.20,vsize_+4_std_+3,8,6,4,0.01,3,2,200
vsize_+4_std_+3_soft_0.220,pipeline_soft,0.22,0.00,9,9,7,7,0.0626,0.0966,0.0323,0.0328,0.6910,21.079,11025,325274,10736647,4929,15954,336299,5.29,81.75,4.20,vsize_+4_std_+3,8,6,4,0.01,3,2,200
vsize_+4_std_+3_soft_0.240,pipeline_soft,0.24,0.00,9,9,7,7,0.0626,0.0966,0.0323,0.0328,0.6910,21.079,11025,325274,10736647,4929,15954,336299,5.29,81.75,4.20,vsize_+4_std_+3,8,6,4,0.01,3,2,200
vsize_+4_std_+3_soft_0.260,pipeline_soft,0.26,0.00,9,9,7,7,0.0626,0.0966,0.0323,0.0328,0.6910,21.079,11025,325274,10736647,4929,15954,336299,5.29,81.75,4.20,vsize_+4_std_+3,8,6,4,0.01,3,2,200
vsize_+4_std_+3_soft_0.280,pipeline_soft,0.28,0.00,9,9,7,7,0.0626,0.0966,0.0323,0.0328,0.6910,21.079,11025,325274,10736647,4929,15954,336299,5.29,81.75,4.20,vsize_+4_std_+3,8,6,4,0.01,3,2,200
vsize_+4_std_+3_soft_0.300,pipeline_soft,0.3,0.00,9,9,7,7,0.0626,0.0966,0.0323,0.0328,0.6910,21.079,11025,325274,10736647,4929,15954,336299,5.29,81.75,4.20,vsize_+4_std_+3,8,6,4,0.01,3,2,200
vsize_+4_std_+3_soft_0.320,pipeline_soft,0.32,0.00,9,9,7,7,0.0626,0.0966,0.0323,0.0328,0.6910,21.079,11025,325274,10736647,4929,15954,336299,5.29,81.75,4.20,vsize_+4_std_+3,8,6,4,0.01,3,2,200
vsize_+4_std_+3_soft_0.340,pipeline_soft,0.34,0.00,8,9,7,7,0.1746,0.2383,0.0957,0.1210,0.3133,2.589,4999,36302,11025619,10955,15954,41301,5.29,10.67,1.84,vsize_+4_std_+3,8,6,4,0.01,3,2,200
vsize_+4_std_+3_soft_0.360,pipeline_soft,0.36,0.00,8,9,7,7,0.1746,0.2383,0.0957,0.1210,0.3133,2.589,4999,36302,11025619,10955,15954,41301,5.29,10.67,1.84,vsize_+4_std_+3,8,6,4,0.01,3,2,200
vsize_+4_std_+3_soft_0.380,pipeline_soft,0.38,0.00,8,9,7,7,0.1746,0.2383,0.0957,0.1210,0.3133,2.589,4999,36302,11025619,10955,15954,41301,5.29,10.67,1.84,vsize_+4_std_+3,8,6,4,0.01,3,2,200
vsize_+4_std_+3_soft_0.400,pipeline_soft,0.4,0.00,8,9,7,7,0.1746,0.2383,0.0957,0.1210,0.3133,2.589,4999,36302,11025619,10955,15954,41301,5.29,10.67,1.84,vsize_+4_std_+3,8,6,4,0.01,3,2,200
vsize_+4_std_+3_soft_0.420,pipeline_soft,0.42,0.00,8,9,7,7,0.1746,0.2383,0.0957,0.1210,0.3133,2.589,4999,36302,11025619,10955,15954,41301,5.29,10.67,1.84,vsize_+4_std_+3,8,6,4,0.01,3,2,200
vsize_+4_std_+3_soft_0.440,pipeline_soft,0.44,0.00,8,9,7,7,0.1746,0.2383,0.0957,0.1210,0.3133,2.589,4999,36302,11025619,10955,15954,41301,5.29,10.67,1.84,vsize_+4_std_+3,8,6,4,0.01,3,2,200
vsize_+4_std_+3_soft_0.460,pipeline_soft,0.46,0.00,8,9,7,7,0.1746,0.2383,0.0957,0.1210,0.3133,2.589,4999,36302,11025619,10955,15954,41301,5.29,10.67,1.84,vsize_+4_std_+3,8,6,4,0.01,3,2,200
vsize_+4_std_+3_soft_0.480,pipeline_soft,0.48,0.00,8,9,7,7,0.1746,0.2383,0.0957,0.1210,0.3133,2.589,4999,36302,11025619,10955,15954,41301,5.29,10.67,1.84,vsize_+4_std_+3,8,6,4,0.01,3,2,200
vsize_+4_std_+3_soft_0.500,pipeline_soft,0.5,0.00,8,9,7,7,0.1746,0.2383,0.0957,0.1210,0.3133,2.589,4999,36302,11025619,10955,15954,41301,5.29,10.67,1.84,vsize_+4_std_+3,8,6,4,0.01,3,2,200
vsize_+4_std_+3_soft_0.520,pipeline_soft,0.52,0.00,8,9,7,7,0.1746,0.2383,0.0957,0.1210,0.3133,2.589,4999,36302,11025619,10955,15954,41301,5.29,10.67,1.84,vsize_+4_std_+3,8,6,4,0.01,3,2,200
vsize_+4_std_+3_soft_0.540,pipeline_soft,0.54,0.00,8,9,7,7,0.1746,0.2383,0.0957,0.1210,0.3133,2.589,4999,36302,11025619,10955,15954,41301,5.29,10.67,1.84,vsize_+4_std_+3,8,6,4,0.01,3,2,200
vsize_+4_std_+3_soft_0.560,pipeline_soft,0.56,0.00,8,9,7,7,0.1746,0.2383,0.0957,0.1210,0.3133,2.589,4999,36302,11025619,10955,15954,41301,5.29,10.67,1.84,vsize_+4_std_+3,8,6,4,0.01,3,2,200
vsize_+4_std_+3_soft_0.580,pipeline_soft,0.58,0.00,8,9,7,7,0.1746,0.2383,0.0957,0.1210,0.3133,2.589,4999,36302,11025619,10955,15954,41301,5.29,10.67,1.84,vsize_+4_std_+3,8,6,4,0.01,3,2,200
vsize_+4_std_+3_soft_0.600,pipeline_soft,0.6,0.00,8,9,7,7,0.1746,0.2383,0.0957,0.1210,0.3133,2.589,4999,36302,11025619,10955,15954,41301,5.29,10.67,1.84,vsize_+4_std_+3,8,6,4,0.01,3,2,200
vsize_+4_std_+3_soft_0.620,pipeline_soft,0.62,0.00,8,9,7,7,0.1746,0.2383,0.0957,0.1210,0.3133,2.589,4999,36302,11025619,10955,15954,41301,5.29,10.67,1.84,vsize_+4_std_+3,8,6,4,0.01,3,2,200
vsize_+4_std_+3_soft_0.640,pipeline_soft,0.64,0.00,8,9,7,7,0.1746,0.2383,0.0957,0.1210,0.3133,2.589,4999,36302,11025619,10955,15954,41301,5.29,10.67,1.84,vsize_+4_std_+3,8,6,4,0.01,3,2,200
vsize_+4_std_+3_soft_0.660,pipeline_soft,0.66,0.00,8,9,7,7,0.1746,0.2383,0.0957,0.1210,0.3133,2.589,4999,36302,11025619,10955,15954,41301,5.29,10.67,1.84,vsize_+4_std_+3,8,6,4,0.01,3,2,200
vsize_+4_std_+3_soft_0.680,pipeline_soft,0.68,0.00,4,9,7,7,0.1160,0.1223,0.0616,0.5665,0.0646,0.114,1031,789,11061132,14923,15954,1820,5.29,0.46,0.33,vsize_+4_std_+3,8,6,4,0.01,3,2,200
vsize_+4_std_+3_soft_0.700,pipeline_soft,0.7,0.00,4,9,7,7,0.1160,0.1223,0.0616,0.5665,0.0646,0.114,1031,789,11061132,14923,15954,1820,5.29,0.46,0.33,vsize_+4_std_+3,8,6,4,0.01,3,2,200
vsize_+4_std_+3_soft_0.720,pipeline_soft,0.72,0.00,4,9,7,7,0.1160,0.1223,0.0616,0.5665,0.0646,0.114,1031,789,11061132,14923,15954,1820,5.29,0.46,0.33,vsize_+4_std_+3,8,6,4,0.01,3,2,200
vsize_+4_std_+3_soft_0.740,pipeline_soft,0.74,0.00,4,9,7,7,0.1160,0.1223,0.0616,0.5665,0.0646,0.114,1031,789,11061132,14923,15954,1820,5.29,0.46,0.33,vsize_+4_std_+3,8,6,4,0.01,3,2,200
vsize_+4_std_+3_soft_0.760,pipeline_soft,0.76,0.00,4,9,7,7,0.1160,0.1223,0.0616,0.5665,0.0646,0.114,1031,789,11061132,14923,15954,1820,5.29,0.46,0.33,vsize_+4_std_+3,8,6,4,0.01,3,2,200
vsize_+4_std_+3_soft_0.780,pipeline_soft,0.78,0.00,4,9,7,7,0.1160,0.1223,0.0616,0.5665,0.0646,0.114,1031,789,11061132,14923,15954,1820,5.29,0.46,0.33,vsize_+4_std_+3,8,6,4,0.01,3,2,200
vsize_+4_std_+3_soft_0.800,pipeline_soft,0.8,0.00,4,9,7,7,0.1160,0.1223,0.0616,0.5665,0.0646,0.114,1031,789,11061132,14923,15954,1820,5.29,0.46,0.33,vsize_+4_std_+3,8,6,4,0.01,3,2,200
vsize_+4_std_+3_soft_0.820,pipeline_soft,0.82,0.00,4,9,7,7,0.1160,0.1223,0.0616,0.5665,0.0646,0.114,1031,789,11061132,14923,15954,1820,5.29,0.46,0.33,vsize_+4_std_+3,8,6,4,0.01,3,2,200
vsize_+4_std_+3_soft_0.840,pipeline_soft,0.84,0.00,4,9,7,7,0.1160,0.1223,0.0616,0.5665,0.0646,0.114,1031,789,11061132,14923,15954,1820,5.29,0.46,0.33,vsize_+4_std_+3,8,6,4,0.01,3,2,200
vsize_+4_std_+3_soft_0.860,pipeline_soft,0.86,0.00,4,9,7,7,0.1160,0.1223,0.0616,0.5665,0.0646,0.114,1031,789,11061132,14923,15954,1820,5.29,0.46,0.33,vsize_+4_std_+3,8,6,4,0.01,3,2,200
vsize_+4_std_+3_soft_0.880,pipeline_soft,0.88,0.00,4,9,7,7,0.1160,0.1223,0.0616,0.5665,0.0646,0.114,1031,789,11061132,14923,15954,1820,5.29,0.46,0.33,vsize_+4_std_+3,8,6,4,0.01,3,2,200
vsize_+4_std_+3_soft_0.900,pipeline_soft,0.9,0.00,4,9,7,7,0.1160,0.1223,0.0616,0.5665,0.0646,0.114,1031,789,11061132,14923,15954,1820,5.29,0.46,0.33,vsize_+4_std_+3,8,6,4,0.01,3,2,200
vsize_+4_std_+3_soft_0.920,pipeline_soft,0.92,0.00,4,9,7,7,0.1160,0.1223,0.0616,0.5665,0.0646,0.114,1031,789,11061132,14923,15954,1820,5.29,0.46,0.33,vsize_+4_std_+3,8,6,4,0.01,3,2,200
vsize_+4_std_+3_soft_0.940,pipeline_soft,0.94,0.00,4,9,7,7,0.1160,0.1223,0.0616,0.5665,0.0646,0.114,1031,789,11061132,14923,15954,1820,5.29,0.46,0.33,vsize_+4_std_+3,8,6,4,0.01,3,2,200
vsize_+4_std_+3_soft_0.960,pipeline_soft,0.96,0.00,4,9,7,7,0.1160,0.1223,0.0616,0.5665,0.0646,0.114,1031,789,11061132,14923,15954,1820,5.29,0.46,0.33,vsize_+4_std_+3,8,6,4,0.01,3,2,200
vsize_+4_std_+3_soft_0.980,pipeline_soft,0.98,0.00,4,9,7,7,0.1160,0.1223,0.0616,0.5665,0.0646,0.114,1031,789,11061132,14923,15954,1820,5.29,0.46,0.33,vsize_+4_std_+3,8,6,4,0.01,3,2,200
vsize_+6_std_+4_soft_0.000,pipeline_soft,0.0,0.00,9,9,7,7,0.0394,0.0913,0.0201,0.0203,0.6889,33.963,10991,530856,10531065,4963,15954,541847,5.29,63.02,3.07,vsize_+6_std_+4,10,7,4,0.01,3,2,200
vsize_+6_std_+4_soft_0.020,pipeline_soft,0.02,0.00,9,9,7,7,0.0394,0.0913,0.0201,0.0203,0.6889,33.963,10991,530856,10531065,4963,15954,541847,5.29,63.02,3.07,vsize_+6_std_+4,10,7,4,0.01,3,2,200
vsize_+6_std_+4_soft_0.040,pipeline_soft,0.04,0.00,9,9,7,7,0.0394,0.0913,0.0201,0.0203,0.6889,33.963,10991,530856,10531065,4963,15954,541847,5.29,63.02,3.07,vsize_+6_std_+4,10,7,4,0.01,3,2,200
vsize_+6_std_+4_soft_0.060,pipeline_soft,0.06,0.00,9,9,7,7,0.0394,0.0913,0.0201,0.0203,0.6889,33.963,10991,530856,10531065,4963,15954,541847,5.29,63.02,3.07,vsize_+6_std_+4,10,7,4,0.01,3,2,200
vsize_+6_std_+4_soft_0.080,pipeline_soft,0.08,0.00,9,9,7,7,0.0394,0.0913,0.0201,0.0203,0.6889,33.963,10991,530856,10531065,4963,15954,541847,5.29,63.02,3.07,vsize_+6_std_+4,10,7,4,0.01,3,2,200
vsize_+6_std_+4_soft_0.100,pipeline_soft,0.1,0.00,9,9,7,7,0.0394,0.0913,0.0201,0.0203,0.6889,33.963,10991,530856,10531065,4963,15954,541847,5.29,63.02,3.07,vsize_+6_std_+4,10,7,4,0.01,3,2,200
vsize_+6_std_+4_soft_0.120,pipeline_soft,0.12,0.00,9,9,7,7,0.0394,0.0913,0.0201,0.0203,0.6889,33.963,10991,530856,10531065,4963,15954,541847,5.29,63.02,3.07,vsize_+6_std_+4,10,7,4,0.01,3,2,200
vsize_+6_std_+4_soft_0.140,pipeline_soft,0.14,0.00,9,9,7,7,0.0394,0.0913,0.0201,0.0203,0.6889,33.963,10991,530856,10531065,4963,15954,541847,5.29,63.02,3.07,vsize_+6_std_+4,10,7,4,0.01,3,2,200
vsize_+6_std_+4_soft_0.160,pipeline_soft,0.16,0.00,9,9,7,7,0.0394,0.0913,0.0201,0.0203,0.6889,33.963,10991,530856,10531065,4963,15954,541847,5.29,63.02,3.07,vsize_+6_std_+4,10,7,4,0.01,3,2,200
vsize_+6_std_+4_soft_0.180,pipeline_soft,0.18,0.00,9,9,7,7,0.0394,0.0913,0.0201,0.0203,0.6889,33.963,10991,530856,10531065,4963,15954,541847,5.29,63.02,3.07,vsize_+6_std_+4,10,7,4,0.01,3,2,200
vsize_+6_std_+4_soft_0.200,pipeline_soft,0.2,0.00,9,9,7,7,0.0394,0.0913,0.0201,0.0203,0.6889,33.963,10991,530856,10531065,4963,15954,541847,5.29,63.02,3.07,vsize_+6_std_+4,10,7,4,0.01,3,2,200
vsize_+6_std_+4_soft_0.220,pipeline_soft,0.22,0.00,9,9,7,7,0.0394,0.0913,0.0201,0.0203,0.6889,33.963,10991,530856,10531065,4963,15954,541847,5.29,63.02,3.07,vsize_+6_std_+4,10,7,4,0.01,3,2,200
vsize_+6_std_+4_soft_0.240,pipeline_soft,0.24,0.00,9,9,7,7,0.0394,0.0913,0.0201,0.0203,0.6889,33.963,10991,530856,10531065,4963,15954,541847,5.29,63.02,3.07,vsize_+6_std_+4,10,7,4,0.01,3,2,200
vsize_+6_std_+4_soft_0.260,pipeline_soft,0.26,0.00,9,9,7,7,0.0394,0.0913,0.0201,0.0203,0.6889,33.963,10991,530856,10531065,4963,15954,541847,5.29,63.02,3.07,vsize_+6_std_+4,10,7,4,0.01,3,2,200
vsize_+6_std_+4_soft_0.280,pipeline_soft,0.28,0.00,9,9,7,7,0.0394,0.0913,0.0201,0.0203,0.6889,33.963,10991,530856,10531065,4963,15954,541847,5.29,63.02,3.07,vsize_+6_std_+4,10,7,4,0.01,3,2,200
vsize_+6_std_+4_soft_0.300,pipeline_soft,0.3,0.00,9,9,7,7,0.0394,0.0913,0.0201,0.0203,0.6889,33.963,10991,530856,10531065,4963,15954,541847,5.29,63.02,3.07,vsize_+6_std_+4,10,7,4,0.01,3,2,200
vsize_+6_std_+4_soft_0.320,pipeline_soft,0.32,0.00,9,9,7,7,0.0394,0.0913,0.0201,0.0203,0.6889,33.963,10991,530856,10531065,4963,15954,541847,5.29,63.02,3.07,vsize_+6_std_+4,10,7,4,0.01,3,2,200
vsize_+6_std_+4_soft_0.340,pipeline_soft,0.34,0.00,6,9,7,7,0.1189,0.2234,0.0632,0.0711,0.3642,5.125,5810,75954,10985967,10144,15954,81764,5.29,10.55,1.66,vsize_+6_std_+4,10,7,4,0.01,3,2,200
vsize_+6_std_+4_soft_0.360,pipeline_soft,0.36,0.00,6,9,7,7,0.1189,0.2234,0.0632,0.0711,0.3642,5.125,5810,75954,10985967,10144,15954,81764,5.29,10.55,1.66,vsize_+6_std_+4,10,7,4,0.01,3,2,200
vsize_+6_std_+4_soft_0.380,pipeline_soft,0.38,0.00,6,9,7,7,0.1189,0.2234,0.0632,0.0711,0.3642,5.125,5810,75954,10985967,10144,15954,81764,5.29,10.55,1.66,vsize_+6_std_+4,10,7,4,0.01,3,2,200
vsize_+6_std_+4_soft_0.400,pipeline_soft,0.4,0.00,6,9,7,7,0.1189,0.2234,0.0632,0.0711,0.3642,5.125,5810,75954,10985967,10144,15954,81764,5.29,10.55,1.66,vsize_+6_std_+4,10,7,4,0.01,3,2,200
vsize_+6_std_+4_soft_0.420,pipeline_soft,0.42,0.00,6,9,7,7,0.1189,0.2234,0.0632,0.0711,0.3642,5.125,5810,75954,10985967,10144,15954,81764,5.29,10.55,1.66,vsize_+6_std_+4,10,7,4,0.01,3,2,200
vsize_+6_std_+4_soft_0.440,pipeline_soft,0.44,0.00,6,9,7,7,0.1189,0.2234,0.0632,0.0711,0.3642,5.125,5810,75954,10985967,10144,15954,81764,5.29,10.55,1.66,vsize_+6_std_+4,10,7,4,0.01,3,2,200
vsize_+6_std_+4_soft_0.460,pipeline_soft,0.46,0.00,6,9,7,7,0.1189,0.2234,0.0632,0.0711,0.3642,5.125,5810,75954,10985967,10144,15954,81764,5.29,10.55,1.66,vsize_+6_std_+4,10,7,4,0.01,3,2,200
vsize_+6_std_+4_soft_0.480,pipeline_soft,0.48,0.00,6,9,7,7,0.1189,0.2234,0.0632,0.0711,0.3642,5.125,5810,75954,10985967,10144,15954,81764,5.29,10.55,1.66,vsize_+6_std_+4,10,7,4,0.01,3,2,200
vsize_+6_std_+4_soft_0.500,pipeline_soft,0.5,0.00,6,9,7,7,0.1189,0.2234,0.0632,0.0711,0.3642,5.125,5810,75954,10985967,10144,15954,81764,5.29,10.55,1.66,vsize_+6_std_+4,10,7,4,0.01,3,2,200
vsize_+6_std_+4_soft_0.520,pipeline_soft,0.52,0.00,6,9,7,7,0.1189,0.2234,0.0632,0.0711,0.3642,5.125,5810,75954,10985967,10144,15954,81764,5.29,10.55,1.66,vsize_+6_std_+4,10,7,4,0.01,3,2,200
vsize_+6_std_+4_soft_0.540,pipeline_soft,0.54,0.00,6,9,7,7,0.1189,0.2234,0.0632,0.0711,0.3642,5.125,5810,75954,10985967,10144,15954,81764,5.29,10.55,1.66,vsize_+6_std_+4,10,7,4,0.01,3,2,200
vsize_+6_std_+4_soft_0.560,pipeline_soft,0.56,0.00,6,9,7,7,0.1189,0.2234,0.0632,0.0711,0.3642,5.125,5810,75954,10985967,10144,15954,81764,5.29,10.55,1.66,vsize_+6_std_+4,10,7,4,0.01,3,2,200
vsize_+6_std_+4_soft_0.580,pipeline_soft,0.58,0.00,6,9,7,7,0.1189,0.2234,0.0632,0.0711,0.3642,5.125,5810,75954,10985967,10144,15954,81764,5.29,10.55,1.66,vsize_+6_std_+4,10,7,4,0.01,3,2,200
vsize_+6_std_+4_soft_0.600,pipeline_soft,0.6,0.00,6,9,7,7,0.1189,0.2234,0.0632,0.0711,0.3642,5.125,5810,75954,10985967,10144,15954,81764,5.29,10.55,1.66,vsize_+6_std_+4,10,7,4,0.01,3,2,200
vsize_+6_std_+4_soft_0.620,pipeline_soft,0.62,0.00,6,9,7,7,0.1189,0.2234,0.0632,0.0711,0.3642,5.125,5810,75954,10985967,10144,15954,81764,5.29,10.55,1.66,vsize_+6_std_+4,10,7,4,0.01,3,2,200
vsize_+6_std_+4_soft_0.640,pipeline_soft,0.64,0.00,6,9,7,7,0.1189,0.2234,0.0632,0.0711,0.3642,5.125,5810,75954,10985967,10144,15954,81764,5.29,10.55,1.66,vsize_+6_std_+4,10,7,4,0.01,3,2,200
vsize_+6_std_+4_soft_0.660,pipeline_soft,0.66,0.00,6,9,7,7,0.1189,0.2234,0.0632,0.0711,0.3642,5.125,5810,75954,10985967,10144,15954,81764,5.29,10.55,1.66,vsize_+6_std_+4,10,7,4,0.01,3,2,200
vsize_+6_std_+4_soft_0.680,pipeline_soft,0.68,0.00,5,9,7,7,0.1318,0.1848,0.0706,0.1707,0.1074,0.629,1713,8322,11053599,14241,15954,10035,5.29,1.33,0.45,vsize_+6_std_+4,10,7,4,0.01,3,2,200
vsize_+6_std_+4_soft_0.700,pipeline_soft,0.7,0.00,5,9,7,7,0.1318,0.1848,0.0706,0.1707,0.1074,0.629,1713,8322,11053599,14241,15954,10035,5.29,1.33,0.45,vsize_+6_std_+4,10,7,4,0.01,3,2,200
vsize_+6_std_+4_soft_0.720,pipeline_soft,0.72,0.00,5,9,7,7,0.1318,0.1848,0.0706,0.1707,0.1074,0.629,1713,8322,11053599,14241,15954,10035,5.29,1.33,0.45,vsize_+6_std_+4,10,7,4,0.01,3,2,200
vsize_+6_std_+4_soft_0.740,pipeline_soft,0.74,0.00,5,9,7,7,0.1318,0.1848,0.0706,0.1707,0.1074,0.629,1713,8322,11053599,14241,15954,10035,5.29,1.33,0.45,vsize_+6_std_+4,10,7,4,0.01,3,2,200
vsize_+6_std_+4_soft_0.760,pipeline_soft,0.76,0.00,5,9,7,7,0.1318,0.1848,0.0706,0.1707,0.1074,0.629,1713,8322,11053599,14241,15954,10035,5.29,1.33,0.45,vsize_+6_std_+4,10,7,4,0.01,3,2,200
vsize_+6_std_+4_soft_0.780,pipeline_soft,0.78,0.00,5,9,7,7,0.1318,0.1848,0.0706,0.1707,0.1074,0.629,1713,8322,11053599,14241,15954,10035,5.29,1.33,0.45,vsize_+6_std_+4,10,7,4,0.01,3,2,200
vsize_+6_std_+4_soft_0.800,pipeline_soft,0.8,0.00,5,9,7,7,0.1318,0.1848,0.0706,0.1707,0.1074,0.629,1713,8322,11053599,14241,15954,10035,5.29,1.33,0.45,vsize_+6_std_+4,10,7,4,0.01,3,2,200
vsize_+6_std_+4_soft_0.820,pipeline_soft,0.82,0.00,5,9,7,7,0.1318,0.1848,0.0706,0.1707,0.1074,0.629,1713,8322,11053599,14241,15954,10035,5.29,1.33,0.45,vsize_+6_std_+4,10,7,4,0.01,3,2,200
vsize_+6_std_+4_soft_0.840,pipeline_soft,0.84,0.00,5,9,7,7,0.1318,0.1848,0.0706,0.1707,0.1074,0.629,1713,8322,11053599,14241,15954,10035,5.29,1.33,0.45,vsize_+6_std_+4,10,7,4,0.01,3,2,200
vsize_+6_std_+4_soft_0.860,pipeline_soft,0.86,0.00,5,9,7,7,0.1318,0.1848,0.0706,0.1707,0.1074,0.629,1713,8322,11053599,14241,15954,10035,5.29,1.33,0.45,vsize_+6_std_+4,10,7,4,0.01,3,2,200
vsize_+6_std_+4_soft_0.880,pipeline_soft,0.88,0.00,5,9,7,7,0.1318,0.1848,0.0706,0.1707,0.1074,0.629,1713,8322,11053599,14241,15954,10035,5.29,1.33,0.45,vsize_+6_std_+4,10,7,4,0.01,3,2,200
vsize_+6_std_+4_soft_0.900,pipeline_soft,0.9,0.00,5,9,7,7,0.1318,0.1848,0.0706,0.1707,0.1074,0.629,1713,8322,11053599,14241,15954,10035,5.29,1.33,0.45,vsize_+6_std_+4,10,7,4,0.01,3,2,200
vsize_+6_std_+4_soft_0.920,pipeline_soft,0.92,0.00,5,9,7,7,0.1318,0.1848,0.0706,0.1707,0.1074,0.629,1713,8322,11053599,14241,15954,10035,5.29,1.33,0.45,vsize_+6_std_+4,10,7,4,0.01,3,2,200
vsize_+6_std_+4_soft_0.940,pipeline_soft,0.94,0.00,5,9,7,7,0.1318,0.1848,0.0706,0.1707,0.1074,0.629,1713,8322,11053599,14241,15954,10035,5.29,1.33,0.45,vsize_+6_std_+4,10,7,4,0.01,3,2,200
vsize_+6_std_+4_soft_0.960,pipeline_soft,0.96,0.00,5,9,7,7,0.1318,0.1848,0.0706,0.1707,0.1074,0.629,1713,8322,11053599,14241,15954,10035,5.29,1.33,0.45,vsize_+6_std_+4,10,7,4,0.01,3,2,200
vsize_+6_std_+4_soft_0.980,pipeline_soft,0.98,0.00,5,9,7,7,0.1318,0.1848,0.0706,0.1707,0.1074,0.629,1713,8322,11053599,14241,15954,10035,5.29,1.33,0.45,vsize_+6_std_+4,10,7,4,0.01,3,2,200
strength_-1_soft_0.000,pipeline_soft,0.0,0.00,9,9,7,7,0.1171,0.1349,0.0622,0.0652,0.5742,8.808,9160,131361,10930560,6794,15954,140521,5.29,59.12,4.36,strength_-1,4,3,3,0.01,3,2,200
strength_-1_soft_0.020,pipeline_soft,0.02,0.00,9,9,7,7,0.1171,0.1349,0.0622,0.0652,0.5742,8.808,9160,131361,10930560,6794,15954,140521,5.29,59.12,4.36,strength_-1,4,3,3,0.01,3,2,200
strength_-1_soft_0.040,pipeline_soft,0.04,0.00,9,9,7,7,0.1171,0.1349,0.0622,0.0652,0.5742,8.808,9160,131361,10930560,6794,15954,140521,5.29,59.12,4.36,strength_-1,4,3,3,0.01,3,2,200
strength_-1_soft_0.060,pipeline_soft,0.06,0.00,9,9,7,7,0.1171,0.1349,0.0622,0.0652,0.5742,8.808,9160,131361,10930560,6794,15954,140521,5.29,59.12,4.36,strength_-1,4,3,3,0.01,3,2,200
strength_-1_soft_0.080,pipeline_soft,0.08,0.00,9,9,7,7,0.1171,0.1349,0.0622,0.0652,0.5742,8.808,9160,131361,10930560,6794,15954,140521,5.29,59.12,4.36,strength_-1,4,3,3,0.01,3,2,200
strength_-1_soft_0.100,pipeline_soft,0.1,0.00,9,9,7,7,0.1171,0.1349,0.0622,0.0652,0.5742,8.808,9160,131361,10930560,6794,15954,140521,5.29,59.12,4.36,strength_-1,4,3,3,0.01,3,2,200
strength_-1_soft_0.120,pipeline_soft,0.12,0.00,9,9,7,7,0.1171,0.1349,0.0622,0.0652,0.5742,8.808,9160,131361,10930560,6794,15954,140521,5.29,59.12,4.36,strength_-1,4,3,3,0.01,3,2,200
strength_-1_soft_0.140,pipeline_soft,0.14,0.00,9,9,7,7,0.1171,0.1349,0.0622,0.0652,0.5742,8.808,9160,131361,10930560,6794,15954,140521,5.29,59.12,4.36,strength_-1,4,3,3,0.01,3,2,200
strength_-1_soft_0.160,pipeline_soft,0.16,0.00,9,9,7,7,0.1171,0.1349,0.0622,0.0652,0.5742,8.808,9160,131361,10930560,6794,15954,140521,5.29,59.12,4.36,strength_-1,4,3,3,0.01,3,2,200
strength_-1_soft_0.180,pipeline_soft,0.18,0.00,9,9,7,7,0.1171,0.1349,0.0622,0.0652,0.5742,8.808,9160,131361,10930560,6794,15954,140521,5.29,59.12,4.36,strength_-1,4,3,3,0.01,3,2,200
strength_-1_soft_0.200,pipeline_soft,0.2,0.00,9,9,7,7,0.1171,0.1349,0.0622,0.0652,0.5742,8.808,9160,131361,10930560,6794,15954,140521,5.29,59.12,4.36,strength_-1,4,3,3,0.01,3,2,200
strength_-1_soft_0.220,pipeline_soft,0.22,0.00,9,9,7,7,0.1171,0.1349,0.0622,0.0652,0.5742,8.808,9160,131361,10930560,6794,15954,140521,5.29,59.12,4.36,strength_-1,4,3,3,0.01,3,2,200
strength_-1_soft_0.240,pipeline_soft,0.24,0.00,9,9,7,7,0.1171,0.1349,0.0622,0.0652,0.5742,8.808,9160,131361,10930560,6794,15954,140521,5.29,59.12,4.36,strength_-1,4,3,3,0.01,3,2,200
strength_-1_soft_0.260,pipeline_soft,0.26,0.00,9,9,7,7,0.1171,0.1349,0.0622,0.0652,0.5742,8.808,9160,131361,10930560,6794,15954,140521,5.29,59.12,4.36,strength_-1,4,3,3,0.01,3,2,200
strength_-1_soft_0.280,pipeline_soft,0.28,0.00,9,9,7,7,0.1171,0.1349,0.0622,0.0652,0.5742,8.808,9160,131361,10930560,6794,15954,140521,5.29,59.12,4.36,strength_-1,4,3,3,0.01,3,2,200
strength_-1_soft_0.300,pipeline_soft,0.3,0.00,9,9,7,7,0.1171,0.1349,0.0622,0.0652,0.5742,8.808,9160,131361,10930560,6794,15954,140521,5.29,59.12,4.36,strength_-1,4,3,3,0.01,3,2,200
strength_-1_soft_0.320,pipeline_soft,0.32,0.00,9,9,7,7,0.1171,0.1349,0.0622,0.0652,0.5742,8.808,9160,131361,10930560,6794,15954,140521,5.29,59.12,4.36,strength_-1,4,3,3,0.01,3,2,200
strength_-1_soft_0.340,pipeline_soft,0.34,0.00,8,9,7,7,0.2633,0.3081,0.1516,0.1974,0.3952,2.002,6305,25642,11036279,9649,15954,31947,5.29,13.41,2.87,strength_-1,4,3,3,0.01,3,2,200
strength_-1_soft_0.360,pipeline_soft,0.36,0.00,8,9,7,7,0.2633,0.3081,0.1516,0.1974,0.3952,2.002,6305,25642,11036279,9649,15954,31947,5.29,13.41,2.87,strength_-1,4,3,3,0.01,3,2,200
strength_-1_soft_0.380,pipeline_soft,0.38,0.00,8,9,7,7,0.2633,0.3081,0.1516,0.1974,0.3952,2.002,6305,25642,11036279,9649,15954,31947,5.29,13.41,2.87,strength_-1,4,3,3,0.01,3,2,200
strength_-1_soft_0.400,pipeline_soft,0.4,0.00,8,9,7,7,0.2633,0.3081,0.1516,0.1974,0.3952,2.002,6305,25642,11036279,9649,15954,31947,5.29,13.41,2.87,strength_-1,4,3,3,0.01,3,2,200
strength_-1_soft_0.420,pipeline_soft,0.42,0.00,8,9,7,7,0.2633,0.3081,0.1516,0.1974,0.3952,2.002,6305,25642,11036279,9649,15954,31947,5.29,13.41,2.87,strength_-1,4,3,3,0.01,3,2,200
strength_-1_soft_0.440,pipeline_soft,0.44,0.00,8,9,7,7,0.2633,0.3081,0.1516,0.1974,0.3952,2.002,6305,25642,11036279,9649,15954,31947,5.29,13.41,2.87,strength_-1,4,3,3,0.01,3,2,200
strength_-1_soft_0.460,pipeline_soft,0.46,0.00,8,9,7,7,0.2633,0.3081,0.1516,0.1974,0.3952,2.002,6305,25642,11036279,9649,15954,31947,5.29,13.41,2.87,strength_-1,4,3,3,0.01,3,2,200
strength_-1_soft_0.480,pipeline_soft,0.48,0.00,8,9,7,7,0.2633,0.3081,0.1516,0.1974,0.3952,2.002,6305,25642,11036279,9649,15954,31947,5.29,13.41,2.87,strength_-1,4,3,3,0.01,3,2,200
strength_-1_soft_0.500,pipeline_soft,0.5,0.00,8,9,7,7,0.2633,0.3081,0.1516,0.1974,0.3952,2.002,6305,25642,11036279,9649,15954,31947,5.29,13.41,2.87,strength_-1,4,3,3,0.01,3,2,200
strength_-1_soft_0.520,pipeline_soft,0.52,0.00,8,9,7,7,0.2633,0.3081,0.1516,0.1974,0.3952,2.002,6305,25642,11036279,9649,15954,31947,5.29,13.41,2.87,strength_-1,4,3,3,0.01,3,2,200
strength_-1_soft_0.540,pipeline_soft,0.54,0.00,8,9,7,7,0.2633,0.3081,0.1516,0.1974,0.3952,2.002,6305,25642,11036279,9649,15954,31947,5.29,13.41,2.87,strength_-1,4,3,3,0.01,3,2,200
strength_-1_soft_0.560,pipeline_soft,0.56,0.00,8,9,7,7,0.2633,0.3081,0.1516,0.1974,0.3952,2.002,6305,25642,11036279,9649,15954,31947,5.29,13.41,2.87,strength_-1,4,3,3,0.01,3,2,200
strength_-1_soft_0.580,pipeline_soft,0.58,0.00,8,9,7,7,0.2633,0.3081,0.1516,0.1974,0.3952,2.002,6305,25642,11036279,9649,15954,31947,5.29,13.41,2.87,strength_-1,4,3,3,0.01,3,2,200
strength_-1_soft_0.600,pipeline_soft,0.6,0.00,8,9,7,7,0.2633,0.3081,0.1516,0.1974,0.3952,2.002,6305,25642,11036279,9649,15954,31947,5.29,13.41,2.87,strength_-1,4,3,3,0.01,3,2,200
strength_-1_soft_0.620,pipeline_soft,0.62,0.00,8,9,7,7,0.2633,0.3081,0.1516,0.1974,0.3952,2.002,6305,25642,11036279,9649,15954,31947,5.29,13.41,2.87,strength_-1,4,3,3,0.01,3,2,200
strength_-1_soft_0.640,pipeline_soft,0.64,0.00,8,9,7,7,0.2633,0.3081,0.1516,0.1974,0.3952,2.002,6305,25642,11036279,9649,15954,31947,5.29,13.41,2.87,strength_-1,4,3,3,0.01,3,2,200
strength_-1_soft_0.660,pipeline_soft,0.66,0.00,8,9,7,7,0.2633,0.3081,0.1516,0.1974,0.3952,2.002,6305,25642,11036279,9649,15954,31947,5.29,13.41,2.87,strength_-1,4,3,3,0.01,3,2,200
strength_-1_soft_0.680,pipeline_soft,0.68,0.00,7,9,7,7,0.1962,0.2542,0.1088,0.4768,0.1235,0.259,1971,2163,11059758,13983,15954,4134,5.29,1.65,0.86,strength_-1,4,3,3,0.01,3,2,200
strength_-1_soft_0.700,pipeline_soft,0.7,0.00,7,9,7,7,0.1962,0.2542,0.1088,0.4768,0.1235,0.259,1971,2163,11059758,13983,15954,4134,5.29,1.65,0.86,strength_-1,4,3,3,0.01,3,2,200
strength_-1_soft_0.720,pipeline_soft,0.72,0.00,7,9,7,7,0.1962,0.2542,0.1088,0.4768,0.1235,0.259,1971,2163,11059758,13983,15954,4134,5.29,1.65,0.86,strength_-1,4,3,3,0.01,3,2,200
strength_-1_soft_0.740,pipeline_soft,0.74,0.00,7,9,7,7,0.1962,0.2542,0.1088,0.4768,0.1235,0.259,1971,2163,11059758,13983,15954,4134,5.29,1.65,0.86,strength_-1,4,3,3,0.01,3,2,200
strength_-1_soft_0.760,pipeline_soft,0.76,0.00,7,9,7,7,0.1962,0.2542,0.1088,0.4768,0.1235,0.259,1971,2163,11059758,13983,15954,4134,5.29,1.65,0.86,strength_-1,4,3,3,0.01,3,2,200
strength_-1_soft_0.780,pipeline_soft,0.78,0.00,7,9,7,7,0.1962,0.2542,0.1088,0.4768,0.1235,0.259,1971,2163,11059758,13983,15954,4134,5.29,1.65,0.86,strength_-1,4,3,3,0.01,3,2,200
strength_-1_soft_0.800,pipeline_soft,0.8,0.00,7,9,7,7,0.1962,0.2542,0.1088,0.4768,0.1235,0.259,1971,2163,11059758,13983,15954,4134,5.29,1.65,0.86,strength_-1,4,3,3,0.01,3,2,200
strength_-1_soft_0.820,pipeline_soft,0.82,0.00,7,9,7,7,0.1962,0.2542,0.1088,0.4768,0.1235,0.259,1971,2163,11059758,13983,15954,4134,5.29,1.65,0.86,strength_-1,4,3,3,0.01,3,2,200
strength_-1_soft_0.840,pipeline_soft,0.84,0.00,7,9,7,7,0.1962,0.2542,0.1088,0.4768,0.1235,0.259,1971,2163,11059758,13983,15954,4134,5.29,1.65,0.86,strength_-1,4,3,3,0.01,3,2,200
strength_-1_soft_0.860,pipeline_soft,0.86,0.00,7,9,7,7,0.1962,0.2542,0.1088,0.4768,0.1235,0.259,1971,2163,11059758,13983,15954,4134,5.29,1.65,0.86,strength_-1,4,3,3,0.01,3,2,200
strength_-1_soft_0.880,pipeline_soft,0.88,0.00,7,9,7,7,0.1962,0.2542,0.1088,0.4768,0.1235,0.259,1971,2163,11059758,13983,15954,4134,5.29,1.65,0.86,strength_-1,4,3,3,0.01,3,2,200
strength_-1_soft_0.900,pipeline_soft,0.9,0.00,7,9,7,7,0.1962,0.2542,0.1088,0.4768,0.1235,0.259,1971,2163,11059758,13983,15954,4134,5.29,1.65,0.86,strength_-1,4,3,3,0.01,3,2,200
strength_-1_soft_0.920,pipeline_soft,0.92,0.00,7,9,7,7,0.1962,0.2542,0.1088,0.4768,0.1235,0.259,1971,2163,11059758,13983,15954,4134,5.29,1.65,0.86,strength_-1,4,3,3,0.01,3,2,200
strength_-1_soft_0.940,pipeline_soft,0.94,0.00,7,9,7,7,0.1962,0.2542,0.1088,0.4768,0.1235,0.259,1971,2163,11059758,13983,15954,4134,5.29,1.65,0.86,strength_-1,4,3,3,0.01,3,2,200
strength_-1_soft_0.960,pipeline_soft,0.96,0.00,7,9,7,7,0.1962,0.2542,0.1088,0.4768,0.1235,0.259,1971,2163,11059758,13983,15954,4134,5.29,1.65,0.86,strength_-1,4,3,3,0.01,3,2,200
strength_-1_soft_0.980,pipeline_soft,0.98,0.00,7,9,7,7,0.1962,0.2542,0.1088,0.4768,0.1235,0.259,1971,2163,11059758,13983,15954,4134,5.29,1.65,0.86,strength_-1,4,3,3,0.01,3,2,200
strength_+1_soft_0.000,pipeline_soft,0.0,0.00,9,9,7,7,0.1185,0.1386,0.0630,0.0661,0.5717,8.647,9121,128837,10933084,6833,15954,137958,5.29,57.62,4.37,strength_+1,4,3,5,0.01,3,2,200
strength_+1_soft_0.020,pipeline_soft,0.02,0.00,9,9,7,7,0.1185,0.1386,0.0630,0.0661,0.5717,8.647,9121,128837,10933084,6833,15954,137958,5.29,57.62,4.37,strength_+1,4,3,5,0.01,3,2,200
strength_+1_soft_0.040,pipeline_soft,0.04,0.00,9,9,7,7,0.1185,0.1386,0.0630,0.0661,0.5717,8.647,9121,128837,10933084,6833,15954,137958,5.29,57.62,4.37,strength_+1,4,3,5,0.01,3,2,200
strength_+1_soft_0.060,pipeline_soft,0.06,0.00,9,9,7,7,0.1185,0.1386,0.0630,0.0661,0.5717,8.647,9121,128837,10933084,6833,15954,137958,5.29,57.62,4.37,strength_+1,4,3,5,0.01,3,2,200
strength_+1_soft_0.080,pipeline_soft,0.08,0.00,9,9,7,7,0.1185,0.1386,0.0630,0.0661,0.5717,8.647,9121,128837,10933084,6833,15954,137958,5.29,57.62,4.37,strength_+1,4,3,5,0.01,3,2,200
strength_+1_soft_0.100,pipeline_soft,0.1,0.00,9,9,7,7,0.1185,0.1386,0.0630,0.0661,0.5717,8.647,9121,128837,10933084,6833,15954,137958,5.29,57.62,4.37,strength_+1,4,3,5,0.01,3,2,200
strength_+1_soft_0.120,pipeline_soft,0.12,0.00,9,9,7,7,0.1185,0.1386,0.0630,0.0661,0.5717,8.647,9121,128837,10933084,6833,15954,137958,5.29,57.62,4.37,strength_+1,4,3,5,0.01,3,2,200
strength_+1_soft_0.140,pipeline_soft,0.14,0.00,9,9,7,7,0.1185,0.1386,0.0630,0.0661,0.5717,8.647,9121,128837,10933084,6833,15954,137958,5.29,57.62,4.37,strength_+1,4,3,5,0.01,3,2,200
strength_+1_soft_0.160,pipeline_soft,0.16,0.00,9,9,7,7,0.1185,0.1386,0.0630,0.0661,0.5717,8.647,9121,128837,10933084,6833,15954,137958,5.29,57.62,4.37,strength_+1,4,3,5,0.01,3,2,200
strength_+1_soft_0.180,pipeline_soft,0.18,0.00,9,9,7,7,0.1185,0.1386,0.0630,0.0661,0.5717,8.647,9121,128837,10933084,6833,15954,137958,5.29,57.62,4.37,strength_+1,4,3,5,0.01,3,2,200
strength_+1_soft_0.200,pipeline_soft,0.2,0.00,9,9,7,7,0.1185,0.1386,0.0630,0.0661,0.5717,8.647,9121,128837,10933084,6833,15954,137958,5.29,57.62,4.37,strength_+1,4,3,5,0.01,3,2,200
strength_+1_soft_0.220,pipeline_soft,0.22,0.00,9,9,7,7,0.1185,0.1386,0.0630,0.0661,0.5717,8.647,9121,128837,10933084,6833,15954,137958,5.29,57.62,4.37,strength_+1,4,3,5,0.01,3,2,200
strength_+1_soft_0.240,pipeline_soft,0.24,0.00,9,9,7,7,0.1185,0.1386,0.0630,0.0661,0.5717,8.647,9121,128837,10933084,6833,15954,137958,5.29,57.62,4.37,strength_+1,4,3,5,0.01,3,2,200
strength_+1_soft_0.260,pipeline_soft,0.26,0.00,9,9,7,7,0.1185,0.1386,0.0630,0.0661,0.5717,8.647,9121,128837,10933084,6833,15954,137958,5.29,57.62,4.37,strength_+1,4,3,5,0.01,3,2,200
strength_+1_soft_0.280,pipeline_soft,0.28,0.00,9,9,7,7,0.1185,0.1386,0.0630,0.0661,0.5717,8.647,9121,128837,10933084,6833,15954,137958,5.29,57.62,4.37,strength_+1,4,3,5,0.01,3,2,200
strength_+1_soft_0.300,pipeline_soft,0.3,0.00,9,9,7,7,0.1185,0.1386,0.0630,0.0661,0.5717,8.647,9121,128837,10933084,6833,15954,137958,5.29,57.62,4.37,strength_+1,4,3,5,0.01,3,2,200
strength_+1_soft_0.320,pipeline_soft,0.32,0.00,9,9,7,7,0.1185,0.1386,0.0630,0.0661,0.5717,8.647,9121,128837,10933084,6833,15954,137958,5.29,57.62,4.37,strength_+1,4,3,5,0.01,3,2,200
strength_+1_soft_0.340,pipeline_soft,0.34,0.00,8,9,7,7,0.2541,0.2984,0.1455,0.1872,0.3950,2.110,6302,27355,11034566,9652,15954,33657,5.29,13.94,2.86,strength_+1,4,3,5,0.01,3,2,200
strength_+1_soft_0.360,pipeline_soft,0.36,0.00,8,9,7,7,0.2541,0.2984,0.1455,0.1872,0.3950,2.110,6302,27355,11034566,9652,15954,33657,5.29,13.94,2.86,strength_+1,4,3,5,0.01,3,2,200
strength_+1_soft_0.380,pipeline_soft,0.38,0.00,8,9,7,7,0.2541,0.2984,0.1455,0.1872,0.3950,2.110,6302,27355,11034566,9652,15954,33657,5.29,13.94,2.86,strength_+1,4,3,5,0.01,3,2,200
strength_+1_soft_0.400,pipeline_soft,0.4,0.00,8,9,7,7,0.2541,0.2984,0.1455,0.1872,0.3950,2.110,6302,27355,11034566,9652,15954,33657,5.29,13.94,2.86,strength_+1,4,3,5,0.01,3,2,200
strength_+1_soft_0.420,pipeline_soft,0.42,0.00,8,9,7,7,0.2541,0.2984,0.1455,0.1872,0.3950,2.110,6302,27355,11034566,9652,15954,33657,5.29,13.94,2.86,strength_+1,4,3,5,0.01,3,2,200
strength_+1_soft_0.440,pipeline_soft,0.44,0.00,8,9,7,7,0.2541,0.2984,0.1455,0.1872,0.3950,2.110,6302,27355,11034566,9652,15954,33657,5.29,13.94,2.86,strength_+1,4,3,5,0.01,3,2,200
strength_+1_soft_0.460,pipeline_soft,0.46,0.00,8,9,7,7,0.2541,0.2984,0.1455,0.1872,0.3950,2.110,6302,27355,11034566,9652,15954,33657,5.29,13.94,2.86,strength_+1,4,3,5,0.01,3,2,200
strength_+1_soft_0.480,pipeline_soft,0.48,0.00,8,9,7,7,0.2541,0.2984,0.1455,0.1872,0.3950,2.110,6302,27355,11034566,9652,15954,33657,5.29,13.94,2.86,strength_+1,4,3,5,0.01,3,2,200
strength_+1_soft_0.500,pipeline_soft,0.5,0.00,8,9,7,7,0.2541,0.2984,0.1455,0.1872,0.3950,2.110,6302,27355,11034566,9652,15954,33657,5.29,13.94,2.86,strength_+1,4,3,5,0.01,3,2,200
strength_+1_soft_0.520,pipeline_soft,0.52,0.00,8,9,7,7,0.2541,0.2984,0.1455,0.1872,0.3950,2.110,6302,27355,11034566,9652,15954,33657,5.29,13.94,2.86,strength_+1,4,3,5,0.01,3,2,200
strength_+1_soft_0.540,pipeline_soft,0.54,0.00,8,9,7,7,0.2541,0.2984,0.1455,0.1872,0.3950,2.110,6302,27355,11034566,9652,15954,33657,5.29,13.94,2.86,strength_+1,4,3,5,0.01,3,2,200
strength_+1_soft_0.560,pipeline_soft,0.56,0.00,8,9,7,7,0.2541,0.2984,0.1455,0.1872,0.3950,2.110,6302,27355,11034566,9652,15954,33657,5.29,13.94,2.86,strength_+1,4,3,5,0.01,3,2,200
strength_+1_soft_0.580,pipeline_soft,0.58,0.00,8,9,7,7,0.2541,0.2984,0.1455,0.1872,0.3950,2.110,6302,27355,11034566,9652,15954,33657,5.29,13.94,2.86,strength_+1,4,3,5,0.01,3,2,200
strength_+1_soft_0.600,pipeline_soft,0.6,0.00,8,9,7,7,0.2541,0.2984,0.1455,0.1872,0.3950,2.110,6302,27355,11034566,9652,15954,33657,5.29,13.94,2.86,strength_+1,4,3,5,0.01,3,2,200
strength_+1_soft_0.620,pipeline_soft,0.62,0.00,8,9,7,7,0.2541,0.2984,0.1455,0.1872,0.3950,2.110,6302,27355,11034566,9652,15954,33657,5.29,13.94,2.86,strength_+1,4,3,5,0.01,3,2,200
strength_+1_soft_0.640,pipeline_soft,0.64,0.00,8,9,7,7,0.2541,0.2984,0.1455,0.1872,0.3950,2.110,6302,27355,11034566,9652,15954,33657,5.29,13.94,2.86,strength_+1,4,3,5,0.01,3,2,200
strength_+1_soft_0.660,pipeline_soft,0.66,0.00,8,9,7,7,0.2541,0.2984,0.1455,0.1872,0.3950,2.110,6302,27355,11034566,9652,15954,33657,5.29,13.94,2.86,strength_+1,4,3,5,0.01,3,2,200
strength_+1_soft_0.680,pipeline_soft,0.68,0.00,7,9,7,7,0.1948,0.2522,0.1079,0.4638,0.1233,0.266,1967,2274,11059647,13987,15954,4241,5.29,1.70,0.86,strength_+1,4,3,5,0.01,3,2,200
strength_+1_soft_0.700,pipeline_soft,0.7,0.00,7,9,7,7,0.1948,0.2522,0.1079,0.4638,0.1233,0.266,1967,2274,11059647,13987,15954,4241,5.29,1.70,0.86,strength_+1,4,3,5,0.01,3,2,200
strength_+1_soft_0.720,pipeline_soft,0.72,0.00,7,9,7,7,0.1948,0.2522,0.1079,0.4638,0.1233,0.266,1967,2274,11059647,13987,15954,4241,5.29,1.70,0.86,strength_+1,4,3,5,0.01,3,2,200
strength_+1_soft_0.740,pipeline_soft,0.74,0.00,7,9,7,7,0.1948,0.2522,0.1079,0.4638,0.1233,0.266,1967,2274,11059647,13987,15954,4241,5.29,1.70,0.86,strength_+1,4,3,5,0.01,3,2,200
strength_+1_soft_0.760,pipeline_soft,0.76,0.00,7,9,7,7,0.1948,0.2522,0.1079,0.4638,0.1233,0.266,1967,2274,11059647,13987,15954,4241,5.29,1.70,0.86,strength_+1,4,3,5,0.01,3,2,200
strength_+1_soft_0.780,pipeline_soft,0.78,0.00,7,9,7,7,0.1948,0.2522,0.1079,0.4638,0.1233,0.266,1967,2274,11059647,13987,15954,4241,5.29,1.70,0.86,strength_+1,4,3,5,0.01,3,2,200
strength_+1_soft_0.800,pipeline_soft,0.8,0.00,7,9,7,7,0.1948,0.2522,0.1079,0.4638,0.1233,0.266,1967,2274,11059647,13987,15954,4241,5.29,1.70,0.86,strength_+1,4,3,5,0.01,3,2,200
strength_+1_soft_0.820,pipeline_soft,0.82,0.00,7,9,7,7,0.1948,0.2522,0.1079,0.4638,0.1233,0.266,1967,2274,11059647,13987,15954,4241,5.29,1.70,0.86,strength_+1,4,3,5,0.01,3,2,200
strength_+1_soft_0.840,pipeline_soft,0.84,0.00,7,9,7,7,0.1948,0.2522,0.1079,0.4638,0.1233,0.266,1967,2274,11059647,13987,15954,4241,5.29,1.70,0.86,strength_+1,4,3,5,0.01,3,2,200
strength_+1_soft_0.860,pipeline_soft,0.86,0.00,7,9,7,7,0.1948,0.2522,0.1079,0.4638,0.1233,0.266,1967,2274,11059647,13987,15954,4241,5.29,1.70,0.86,strength_+1,4,3,5,0.01,3,2,200
strength_+1_soft_0.880,pipeline_soft,0.88,0.00,7,9,7,7,0.1948,0.2522,0.1079,0.4638,0.1233,0.266,1967,2274,11059647,13987,15954,4241,5.29,1.70,0.86,strength_+1,4,3,5,0.01,3,2,200
strength_+1_soft_0.900,pipeline_soft,0.9,0.00,7,9,7,7,0.1948,0.2522,0.1079,0.4638,0.1233,0.266,1967,2274,11059647,13987,15954,4241,5.29,1.70,0.86,strength_+1,4,3,5,0.01,3,2,200
strength_+1_soft_0.920,pipeline_soft,0.92,0.00,7,9,7,7,0.1948,0.2522,0.1079,0.4638,0.1233,0.266,1967,2274,11059647,13987,15954,4241,5.29,1.70,0.86,strength_+1,4,3,5,0.01,3,2,200
strength_+1_soft_0.940,pipeline_soft,0.94,0.00,7,9,7,7,0.1948,0.2522,0.1079,0.4638,0.1233,0.266,1967,2274,11059647,13987,15954,4241,5.29,1.70,0.86,strength_+1,4,3,5,0.01,3,2,200
strength_+1_soft_0.960,pipeline_soft,0.96,0.00,7,9,7,7,0.1948,0.2522,0.1079,0.4638,0.1233,0.266,1967,2274,11059647,13987,15954,4241,5.29,1.70,0.86,strength_+1,4,3,5,0.01,3,2,200
strength_+1_soft_0.980,pipeline_soft,0.98,0.00,7,9,7,7,0.1948,0.2522,0.1079,0.4638,0.1233,0.266,1967,2274,11059647,13987,15954,4241,5.29,1.70,0.86,strength_+1,4,3,5,0.01,3,2,200
strength_+2_soft_0.000,pipeline_soft,0.0,0.00,9,9,7,7,0.1166,0.1343,0.0619,0.0649,0.5742,8.849,9160,132010,10929911,6794,15954,141170,5.29,59.44,4.36,strength_+2,4,3,6,0.01,3,2,200
strength_+2_soft_0.020,pipeline_soft,0.02,0.00,9,9,7,7,0.1166,0.1343,0.0619,0.0649,0.5742,8.849,9160,132010,10929911,6794,15954,141170,5.29,59.44,4.36,strength_+2,4,3,6,0.01,3,2,200
strength_+2_soft_0.040,pipeline_soft,0.04,0.00,9,9,7,7,0.1166,0.1343,0.0619,0.0649,0.5742,8.849,9160,132010,10929911,6794,15954,141170,5.29,59.44,4.36,strength_+2,4,3,6,0.01,3,2,200
strength_+2_soft_0.060,pipeline_soft,0.06,0.00,9,9,7,7,0.1166,0.1343,0.0619,0.0649,0.5742,8.849,9160,132010,10929911,6794,15954,141170,5.29,59.44,4.36,strength_+2,4,3,6,0.01,3,2,200
strength_+2_soft_0.080,pipeline_soft,0.08,0.00,9,9,7,7,0.1166,0.1343,0.0619,0.0649,0.5742,8.849,9160,132010,10929911,6794,15954,141170,5.29,59.44,4.36,strength_+2,4,3,6,0.01,3,2,200
strength_+2_soft_0.100,pipeline_soft,0.1,0.00,9,9,7,7,0.1166,0.1343,0.0619,0.0649,0.5742,8.849,9160,132010,10929911,6794,15954,141170,5.29,59.44,4.36,strength_+2,4,3,6,0.01,3,2,200
strength_+2_soft_0.120,pipeline_soft,0.12,0.00,9,9,7,7,0.1166,0.1343,0.0619,0.0649,0.5742,8.849,9160,132010,10929911,6794,15954,141170,5.29,59.44,4.36,strength_+2,4,3,6,0.01,3,2,200
strength_+2_soft_0.140,pipeline_soft,0.14,0.00,9,9,7,7,0.1166,0.1343,0.0619,0.0649,0.5742,8.849,9160,132010,10929911,6794,15954,141170,5.29,59.44,4.36,strength_+2,4,3,6,0.01,3,2,200
strength_+2_soft_0.160,pipeline_soft,0.16,0.00,9,9,7,7,0.1166,0.1343,0.0619,0.0649,0.5742,8.849,9160,132010,10929911,6794,15954,141170,5.29,59.44,4.36,strength_+2,4,3,6,0.01,3,2,200
strength_+2_soft_0.180,pipeline_soft,0.18,0.00,9,9,7,7,0.1166,0.1343,0.0619,0.0649,0.5742,8.849,9160,132010,10929911,6794,15954,141170,5.29,59.44,4.36,strength_+2,4,3,6,0.01,3,2,200
strength_+2_soft_0.200,pipeline_soft,0.2,0.00,9,9,7,7,0.1166,0.1343,0.0619,0.0649,0.5742,8.849,9160,132010,10929911,6794,15954,141170,5.29,59.44,4.36,strength_+2,4,3,6,0.01,3,2,200
strength_+2_soft_0.220,pipeline_soft,0.22,0.00,9,9,7,7,0.1166,0.1343,0.0619,0.0649,0.5742,8.849,9160,132010,10929911,6794,15954,141170,5.29,59.44,4.36,strength_+2,4,3,6,0.01,3,2,200
strength_+2_soft_0.240,pipeline_soft,0.24,0.00,9,9,7,7,0.1166,0.1343,0.0619,0.0649,0.5742,8.849,9160,132010,10929911,6794,15954,141170,5.29,59.44,4.36,strength_+2,4,3,6,0.01,3,2,200
strength_+2_soft_0.260,pipeline_soft,0.26,0.00,9,9,7,7,0.1166,0.1343,0.0619,0.0649,0.5742,8.849,9160,132010,10929911,6794,15954,141170,5.29,59.44,4.36,strength_+2,4,3,6,0.01,3,2,200
strength_+2_soft_0.280,pipeline_soft,0.28,0.00,9,9,7,7,0.1166,0.1343,0.0619,0.0649,0.5742,8.849,9160,132010,10929911,6794,15954,141170,5.29,59.44,4.36,strength_+2,4,3,6,0.01,3,2,200
strength_+2_soft_0.300,pipeline_soft,0.3,0.00,9,9,7,7,0.1166,0.1343,0.0619,0.0649,0.5742,8.849,9160,132010,10929911,6794,15954,141170,5.29,59.44,4.36,strength_+2,4,3,6,0.01,3,2,200
strength_+2_soft_0.320,pipeline_soft,0.32,0.00,9,9,7,7,0.1166,0.1343,0.0619,0.0649,0.5742,8.849,9160,132010,10929911,6794,15954,141170,5.29,59.44,4.36,strength_+2,4,3,6,0.01,3,2,200
strength_+2_soft_0.340,pipeline_soft,0.34,0.00,8,9,7,7,0.2638,0.3085,0.1520,0.1980,0.3952,1.996,6305,25538,11036383,9649,15954,31843,5.29,13.39,2.87,strength_+2,4,3,6,0.01,3,2,200
strength_+2_soft_0.360,pipeline_soft,0.36,0.00,8,9,7,7,0.2638,0.3085,0.1520,0.1980,0.3952,1.996,6305,25538,11036383,9649,15954,31843,5.29,13.39,2.87,strength_+2,4,3,6,0.01,3,2,200
strength_+2_soft_0.380,pipeline_soft,0.38,0.00,8,9,7,7,0.2638,0.3085,0.1520,0.1980,0.3952,1.996,6305,25538,11036383,9649,15954,31843,5.29,13.39,2.87,strength_+2,4,3,6,0.01,3,2,200
strength_+2_soft_0.400,pipeline_soft,0.4,0.00,8,9,7,7,0.2638,0.3085,0.1520,0.1980,0.3952,1.996,6305,25538,11036383,9649,15954,31843,5.29,13.39,2.87,strength_+2,4,3,6,0.01,3,2,200
strength_+2_soft_0.420,pipeline_soft,0.42,0.00,8,9,7,7,0.2638,0.3085,0.1520,0.1980,0.3952,1.996,6305,25538,11036383,9649,15954,31843,5.29,13.39,2.87,strength_+2,4,3,6,0.01,3,2,200
strength_+2_soft_0.440,pipeline_soft,0.44,0.00,8,9,7,7,0.2638,0.3085,0.1520,0.1980,0.3952,1.996,6305,25538,11036383,9649,15954,31843,5.29,13.39,2.87,strength_+2,4,3,6,0.01,3,2,200
strength_+2_soft_0.460,pipeline_soft,0.46,0.00,8,9,7,7,0.2638,0.3085,0.1520,0.1980,0.3952,1.996,6305,25538,11036383,9649,15954,31843,5.29,13.39,2.87,strength_+2,4,3,6,0.01,3,2,200
strength_+2_soft_0.480,pipeline_soft,0.48,0.00,8,9,7,7,0.2638,0.3085,0.1520,0.1980,0.3952,1.996,6305,25538,11036383,9649,15954,31843,5.29,13.39,2.87,strength_+2,4,3,6,0.01,3,2,200
strength_+2_soft_0.500,pipeline_soft,0.5,0.00,8,9,7,7,0.2638,0.3085,0.1520,0.1980,0.3952,1.996,6305,25538,11036383,9649,15954,31843,5.29,13.39,2.87,strength_+2,4,3,6,0.01,3,2,200
strength_+2_soft_0.520,pipeline_soft,0.52,0.00,8,9,7,7,0.2638,0.3085,0.1520,0.1980,0.3952,1.996,6305,25538,11036383,9649,15954,31843,5.29,13.39,2.87,strength_+2,4,3,6,0.01,3,2,200
strength_+2_soft_0.540,pipeline_soft,0.54,0.00,8,9,7,7,0.2638,0.3085,0.1520,0.1980,0.3952,1.996,6305,25538,11036383,9649,15954,31843,5.29,13.39,2.87,strength_+2,4,3,6,0.01,3,2,200
strength_+2_soft_0.560,pipeline_soft,0.56,0.00,8,9,7,7,0.2638,0.3085,0.1520,0.1980,0.3952,1.996,6305,25538,11036383,9649,15954,31843,5.29,13.39,2.87,strength_+2,4,3,6,0.01,3,2,200
strength_+2_soft_0.580,pipeline_soft,0.58,0.00,8,9,7,7,0.2638,0.3085,0.1520,0.1980,0.3952,1.996,6305,25538,11036383,9649,15954,31843,5.29,13.39,2.87,strength_+2,4,3,6,0.01,3,2,200
strength_+2_soft_0.600,pipeline_soft,0.6,0.00,8,9,7,7,0.2638,0.3085,0.1520,0.1980,0.3952,1.996,6305,25538,11036383,9649,15954,31843,5.29,13.39,2.87,strength_+2,4,3,6,0.01,3,2,200
strength_+2_soft_0.620,pipeline_soft,0.62,0.00,8,9,7,7,0.2638,0.3085,0.1520,0.1980,0.3952,1.996,6305,25538,11036383,9649,15954,31843,5.29,13.39,2.87,strength_+2,4,3,6,0.01,3,2,200
strength_+2_soft_0.640,pipeline_soft,0.64,0.00,8,9,7,7,0.2638,0.3085,0.1520,0.1980,0.3952,1.996,6305,25538,11036383,9649,15954,31843,5.29,13.39,2.87,strength_+2,4,3,6,0.01,3,2,200
strength_+2_soft_0.660,pipeline_soft,0.66,0.00,8,9,7,7,0.2638,0.3085,0.1520,0.1980,0.3952,1.996,6305,25538,11036383,9649,15954,31843,5.29,13.39,2.87,strength_+2,4,3,6,0.01,3,2,200
strength_+2_soft_0.680,pipeline_soft,0.68,0.00,7,9,7,7,0.1962,0.2542,0.1088,0.4768,0.1235,0.259,1971,2163,11059758,13983,15954,4134,5.29,1.65,0.86,strength_+2,4,3,6,0.01,3,2,200
strength_+2_soft_0.700,pipeline_soft,0.7,0.00,7,9,7,7,0.1962,0.2542,0.1088,0.4768,0.1235,0.259,1971,2163,11059758,13983,15954,4134,5.29,1.65,0.86,strength_+2,4,3,6,0.01,3,2,200
strength_+2_soft_0.720,pipeline_soft,0.72,0.00,7,9,7,7,0.1962,0.2542,0.1088,0.4768,0.1235,0.259,1971,2163,11059758,13983,15954,4134,5.29,1.65,0.86,strength_+2,4,3,6,0.01,3,2,200
strength_+2_soft_0.740,pipeline_soft,0.74,0.00,7,9,7,7,0.1962,0.2542,0.1088,0.4768,0.1235,0.259,1971,2163,11059758,13983,15954,4134,5.29,1.65,0.86,strength_+2,4,3,6,0.01,3,2,200
strength_+2_soft_0.760,pipeline_soft,0.76,0.00,7,9,7,7,0.1962,0.2542,0.1088,0.4768,0.1235,0.259,1971,2163,11059758,13983,15954,4134,5.29,1.65,0.86,strength_+2,4,3,6,0.01,3,2,200
strength_+2_soft_0.780,pipeline_soft,0.78,0.00,7,9,7,7,0.1962,0.2542,0.1088,0.4768,0.1235,0.259,1971,2163,11059758,13983,15954,4134,5.29,1.65,0.86,strength_+2,4,3,6,0.01,3,2,200
strength_+2_soft_0.800,pipeline_soft,0.8,0.00,7,9,7,7,0.1962,0.2542,0.1088,0.4768,0.1235,0.259,1971,2163,11059758,13983,15954,4134,5.29,1.65,0.86,strength_+2,4,3,6,0.01,3,2,200
strength_+2_soft_0.820,pipeline_soft,0.82,0.00,7,9,7,7,0.1962,0.2542,0.1088,0.4768,0.1235,0.259,1971,2163,11059758,13983,15954,4134,5.29,1.65,0.86,strength_+2,4,3,6,0.01,3,2,200
strength_+2_soft_0.840,pipeline_soft,0.84,0.00,7,9,7,7,0.1962,0.2542,0.1088,0.4768,0.1235,0.259,1971,2163,11059758,13983,15954,4134,5.29,1.65,0.86,strength_+2,4,3,6,0.01,3,2,200
strength_+2_soft_0.860,pipeline_soft,0.86,0.00,7,9,7,7,0.1962,0.2542,0.1088,0.4768,0.1235,0.259,1971,2163,11059758,13983,15954,4134,5.29,1.65,0.86,strength_+2,4,3,6,0.01,3,2,200
strength_+2_soft_0.880,pipeline_soft,0.88,0.00,7,9,7,7,0.1962,0.2542,0.1088,0.4768,0.1235,0.259,1971,2163,11059758,13983,15954,4134,5.29,1.65,0.86,strength_+2,4,3,6,0.01,3,2,200
strength_+2_soft_0.900,pipeline_soft,0.9,0.00,7,9,7,7,0.1962,0.2542,0.1088,0.4768,0.1235,0.259,1971,2163,11059758,13983,15954,4134,5.29,1.65,0.86,strength_+2,4,3,6,0.01,3,2,200
strength_+2_soft_0.920,pipeline_soft,0.92,0.00,7,9,7,7,0.1962,0.2542,0.1088,0.4768,0.1235,0.259,1971,2163,11059758,13983,15954,4134,5.29,1.65,0.86,strength_+2,4,3,6,0.01,3,2,200
strength_+2_soft_0.940,pipeline_soft,0.94,0.00,7,9,7,7,0.1962,0.2542,0.1088,0.4768,0.1235,0.259,1971,2163,11059758,13983,15954,4134,5.29,1.65,0.86,strength_+2,4,3,6,0.01,3,2,200
strength_+2_soft_0.960,pipeline_soft,0.96,0.00,7,9,7,7,0.1962,0.2542,0.1088,0.4768,0.1235,0.259,1971,2163,11059758,13983,15954,4134,5.29,1.65,0.86,strength_+2,4,3,6,0.01,3,2,200
strength_+2_soft_0.980,pipeline_soft,0.98,0.00,7,9,7,7,0.1962,0.2542,0.1088,0.4768,0.1235,0.259,1971,2163,11059758,13983,15954,4134,5.29,1.65,0.86,strength_+2,4,3,6,0.01,3,2,200
strength_+3_soft_0.000,pipeline_soft,0.0,0.00,9,9,7,7,0.1185,0.1386,0.0630,0.0661,0.5717,8.649,9121,128859,10933062,6833,15954,137980,5.29,57.62,4.37,strength_+3,4,3,7,0.01,3,2,200
strength_+3_soft_0.020,pipeline_soft,0.02,0.00,9,9,7,7,0.1185,0.1386,0.0630,0.0661,0.5717,8.649,9121,128859,10933062,6833,15954,137980,5.29,57.62,4.37,strength_+3,4,3,7,0.01,3,2,200
strength_+3_soft_0.040,pipeline_soft,0.04,0.00,9,9,7,7,0.1185,0.1386,0.0630,0.0661,0.5717,8.649,9121,128859,10933062,6833,15954,137980,5.29,57.62,4.37,strength_+3,4,3,7,0.01,3,2,200
strength_+3_soft_0.060,pipeline_soft,0.06,0.00,9,9,7,7,0.1185,0.1386,0.0630,0.0661,0.5717,8.649,9121,128859,10933062,6833,15954,137980,5.29,57.62,4.37,strength_+3,4,3,7,0.01,3,2,200
strength_+3_soft_0.080,pipeline_soft,0.08,0.00,9,9,7,7,0.1185,0.1386,0.0630,0.0661,0.5717,8.649,9121,128859,10933062,6833,15954,137980,5.29,57.62,4.37,strength_+3,4,3,7,0.01,3,2,200
strength_+3_soft_0.100,pipeline_soft,0.1,0.00,9,9,7,7,0.1185,0.1386,0.0630,0.0661,0.5717,8.649,9121,128859,10933062,6833,15954,137980,5.29,57.62,4.37,strength_+3,4,3,7,0.01,3,2,200
strength_+3_soft_0.120,pipeline_soft,0.12,0.00,9,9,7,7,0.1185,0.1386,0.0630,0.0661,0.5717,8.649,9121,128859,10933062,6833,15954,137980,5.29,57.62,4.37,strength_+3,4,3,7,0.01,3,2,200
strength_+3_soft_0.140,pipeline_soft,0.14,0.00,9,9,7,7,0.1185,0.1386,0.0630,0.0661,0.5717,8.649,9121,128859,10933062,6833,15954,137980,5.29,57.62,4.37,strength_+3,4,3,7,0.01,3,2,200
strength_+3_soft_0.160,pipeline_soft,0.16,0.00,9,9,7,7,0.1185,0.1386,0.0630,0.0661,0.5717,8.649,9121,128859,10933062,6833,15954,137980,5.29,57.62,4.37,strength_+3,4,3,7,0.01,3,2,200
strength_+3_soft_0.180,pipeline_soft,0.18,0.00,9,9,7,7,0.1185,0.1386,0.0630,0.0661,0.5717,8.649,9121,128859,10933062,6833,15954,137980,5.29,57.62,4.37,strength_+3,4,3,7,0.01,3,2,200
strength_+3_soft_0.200,pipeline_soft,0.2,0.00,9,9,7,7,0.1185,0.1386,0.0630,0.0661,0.5717,8.649,9121,128859,10933062,6833,15954,137980,5.29,57.62,4.37,strength_+3,4,3,7,0.01,3,2,200
strength_+3_soft_0.220,pipeline_soft,0.22,0.00,9,9,7,7,0.1185,0.1386,0.0630,0.0661,0.5717,8.649,9121,128859,10933062,6833,15954,137980,5.29,57.62,4.37,strength_+3,4,3,7,0.01,3,2,200
strength_+3_soft_0.240,pipeline_soft,0.24,0.00,9,9,7,7,0.1185,0.1386,0.0630,0.0661,0.5717,8.649,9121,128859,10933062,6833,15954,137980,5.29,57.62,4.37,strength_+3,4,3,7,0.01,3,2,200
strength_+3_soft_0.260,pipeline_soft,0.26,0.00,9,9,7,7,0.1185,0.1386,0.0630,0.0661,0.5717,8.649,9121,128859,10933062,6833,15954,137980,5.29,57.62,4.37,strength_+3,4,3,7,0.01,3,2,200
strength_+3_soft_0.280,pipeline_soft,0.28,0.00,9,9,7,7,0.1185,0.1386,0.0630,0.0661,0.5717,8.649,9121,128859,10933062,6833,15954,137980,5.29,57.62,4.37,strength_+3,4,3,7,0.01,3,2,200
strength_+3_soft_0.300,pipeline_soft,0.3,0.00,9,9,7,7,0.1185,0.1386,0.0630,0.0661,0.5717,8.649,9121,128859,10933062,6833,15954,137980,5.29,57.62,4.37,strength_+3,4,3,7,0.01,3,2,200
strength_+3_soft_0.320,pipeline_soft,0.32,0.00,9,9,7,7,0.1185,0.1386,0.0630,0.0661,0.5717,8.649,9121,128859,10933062,6833,15954,137980,5.29,57.62,4.37,strength_+3,4,3,7,0.01,3,2,200
strength_+3_soft_0.340,pipeline_soft,0.34,0.00,8,9,7,7,0.2541,0.2984,0.1455,0.1872,0.3950,2.110,6302,27355,11034566,9652,15954,33657,5.29,13.94,2.86,strength_+3,4,3,7,0.01,3,2,200
strength_+3_soft_0.360,pipeline_soft,0.36,0.00,8,9,7,7,0.2541,0.2984,0.1455,0.1872,0.3950,2.110,6302,27355,11034566,9652,15954,33657,5.29,13.94,2.86,strength_+3,4,3,7,0.01,3,2,200
strength_+3_soft_0.380,pipeline_soft,0.38,0.00,8,9,7,7,0.2541,0.2984,0.1455,0.1872,0.3950,2.110,6302,27355,11034566,9652,15954,33657,5.29,13.94,2.86,strength_+3,4,3,7,0.01,3,2,200
strength_+3_soft_0.400,pipeline_soft,0.4,0.00,8,9,7,7,0.2541,0.2984,0.1455,0.1872,0.3950,2.110,6302,27355,11034566,9652,15954,33657,5.29,13.94,2.86,strength_+3,4,3,7,0.01,3,2,200
strength_+3_soft_0.420,pipeline_soft,0.42,0.00,8,9,7,7,0.2541,0.2984,0.1455,0.1872,0.3950,2.110,6302,27355,11034566,9652,15954,33657,5.29,13.94,2.86,strength_+3,4,3,7,0.01,3,2,200
strength_+3_soft_0.440,pipeline_soft,0.44,0.00,8,9,7,7,0.2541,0.2984,0.1455,0.1872,0.3950,2.110,6302,27355,11034566,9652,15954,33657,5.29,13.94,2.86,strength_+3,4,3,7,0.01,3,2,200
strength_+3_soft_0.460,pipeline_soft,0.46,0.00,8,9,7,7,0.2541,0.2984,0.1455,0.1872,0.3950,2.110,6302,27355,11034566,9652,15954,33657,5.29,13.94,2.86,strength_+3,4,3,7,0.01,3,2,200
strength_+3_soft_0.480,pipeline_soft,0.48,0.00,8,9,7,7,0.2541,0.2984,0.1455,0.1872,0.3950,2.110,6302,27355,11034566,9652,15954,33657,5.29,13.94,2.86,strength_+3,4,3,7,0.01,3,2,200
strength_+3_soft_0.500,pipeline_soft,0.5,0.00,8,9,7,7,0.2541,0.2984,0.1455,0.1872,0.3950,2.110,6302,27355,11034566,9652,15954,33657,5.29,13.94,2.86,strength_+3,4,3,7,0.01,3,2,200
strength_+3_soft_0.520,pipeline_soft,0.52,0.00,8,9,7,7,0.2541,0.2984,0.1455,0.1872,0.3950,2.110,6302,27355,11034566,9652,15954,33657,5.29,13.94,2.86,strength_+3,4,3,7,0.01,3,2,200
strength_+3_soft_0.540,pipeline_soft,0.54,0.00,8,9,7,7,0.2541,0.2984,0.1455,0.1872,0.3950,2.110,6302,27355,11034566,9652,15954,33657,5.29,13.94,2.86,strength_+3,4,3,7,0.01,3,2,200
strength_+3_soft_0.560,pipeline_soft,0.56,0.00,8,9,7,7,0.2541,0.2984,0.1455,0.1872,0.3950,2.110,6302,27355,11034566,9652,15954,33657,5.29,13.94,2.86,strength_+3,4,3,7,0.01,3,2,200
strength_+3_soft_0.580,pipeline_soft,0.58,0.00,8,9,7,7,0.2541,0.2984,0.1455,0.1872,0.3950,2.110,6302,27355,11034566,9652,15954,33657,5.29,13.94,2.86,strength_+3,4,3,7,0.01,3,2,200
strength_+3_soft_0.600,pipeline_soft,0.6,0.00,8,9,7,7,0.2541,0.2984,0.1455,0.1872,0.3950,2.110,6302,27355,11034566,9652,15954,33657,5.29,13.94,2.86,strength_+3,4,3,7,0.01,3,2,200
strength_+3_soft_0.620,pipeline_soft,0.62,0.00,8,9,7,7,0.2541,0.2984,0.1455,0.1872,0.3950,2.110,6302,27355,11034566,9652,15954,33657,5.29,13.94,2.86,strength_+3,4,3,7,0.01,3,2,200
strength_+3_soft_0.640,pipeline_soft,0.64,0.00,8,9,7,7,0.2541,0.2984,0.1455,0.1872,0.3950,2.110,6302,27355,11034566,9652,15954,33657,5.29,13.94,2.86,strength_+3,4,3,7,0.01,3,2,200
strength_+3_soft_0.660,pipeline_soft,0.66,0.00,8,9,7,7,0.2541,0.2984,0.1455,0.1872,0.3950,2.110,6302,27355,11034566,9652,15954,33657,5.29,13.94,2.86,strength_+3,4,3,7,0.01,3,2,200
strength_+3_soft_0.680,pipeline_soft,0.68,0.00,7,9,7,7,0.1948,0.2522,0.1079,0.4638,0.1233,0.266,1967,2274,11059647,13987,15954,4241,5.29,1.70,0.86,strength_+3,4,3,7,0.01,3,2,200
strength_+3_soft_0.700,pipeline_soft,0.7,0.00,7,9,7,7,0.1948,0.2522,0.1079,0.4638,0.1233,0.266,1967,2274,11059647,13987,15954,4241,5.29,1.70,0.86,strength_+3,4,3,7,0.01,3,2,200
strength_+3_soft_0.720,pipeline_soft,0.72,0.00,7,9,7,7,0.1948,0.2522,0.1079,0.4638,0.1233,0.266,1967,2274,11059647,13987,15954,4241,5.29,1.70,0.86,strength_+3,4,3,7,0.01,3,2,200
strength_+3_soft_0.740,pipeline_soft,0.74,0.00,7,9,7,7,0.1948,0.2522,0.1079,0.4638,0.1233,0.266,1967,2274,11059647,13987,15954,4241,5.29,1.70,0.86,strength_+3,4,3,7,0.01,3,2,200
strength_+3_soft_0.760,pipeline_soft,0.76,0.00,7,9,7,7,0.1948,0.2522,0.1079,0.4638,0.1233,0.266,1967,2274,11059647,13987,15954,4241,5.29,1.70,0.86,strength_+3,4,3,7,0.01,3,2,200
strength_+3_soft_0.780,pipeline_soft,0.78,0.00,7,9,7,7,0.1948,0.2522,0.1079,0.4638,0.1233,0.266,1967,2274,11059647,13987,15954,4241,5.29,1.70,0.86,strength_+3,4,3,7,0.01,3,2,200
strength_+3_soft_0.800,pipeline_soft,0.8,0.00,7,9,7,7,0.1948,0.2522,0.1079,0.4638,0.1233,0.266,1967,2274,11059647,13987,15954,4241,5.29,1.70,0.86,strength_+3,4,3,7,0.01,3,2,200
strength_+3_soft_0.820,pipeline_soft,0.82,0.00,7,9,7,7,0.1948,0.2522,0.1079,0.4638,0.1233,0.266,1967,2274,11059647,13987,15954,4241,5.29,1.70,0.86,strength_+3,4,3,7,0.01,3,2,200
strength_+3_soft_0.840,pipeline_soft,0.84,0.00,7,9,7,7,0.1948,0.2522,0.1079,0.4638,0.1233,0.266,1967,2274,11059647,13987,15954,4241,5.29,1.70,0.86,strength_+3,4,3,7,0.01,3,2,200
strength_+3_soft_0.860,pipeline_soft,0.86,0.00,7,9,7,7,0.1948,0.2522,0.1079,0.4638,0.1233,0.266,1967,2274,11059647,13987,15954,4241,5.29,1.70,0.86,strength_+3,4,3,7,0.01,3,2,200
strength_+3_soft_0.880,pipeline_soft,0.88,0.00,7,9,7,7,0.1948,0.2522,0.1079,0.4638,0.1233,0.266,1967,2274,11059647,13987,15954,4241,5.29,1.70,0.86,strength_+3,4,3,7,0.01,3,2,200
strength_+3_soft_0.900,pipeline_soft,0.9,0.00,7,9,7,7,0.1948,0.2522,0.1079,0.4638,0.1233,0.266,1967,2274,11059647,13987,15954,4241,5.29,1.70,0.86,strength_+3,4,3,7,0.01,3,2,200
strength_+3_soft_0.920,pipeline_soft,0.92,0.00,7,9,7,7,0.1948,0.2522,0.1079,0.4638,0.1233,0.266,1967,2274,11059647,13987,15954,4241,5.29,1.70,0.86,strength_+3,4,3,7,0.01,3,2,200
strength_+3_soft_0.940,pipeline_soft,0.94,0.00,7,9,7,7,0.1948,0.2522,0.1079,0.4638,0.1233,0.266,1967,2274,11059647,13987,15954,4241,5.29,1.70,0.86,strength_+3,4,3,7,0.01,3,2,200
strength_+3_soft_0.960,pipeline_soft,0.96,0.00,7,9,7,7,0.1948,0.2522,0.1079,0.4638,0.1233,0.266,1967,2274,11059647,13987,15954,4241,5.29,1.70,0.86,strength_+3,4,3,7,0.01,3,2,200
strength_+3_soft_0.980,pipeline_soft,0.98,0.00,7,9,7,7,0.1948,0.2522,0.1079,0.4638,0.1233,0.266,1967,2274,11059647,13987,15954,4241,5.29,1.70,0.86,strength_+3,4,3,7,0.01,3,2,200
