scan,method,variant,threshold_value,vessel_id,volume_voxels,length_mm,overlap_voxels,corresponding_ids,n_corresponding
SLICES_CA-RU-R_x_687_y_451_z_666_experiment,ground_truth,,,1,535,0.12600000000000003,0,,0
SLICES_CA-RU-R_x_687_y_451_z_666_experiment,ground_truth,,,2,627,0.18000000000000002,0,,0
SLICES_CA-RU-R_x_687_y_451_z_666_experiment,ground_truth,,,3,1105,0.3420000000000001,0,,0
SLICES_CA-RU-R_x_687_y_451_z_666_experiment,ground_truth,,,4,254,0.06600000000000002,0,,0
SLICES_CA-RU-R_x_687_y_451_z_666_experiment,ground_truth,,,5,142,0.08400000000000002,0,,0
SLICES_CA-RU-R_x_687_y_451_z_666_experiment,ground_truth,,,6,9,0.012000000000000002,0,,0
SLICES_CA-RU-R_x_687_y_451_z_666_experiment,ground_truth,,,7,258,0.07200000000000001,0,,0
SLICES_CA-RU-R_x_687_y_451_z_666_experiment,ground_truth,,,8,652,0.16200000000000003,0,,0
SLICES_CA-RU-R_x_687_y_451_z_666_experiment,ground_truth,,,9,969,0.39000000000000007,0,,0
SLICES_CA-RU-R_x_687_y_451_z_666_experiment,ground_truth,,,10,437,0.14400000000000002,0,,0
SLICES_CA-RU-R_x_687_y_451_z_666_experiment,ground_truth,,,11,214,0.08400000000000002,0,,0
SLICES_CA-RU-R_x_687_y_451_z_666_experiment,ground_truth,,,12,1020,0.30000000000000004,0,,0
SLICES_CA-RU-R_x_687_y_451_z_666_experiment,ground_truth,,,13,284,0.138,0,,0
SLICES_CA-RU-R_x_687_y_451_z_666_experiment,ground_truth,,,14,132,0.06000000000000001,0,,0
SLICES_CA-RU-R_x_687_y_451_z_666_experiment,ground_truth,,,15,415,0.054000000000000006,0,,0
SLICES_CA-RU-R_x_687_y_451_z_666_experiment,ground_truth,,,16,376,0.15000000000000002,0,,0
SLICES_CA-RU-R_x_687_y_451_z_666_experiment,ground_truth,,,17,96,0.04200000000000001,0,,0
SLICES_CA-RU-R_x_687_y_451_z_666_experiment,ground_truth,,,18,21,0.006000000000000001,0,,0
SLICES_CA-RU-R_x_687_y_451_z_666_experiment,ground_truth,,,19,97,0.054000000000000006,0,,0
SLICES_CA-RU-R_x_687_y_451_z_666_experiment,ground_truth,,,20,383,0.11400000000000002,0,,0
SLICES_CA-RU-R_x_687_y_451_z_666_experiment,ground_truth,,,21,1193,0.43800000000000006,0,,0
SLICES_CA-RU-R_x_687_y_451_z_666_experiment,ground_truth,,,22,28,0.012000000000000002,0,,0
SLICES_CA-RU-R_x_687_y_451_z_666_experiment,ground_truth,,,23,187,0.09000000000000001,0,,0
SLICES_CA-RU-R_x_687_y_451_z_666_experiment,ground_truth,,,24,800,0.24000000000000005,0,,0
SLICES_CA-RU-R_x_687_y_451_z_666_experiment,ground_truth,,,25,299,0.036000000000000004,0,,0
SLICES_CA-RU-R_x_687_y_451_z_666_experiment,ground_truth,,,26,143,0.08400000000000002,0,,0
SLICES_CA-RU-R_x_687_y_451_z_666_experiment,ground_truth,,,27,847,0.24600000000000005,0,,0
SLICES_CA-RU-R_x_687_y_451_z_666_experiment,ground_truth,,,28,1190,0.43800000000000006,0,,0
SLICES_CA-RU-R_x_687_y_451_z_666_experiment,ground_truth,,,29,554,0.15000000000000002,0,,0
SLICES_CA-RU-R_x_687_y_451_z_666_experiment,ground_truth,,,30,153,0.04800000000000001,0,,0
SLICES_CA-RU-R_x_687_y_451_z_666_experiment,ground_truth,,,31,230,0.09600000000000002,0,,0
SLICES_CA-RU-R_x_687_y_451_z_666_experiment,ground_truth,,,32,145,0.006000000000000001,0,,0
SLICES_CA-RU-R_x_687_y_451_z_666_experiment,ground_truth,,,33,307,0.08400000000000002,0,,0
SLICES_CA-RU-R_x_687_y_451_z_666_experiment,ground_truth,,,34,467,0.15600000000000003,0,,0
SLICES_CA-RU-R_x_687_y_451_z_666_experiment,ground_truth,,,35,338,0.13200000000000003,0,,0
SLICES_CA-RU-R_x_687_y_451_z_666_experiment,ground_truth,,,36,1047,0.45600000000000007,0,,0
SLICES_CA-RU-R_x_687_y_451_z_666_experiment,pipeline,default,,1,365,0.15600000000000003,0,,0
SLICES_CA-RU-R_x_687_y_451_z_666_experiment,pipeline,default,,2,1587,0.558,138,1,1
SLICES_CA-RU-R_x_687_y_451_z_666_experiment,pipeline,default,,3,809,0.34800000000000003,0,,0
SLICES_CA-RU-R_x_687_y_451_z_666_experiment,pipeline,default,,4,83,0.04200000000000001,0,,0
SLICES_CA-RU-R_x_687_y_451_z_666_experiment,pipeline,default,,5,939,0.37800000000000006,196,4,1
SLICES_CA-RU-R_x_687_y_451_z_666_experiment,pipeline,default,,6,1836,0.6660000000000001,1089,2;3,2
SLICES_CA-RU-R_x_687_y_451_z_666_experiment,pipeline,default,,7,449,0.18000000000000002,0,,0
SLICES_CA-RU-R_x_687_y_451_z_666_experiment,pipeline,default,,8,243,0.12000000000000002,0,,0
SLICES_CA-RU-R_x_687_y_451_z_666_experiment,pipeline,default,,9,69,0.030000000000000006,0,,0
SLICES_CA-RU-R_x_687_y_451_z_666_experiment,pipeline,default,,10,6164,2.5860000000000003,968,8;9,2
SLICES_CA-RU-R_x_687_y_451_z_666_experiment,pipeline,default,,11,2850,1.2540000000000002,145,11,1
SLICES_CA-RU-R_x_687_y_451_z_666_experiment,pipeline,default,,12,2234,1.1460000000000001,0,,0
SLICES_CA-RU-R_x_687_y_451_z_666_experiment,pipeline,default,,13,418,0.19800000000000004,77,5,1
SLICES_CA-RU-R_x_687_y_451_z_666_experiment,pipeline,default,,14,1223,0.4140000000000001,0,,0
SLICES_CA-RU-R_x_687_y_451_z_666_experiment,pipeline,default,,15,352,0.10800000000000001,0,,0
SLICES_CA-RU-R_x_687_y_451_z_666_experiment,pipeline,default,,16,580,0.276,0,,0
SLICES_CA-RU-R_x_687_y_451_z_666_experiment,pipeline,default,,17,396,0.12000000000000002,141,6;7,2
SLICES_CA-RU-R_x_687_y_451_z_666_experiment,pipeline,default,,18,345,0.19200000000000003,0,,0
SLICES_CA-RU-R_x_687_y_451_z_666_experiment,pipeline,default,,19,443,0.18000000000000002,0,,0
SLICES_CA-RU-R_x_687_y_451_z_666_experiment,pipeline,default,,20,410,0.15000000000000002,0,,0
SLICES_CA-RU-R_x_687_y_451_z_666_experiment,pipeline,default,,21,382,0.12600000000000003,0,,0
SLICES_CA-RU-R_x_687_y_451_z_666_experiment,pipeline,default,,22,646,0.25200000000000006,0,,0
SLICES_CA-RU-R_x_687_y_451_z_666_experiment,pipeline,default,,23,739,0.30000000000000004,0,,0
SLICES_CA-RU-R_x_687_y_451_z_666_experiment,pipeline,default,,24,127,0.04800000000000001,0,,0
SLICES_CA-RU-R_x_687_y_451_z_666_experiment,pipeline,default,,25,304,0.13200000000000003,0,,0
SLICES_CA-RU-R_x_687_y_451_z_666_experiment,pipeline,default,,26,12,0.012000000000000002,0,,0
SLICES_CA-RU-R_x_687_y_451_z_666_experiment,pipeline,default,,27,234,0.138,0,,0
SLICES_CA-RU-R_x_687_y_451_z_666_experiment,pipeline,default,,28,243,0.08400000000000002,0,,0
SLICES_CA-RU-R_x_687_y_451_z_666_experiment,pipeline,default,,29,1053,0.5100000000000001,0,,0
SLICES_CA-RU-R_x_687_y_451_z_666_experiment,pipeline,default,,30,644,0.31200000000000006,0,,0
SLICES_CA-RU-R_x_687_y_451_z_666_experiment,pipeline,default,,31,476,0.19800000000000004,0,,0
SLICES_CA-RU-R_x_687_y_451_z_666_experiment,pipeline,default,,32,753,0.26400000000000007,0,,0
SLICES_CA-RU-R_x_687_y_451_z_666_experiment,pipeline,default,,33,1259,0.5700000000000001,0,,0
SLICES_CA-RU-R_x_687_y_451_z_666_experiment,pipeline,default,,34,86,0.036000000000000004,0,,0
SLICES_CA-RU-R_x_687_y_451_z_666_experiment,pipeline,default,,35,1310,0.546,0,,0
SLICES_CA-RU-R_x_687_y_451_z_666_experiment,pipeline,default,,36,41,0.024000000000000004,0,,0
SLICES_CA-RU-R_x_687_y_451_z_666_experiment,pipeline,default,,37,2085,0.9000000000000001,557,12,1
SLICES_CA-RU-R_x_687_y_451_z_666_experiment,pipeline,default,,38,45,0.0,0,,0
SLICES_CA-RU-R_x_687_y_451_z_666_experiment,pipeline,default,,39,42,0.012000000000000002,0,,0
SLICES_CA-RU-R_x_687_y_451_z_666_experiment,pipeline,default,,40,35,0.0,0,,0
SLICES_CA-RU-R_x_687_y_451_z_666_experiment,pipeline,default,,41,2729,0.9180000000000001,0,,0
SLICES_CA-RU-R_x_687_y_451_z_666_experiment,pipeline,default,,42,235,0.08400000000000002,0,,0
SLICES_CA-RU-R_x_687_y_451_z_666_experiment,pipeline,default,,43,439,0.18600000000000003,0,,0
SLICES_CA-RU-R_x_687_y_451_z_666_experiment,pipeline,default,,44,1100,0.5640000000000001,202,10;18;19,3
SLICES_CA-RU-R_x_687_y_451_z_666_experiment,pipeline,default,,45,396,0.15000000000000002,0,,0
SLICES_CA-RU-R_x_687_y_451_z_666_experiment,pipeline,default,,46,769,0.31200000000000006,0,,0
SLICES_CA-RU-R_x_687_y_451_z_666_experiment,pipeline,default,,47,997,0.4020000000000001,0,,0
SLICES_CA-RU-R_x_687_y_451_z_666_experiment,pipeline,default,,48,944,0.43200000000000005,0,,0
SLICES_CA-RU-R_x_687_y_451_z_666_experiment,pipeline,default,,49,337,0.12600000000000003,0,,0
SLICES_CA-RU-R_x_687_y_451_z_666_experiment,pipeline,default,,50,1224,0.5820000000000001,0,,0
SLICES_CA-RU-R_x_687_y_451_z_666_experiment,pipeline,default,,51,711,0.3960000000000001,0,,0
SLICES_CA-RU-R_x_687_y_451_z_666_experiment,pipeline,default,,52,373,0.16200000000000003,0,,0
SLICES_CA-RU-R_x_687_y_451_z_666_experiment,pipeline,default,,53,471,0.21600000000000003,0,,0
SLICES_CA-RU-R_x_687_y_451_z_666_experiment,pipeline,default,,54,581,0.24000000000000005,0,,0
SLICES_CA-RU-R_x_687_y_451_z_666_experiment,pipeline,default,,55,110,0.04200000000000001,0,,0
SLICES_CA-RU-R_x_687_y_451_z_666_experiment,pipeline,default,,56,288,0.12000000000000002,0,,0
SLICES_CA-RU-R_x_687_y_451_z_666_experiment,pipeline,default,,57,275,0.10200000000000002,0,,0
SLICES_CA-RU-R_x_687_y_451_z_666_experiment,pipeline,default,,58,271,0.10200000000000002,0,,0
SLICES_CA-RU-R_x_687_y_451_z_666_experiment,pipeline,default,,59,1169,0.5700000000000001,0,,0
SLICES_CA-RU-R_x_687_y_451_z_666_experiment,pipeline,default,,60,756,0.4080000000000001,0,,0
SLICES_CA-RU-R_x_687_y_451_z_666_experiment,pipeline,default,,61,425,0.14400000000000002,0,,0
SLICES_CA-RU-R_x_687_y_451_z_666_experiment,pipeline,default,,62,565,0.19800000000000004,113,14,1
SLICES_CA-RU-R_x_687_y_451_z_666_experiment,pipeline,default,,63,4217,1.7520000000000002,881,20;23;24,3
SLICES_CA-RU-R_x_687_y_451_z_666_experiment,pipeline,default,,64,484,0.20400000000000004,0,,0
SLICES_CA-RU-R_x_687_y_451_z_666_experiment,pipeline,default,,65,3655,1.6020000000000003,765,21,1
SLICES_CA-RU-R_x_687_y_451_z_666_experiment,pipeline,default,,66,1207,0.43800000000000006,0,,0
SLICES_CA-RU-R_x_687_y_451_z_666_experiment,pipeline,default,,67,1598,0.7320000000000001,0,,0
SLICES_CA-RU-R_x_687_y_451_z_666_experiment,pipeline,default,,68,1387,0.5940000000000001,107,13,1
SLICES_CA-RU-R_x_687_y_451_z_666_experiment,pipeline,default,,69,372,0.138,0,,0
SLICES_CA-RU-R_x_687_y_451_z_666_experiment,pipeline,default,,70,1467,0.6180000000000001,0,,0
SLICES_CA-RU-R_x_687_y_451_z_666_experiment,pipeline,default,,71,266,0.12000000000000002,0,,0
SLICES_CA-RU-R_x_687_y_451_z_666_experiment,pipeline,default,,72,19,0.012000000000000002,0,,0
SLICES_CA-RU-R_x_687_y_451_z_666_experiment,pipeline,default,,73,354,0.15600000000000003,0,,0
SLICES_CA-RU-R_x_687_y_451_z_666_experiment,pipeline,default,,74,410,0.22200000000000003,0,,0
SLICES_CA-RU-R_x_687_y_451_z_666_experiment,pipeline,default,,75,789,0.3420000000000001,0,,0
SLICES_CA-RU-R_x_687_y_451_z_666_experiment,pipeline,default,,76,59,0.04200000000000001,0,,0
SLICES_CA-RU-R_x_687_y_451_z_666_experiment,pipeline,default,,77,447,0.18600000000000003,194,16,1
SLICES_CA-RU-R_x_687_y_451_z_666_experiment,pipeline,default,,78,1094,0.54,0,,0
SLICES_CA-RU-R_x_687_y_451_z_666_experiment,pipeline,default,,79,572,0.21600000000000003,0,,0
SLICES_CA-RU-R_x_687_y_451_z_666_experiment,pipeline,default,,80,503,0.19800000000000004,0,,0
SLICES_CA-RU-R_x_687_y_451_z_666_experiment,pipeline,default,,81,2947,1.2960000000000003,0,,0
SLICES_CA-RU-R_x_687_y_451_z_666_experiment,pipeline,default,,82,1720,0.6180000000000001,227,15,1
SLICES_CA-RU-R_x_687_y_451_z_666_experiment,pipeline,default,,83,409,0.138,69,17,1
SLICES_CA-RU-R_x_687_y_451_z_666_experiment,pipeline,default,,84,556,0.21000000000000005,0,,0
SLICES_CA-RU-R_x_687_y_451_z_666_experiment,pipeline,default,,85,285,0.09600000000000002,0,,0
SLICES_CA-RU-R_x_687_y_451_z_666_experiment,pipeline,default,,86,202,0.09600000000000002,0,,0
SLICES_CA-RU-R_x_687_y_451_z_666_experiment,pipeline,default,,87,602,0.30600000000000005,0,,0
SLICES_CA-RU-R_x_687_y_451_z_666_experiment,pipeline,default,,88,524,0.22800000000000004,0,,0
SLICES_CA-RU-R_x_687_y_451_z_666_experiment,pipeline,default,,89,26,0.006000000000000001,0,,0
SLICES_CA-RU-R_x_687_y_451_z_666_experiment,pipeline,default,,90,328,0.18600000000000003,0,,0
SLICES_CA-RU-R_x_687_y_451_z_666_experiment,pipeline,default,,91,1466,0.6300000000000001,0,,0
SLICES_CA-RU-R_x_687_y_451_z_666_experiment,pipeline,default,,92,342,0.138,0,,0
SLICES_CA-RU-R_x_687_y_451_z_666_experiment,pipeline,default,,93,114,0.04200000000000001,0,,0
SLICES_CA-RU-R_x_687_y_451_z_666_experiment,pipeline,default,,94,7,0.012000000000000002,0,,0
SLICES_CA-RU-R_x_687_y_451_z_666_experiment,pipeline,default,,95,857,0.37200000000000005,0,,0
SLICES_CA-RU-R_x_687_y_451_z_666_experiment,pipeline,default,,96,1983,0.8520000000000001,0,,0
SLICES_CA-RU-R_x_687_y_451_z_666_experiment,pipeline,default,,97,147,0.054000000000000006,0,,0
SLICES_CA-RU-R_x_687_y_451_z_666_experiment,pipeline,default,,98,822,0.3360000000000001,0,,0
SLICES_CA-RU-R_x_687_y_451_z_666_experiment,pipeline,default,,99,865,0.28200000000000003,0,,0
SLICES_CA-RU-R_x_687_y_451_z_666_experiment,pipeline,default,,100,19,0.012000000000000002,0,,0
SLICES_CA-RU-R_x_687_y_451_z_666_experiment,pipeline,default,,101,2344,0.6960000000000001,0,,0
SLICES_CA-RU-R_x_687_y_451_z_666_experiment,pipeline,default,,102,849,0.35400000000000004,0,,0
SLICES_CA-RU-R_x_687_y_451_z_666_experiment,pipeline,default,,103,622,0.30600000000000005,0,,0
SLICES_CA-RU-R_x_687_y_451_z_666_experiment,pipeline,default,,104,1241,0.32400000000000007,0,,0
SLICES_CA-RU-R_x_687_y_451_z_666_experiment,pipeline,default,,105,481,0.23400000000000004,0,,0
SLICES_CA-RU-R_x_687_y_451_z_666_experiment,pipeline,default,,106,1014,0.43800000000000006,0,,0
SLICES_CA-RU-R_x_687_y_451_z_666_experiment,pipeline,default,,107,165,0.06000000000000001,0,,0
SLICES_CA-RU-R_x_687_y_451_z_666_experiment,pipeline,default,,108,986,0.4800000000000001,0,,0
SLICES_CA-RU-R_x_687_y_451_z_666_experiment,pipeline,default,,109,172,0.04200000000000001,0,,0
SLICES_CA-RU-R_x_687_y_451_z_666_experiment,pipeline,default,,110,1236,0.5340000000000001,0,,0
SLICES_CA-RU-R_x_687_y_451_z_666_experiment,pipeline,default,,111,351,0.10800000000000001,0,,0
SLICES_CA-RU-R_x_687_y_451_z_666_experiment,pipeline,default,,112,35,0.006000000000000001,0,,0
SLICES_CA-RU-R_x_687_y_451_z_666_experiment,pipeline,default,,113,929,0.36000000000000004,0,,0
SLICES_CA-RU-R_x_687_y_451_z_666_experiment,pipeline,default,,114,3068,1.3380000000000003,0,,0
SLICES_CA-RU-R_x_687_y_451_z_666_experiment,pipeline,default,,115,262,0.09600000000000002,0,,0
SLICES_CA-RU-R_x_687_y_451_z_666_experiment,pipeline,default,,116,62,0.012000000000000002,0,,0
SLICES_CA-RU-R_x_687_y_451_z_666_experiment,pipeline,default,,117,328,0.13200000000000003,131,25,1
SLICES_CA-RU-R_x_687_y_451_z_666_experiment,pipeline,default,,118,971,0.4140000000000001,0,,0
SLICES_CA-RU-R_x_687_y_451_z_666_experiment,pipeline,default,,119,359,0.138,0,,0
SLICES_CA-RU-R_x_687_y_451_z_666_experiment,pipeline,default,,120,610,0.26400000000000007,0,,0
SLICES_CA-RU-R_x_687_y_451_z_666_experiment,pipeline,default,,121,1540,0.7620000000000001,100,26,1
SLICES_CA-RU-R_x_687_y_451_z_666_experiment,pipeline,default,,122,348,0.15000000000000002,0,,0
SLICES_CA-RU-R_x_687_y_451_z_666_experiment,pipeline,default,,123,235,0.11400000000000002,0,,0
SLICES_CA-RU-R_x_687_y_451_z_666_experiment,pipeline,default,,124,83,0.036000000000000004,0,,0
SLICES_CA-RU-R_x_687_y_451_z_666_experiment,pipeline,default,,125,367,0.16800000000000004,0,,0
SLICES_CA-RU-R_x_687_y_451_z_666_experiment,pipeline,default,,126,276,0.18000000000000002,0,,0
SLICES_CA-RU-R_x_687_y_451_z_666_experiment,pipeline,default,,127,1118,0.5220000000000001,0,,0
SLICES_CA-RU-R_x_687_y_451_z_666_experiment,pipeline,default,,128,337,0.138,179,27,1
SLICES_CA-RU-R_x_687_y_451_z_666_experiment,pipeline,default,,129,47,0.006000000000000001,0,,0
SLICES_CA-RU-R_x_687_y_451_z_666_experiment,pipeline,default,,130,1232,0.5220000000000001,0,,0
SLICES_CA-RU-R_x_687_y_451_z_666_experiment,pipeline,default,,131,2241,1.098,0,,0
SLICES_CA-RU-R_x_687_y_451_z_666_experiment,pipeline,default,,132,1680,0.7020000000000001,518,27;29;31,3
SLICES_CA-RU-R_x_687_y_451_z_666_experiment,pipeline,default,,133,35,0.006000000000000001,0,,0
SLICES_CA-RU-R_x_687_y_451_z_666_experiment,pipeline,default,,134,1050,0.4620000000000001,0,,0
SLICES_CA-RU-R_x_687_y_451_z_666_experiment,pipeline,default,,135,457,0.13200000000000003,0,,0
SLICES_CA-RU-R_x_687_y_451_z_666_experiment,pipeline,default,,136,365,0.10200000000000002,0,,0
SLICES_CA-RU-R_x_687_y_451_z_666_experiment,pipeline,default,,137,522,0.28200000000000003,0,,0
SLICES_CA-RU-R_x_687_y_451_z_666_experiment,pipeline,default,,138,1516,0.7560000000000001,0,,0
SLICES_CA-RU-R_x_687_y_451_z_666_experiment,pipeline,default,,139,3737,1.5600000000000003,874,28;30,2
SLICES_CA-RU-R_x_687_y_451_z_666_experiment,pipeline,default,,140,2049,0.8100000000000002,600,33;34,2
SLICES_CA-RU-R_x_687_y_451_z_666_experiment,pipeline,default,,141,1228,0.5640000000000001,0,,0
SLICES_CA-RU-R_x_687_y_451_z_666_experiment,pipeline,default,,142,1026,0.3960000000000001,0,,0
SLICES_CA-RU-R_x_687_y_451_z_666_experiment,pipeline,default,,143,365,0.16200000000000003,0,,0
SLICES_CA-RU-R_x_687_y_451_z_666_experiment,pipeline,default,,144,472,0.18600000000000003,0,,0
SLICES_CA-RU-R_x_687_y_451_z_666_experiment,pipeline,default,,145,154,0.07800000000000001,0,,0
SLICES_CA-RU-R_x_687_y_451_z_666_experiment,pipeline,default,,146,1293,0.4920000000000001,103,32,1
SLICES_CA-RU-R_x_687_y_451_z_666_experiment,pipeline,default,,147,644,0.26400000000000007,0,,0
SLICES_CA-RU-R_x_687_y_451_z_666_experiment,pipeline,default,,148,12,0.012000000000000002,0,,0
SLICES_CA-RU-R_x_687_y_451_z_666_experiment,pipeline,default,,149,273,0.15600000000000003,0,,0
SLICES_CA-RU-R_x_687_y_451_z_666_experiment,pipeline,default,,150,2121,0.9060000000000001,0,,0
SLICES_CA-RU-R_x_687_y_451_z_666_experiment,pipeline,default,,151,192,0.08400000000000002,0,,0
SLICES_CA-RU-R_x_687_y_451_z_666_experiment,pipeline,default,,152,1102,0.4080000000000001,0,,0
SLICES_CA-RU-R_x_687_y_451_z_666_experiment,pipeline,default,,153,232,0.06000000000000001,0,,0
SLICES_CA-RU-R_x_687_y_451_z_666_experiment,pipeline,default,,154,4036,1.8240000000000003,164,35,1
SLICES_CA-RU-R_x_687_y_451_z_666_experiment,pipeline,default,,155,14,0.006000000000000001,0,,0
SLICES_CA-RU-R_x_687_y_451_z_666_experiment,pipeline,default,,156,246,0.09000000000000001,0,,0
SLICES_CA-RU-R_x_687_y_451_z_666_experiment,pipeline,default,,157,66,0.04800000000000001,0,,0
SLICES_CA-RU-R_x_687_y_451_z_666_experiment,pipeline,default,,158,603,0.23400000000000004,0,,0
SLICES_CA-RU-R_x_687_y_451_z_666_experiment,pipeline,default,,159,140,0.06000000000000001,0,,0
SLICES_CA-RU-R_x_687_y_451_z_666_experiment,pipeline,default,,160,216,0.06600000000000002,0,,0
SLICES_CA-RU-R_x_687_y_451_z_666_experiment,pipeline,default,,161,1717,0.7500000000000001,0,,0
SLICES_CA-RU-R_x_687_y_451_z_666_experiment,pipeline,default,,162,447,0.13200000000000003,0,,0
SLICES_CA-RU-R_x_687_y_451_z_666_experiment,pipeline,default,,163,369,0.19800000000000004,0,,0
SLICES_CA-RU-R_x_687_y_451_z_666_experiment,pipeline,default,,164,195,0.07800000000000001,0,,0
SLICES_CA-RU-R_x_687_y_451_z_666_experiment,pipeline,default,,165,290,0.12000000000000002,0,,0
SLICES_CA-RU-R_x_687_y_451_z_666_experiment,pipeline,default,,166,173,0.06000000000000001,0,,0
SLICES_CA-RU-R_x_687_y_451_z_666_experiment,pipeline,default,,167,51,0.024000000000000004,0,,0
SLICES_CA-RU-R_x_687_y_451_z_666_experiment,pipeline,default,,168,199,0.07800000000000001,0,,0
SLICES_CA-RU-R_x_687_y_451_z_666_experiment,pipeline,default,,169,626,0.24000000000000005,0,,0
SLICES_CA-RU-R_x_687_y_451_z_666_experiment,pipeline,default,,170,939,0.31200000000000006,355,36,1
SLICES_CA-RU-R_x_687_y_451_z_666_experiment,pipeline,default,,171,1229,0.5700000000000001,267,36,1
SLICES_CA-RU-R_x_687_y_451_z_666_experiment,pipeline,default,,172,387,0.16200000000000003,0,,0
SLICES_CA-RU-R_x_687_y_451_z_666_experiment,pipeline,default,,173,69,0.04200000000000001,0,,0
SLICES_CA-RU-R_x_687_y_451_z_666_experiment,pipeline,default,,174,200,0.07200000000000001,0,,0
SLICES_CA-RU-R_x_687_y_451_z_666_experiment,pipeline,default,,175,303,0.11400000000000002,0,,0
SLICES_CA-RU-R_x_687_y_451_z_666_experiment,pipeline,default,,176,425,0.15600000000000003,0,,0
SLICES_CA-RU-R_x_687_y_451_z_666_experiment,pipeline,default,,177,504,0.276,0,,0
SLICES_CA-RU-R_x_687_y_451_z_666_experiment,pipeline,default,,178,46,0.012000000000000002,0,,0
SLICES_CA-RU-R_x_687_y_451_z_666_experiment,pipeline,default,,179,376,0.15600000000000003,0,,0
SLICES_CA-RU-R_x_687_y_451_z_666_experiment,pipeline,default,,180,1037,0.3960000000000001,0,,0
SLICES_CA-RU-R_x_687_y_451_z_666_experiment,pipeline,default,,181,779,0.31200000000000006,0,,0
SLICES_CA-RU-R_x_687_y_451_z_666_experiment,pipeline,default,,182,53,0.024000000000000004,0,,0
SLICES_CA-RU-R_x_687_y_451_z_666_experiment,pipeline,default,,183,45,0.006000000000000001,0,,0
SLICES_CA-RU-R_x_687_y_451_z_666_experiment,pipeline,default,,184,215,0.07800000000000001,0,,0
SLICES_CA-RU-R_x_687_y_451_z_666_experiment,pipeline,default,,185,556,0.18000000000000002,0,,0
SLICES_CA-RU-R_x_687_y_451_z_666_experiment,pipeline,default,,186,204,0.13200000000000003,0,,0
SLICES_CA-RU-R_x_687_y_451_z_666_experiment,pipeline,default,,187,366,0.13200000000000003,0,,0
SLICES_CA-RU-R_x_687_y_451_z_666_experiment,pipeline,default,,188,351,0.10800000000000001,0,,0
SLICES_CA-RU-R_x_687_y_451_z_666_experiment,pipeline,default,,189,274,0.15000000000000002,0,,0
SLICES_CA-RU-R_x_687_y_451_z_666_experiment,pipeline,default,,190,117,0.06600000000000002,0,,0
SLICES_CA-RU-R_x_687_y_451_z_666_experiment,pipeline,default,,191,152,0.06000000000000001,0,,0
SLICES_CA-RU-R_x_687_y_451_z_666_experiment,pipeline,default,,192,76,0.030000000000000006,0,,0
SLICES_CA-RU-R_x_687_y_451_z_666_experiment,pipeline,default,,193,14,0.012000000000000002,0,,0
SLICES_CA-RU-R_x_687_y_451_z_666_experiment,pipeline,vsize_-1,,1,378,0.15000000000000002,0,,0
SLICES_CA-RU-R_x_687_y_451_z_666_experiment,pipeline,vsize_-1,,2,1244,0.6000000000000001,141,1,1
SLICES_CA-RU-R_x_687_y_451_z_666_experiment,pipeline,vsize_-1,,3,87,0.0,0,,0
SLICES_CA-RU-R_x_687_y_451_z_666_experiment,pipeline,vsize_-1,,4,4284,1.9560000000000004,192,4,1
SLICES_CA-RU-R_x_687_y_451_z_666_experiment,pipeline,vsize_-1,,5,148,0.07800000000000001,0,,0
SLICES_CA-RU-R_x_687_y_451_z_666_experiment,pipeline,vsize_-1,,6,1612,0.7260000000000001,962,2;3,2
SLICES_CA-RU-R_x_687_y_451_z_666_experiment,pipeline,vsize_-1,,7,492,0.21600000000000003,0,,0
SLICES_CA-RU-R_x_687_y_451_z_666_experiment,pipeline,vsize_-1,,8,235,0.18000000000000002,0,,0
SLICES_CA-RU-R_x_687_y_451_z_666_experiment,pipeline,vsize_-1,,9,97,0.030000000000000006,0,,0
SLICES_CA-RU-R_x_687_y_451_z_666_experiment,pipeline,vsize_-1,,10,2544,1.1700000000000002,145,11,1
SLICES_CA-RU-R_x_687_y_451_z_666_experiment,pipeline,vsize_-1,,11,2,0.006000000000000001,0,,0
SLICES_CA-RU-R_x_687_y_451_z_666_experiment,pipeline,vsize_-1,,12,424,0.19800000000000004,72,5,1
SLICES_CA-RU-R_x_687_y_451_z_666_experiment,pipeline,vsize_-1,,13,2040,0.8640000000000001,659,8;9,2
SLICES_CA-RU-R_x_687_y_451_z_666_experiment,pipeline,vsize_-1,,14,385,0.12000000000000002,0,,0
SLICES_CA-RU-R_x_687_y_451_z_666_experiment,pipeline,vsize_-1,,15,431,0.28800000000000003,0,,0
SLICES_CA-RU-R_x_687_y_451_z_666_experiment,pipeline,vsize_-1,,16,1529,0.8160000000000002,0,,0
SLICES_CA-RU-R_x_687_y_451_z_666_experiment,pipeline,vsize_-1,,17,363,0.12600000000000003,131,6;7,2
SLICES_CA-RU-R_x_687_y_451_z_666_experiment,pipeline,vsize_-1,,18,199,0.09000000000000001,0,,0
SLICES_CA-RU-R_x_687_y_451_z_666_experiment,pipeline,vsize_-1,,19,413,0.18600000000000003,0,,0
SLICES_CA-RU-R_x_687_y_451_z_666_experiment,pipeline,vsize_-1,,20,325,0.18600000000000003,0,,0
SLICES_CA-RU-R_x_687_y_451_z_666_experiment,pipeline,vsize_-1,,21,370,0.13200000000000003,0,,0
SLICES_CA-RU-R_x_687_y_451_z_666_experiment,pipeline,vsize_-1,,22,636,0.25800000000000006,0,,0
SLICES_CA-RU-R_x_687_y_451_z_666_experiment,pipeline,vsize_-1,,23,31,0.0,0,,0
SLICES_CA-RU-R_x_687_y_451_z_666_experiment,pipeline,vsize_-1,,24,476,0.23400000000000004,0,,0
SLICES_CA-RU-R_x_687_y_451_z_666_experiment,pipeline,vsize_-1,,25,960,0.44400000000000006,0,,0
SLICES_CA-RU-R_x_687_y_451_z_666_experiment,pipeline,vsize_-1,,26,794,0.26400000000000007,0,,0
SLICES_CA-RU-R_x_687_y_451_z_666_experiment,pipeline,vsize_-1,,27,1058,0.44400000000000006,257,9,1
SLICES_CA-RU-R_x_687_y_451_z_666_experiment,pipeline,vsize_-1,,28,48,0.012000000000000002,0,,0
SLICES_CA-RU-R_x_687_y_451_z_666_experiment,pipeline,vsize_-1,,29,1794,0.8820000000000001,0,,0
SLICES_CA-RU-R_x_687_y_451_z_666_experiment,pipeline,vsize_-1,,30,36,0.012000000000000002,0,,0
SLICES_CA-RU-R_x_687_y_451_z_666_experiment,pipeline,vsize_-1,,31,681,0.17400000000000002,0,,0
SLICES_CA-RU-R_x_687_y_451_z_666_experiment,pipeline,vsize_-1,,32,648,0.31200000000000006,194,10;18;19,3
SLICES_CA-RU-R_x_687_y_451_z_666_experiment,pipeline,vsize_-1,,33,5730,2.6580000000000004,1443,12;16;23;24;26,5
SLICES_CA-RU-R_x_687_y_451_z_666_experiment,pipeline,vsize_-1,,34,499,0.22200000000000003,0,,0
SLICES_CA-RU-R_x_687_y_451_z_666_experiment,pipeline,vsize_-1,,35,679,0.30600000000000005,0,,0
SLICES_CA-RU-R_x_687_y_451_z_666_experiment,pipeline,vsize_-1,,36,420,0.16800000000000004,0,,0
SLICES_CA-RU-R_x_687_y_451_z_666_experiment,pipeline,vsize_-1,,37,737,0.31200000000000006,94,14,1
SLICES_CA-RU-R_x_687_y_451_z_666_experiment,pipeline,vsize_-1,,38,340,0.16200000000000003,0,,0
SLICES_CA-RU-R_x_687_y_451_z_666_experiment,pipeline,vsize_-1,,39,270,0.12000000000000002,0,,0
SLICES_CA-RU-R_x_687_y_451_z_666_experiment,pipeline,vsize_-1,,40,670,0.28800000000000003,0,,0
SLICES_CA-RU-R_x_687_y_451_z_666_experiment,pipeline,vsize_-1,,41,394,0.15000000000000002,0,,0
SLICES_CA-RU-R_x_687_y_451_z_666_experiment,pipeline,vsize_-1,,42,727,0.37200000000000005,0,,0
SLICES_CA-RU-R_x_687_y_451_z_666_experiment,pipeline,vsize_-1,,43,421,0.16200000000000003,0,,0
SLICES_CA-RU-R_x_687_y_451_z_666_experiment,pipeline,vsize_-1,,44,2407,1.0440000000000003,774,21,1
SLICES_CA-RU-R_x_687_y_451_z_666_experiment,pipeline,vsize_-1,,45,1360,0.6840000000000002,0,,0
SLICES_CA-RU-R_x_687_y_451_z_666_experiment,pipeline,vsize_-1,,46,1296,0.6060000000000001,109,13,1
SLICES_CA-RU-R_x_687_y_451_z_666_experiment,pipeline,vsize_-1,,47,247,0.12600000000000003,0,,0
SLICES_CA-RU-R_x_687_y_451_z_666_experiment,pipeline,vsize_-1,,48,351,0.13200000000000003,0,,0
SLICES_CA-RU-R_x_687_y_451_z_666_experiment,pipeline,vsize_-1,,49,254,0.09000000000000001,0,,0
SLICES_CA-RU-R_x_687_y_451_z_666_experiment,pipeline,vsize_-1,,50,108,0.036000000000000004,0,,0
SLICES_CA-RU-R_x_687_y_451_z_666_experiment,pipeline,vsize_-1,,51,908,0.37200000000000005,0,,0
SLICES_CA-RU-R_x_687_y_451_z_666_experiment,pipeline,vsize_-1,,52,376,0.17400000000000002,0,,0
SLICES_CA-RU-R_x_687_y_451_z_666_experiment,pipeline,vsize_-1,,53,2535,0.8640000000000001,0,,0
SLICES_CA-RU-R_x_687_y_451_z_666_experiment,pipeline,vsize_-1,,54,716,0.24600000000000005,253,20,1
SLICES_CA-RU-R_x_687_y_451_z_666_experiment,pipeline,vsize_-1,,55,398,0.19800000000000004,0,,0
SLICES_CA-RU-R_x_687_y_451_z_666_experiment,pipeline,vsize_-1,,56,884,0.3960000000000001,0,,0
SLICES_CA-RU-R_x_687_y_451_z_666_experiment,pipeline,vsize_-1,,57,1520,0.552,210,15,1
SLICES_CA-RU-R_x_687_y_451_z_666_experiment,pipeline,vsize_-1,,58,385,0.14400000000000002,72,17,1
SLICES_CA-RU-R_x_687_y_451_z_666_experiment,pipeline,vsize_-1,,59,513,0.19800000000000004,0,,0
SLICES_CA-RU-R_x_687_y_451_z_666_experiment,pipeline,vsize_-1,,60,947,0.43800000000000006,0,,0
SLICES_CA-RU-R_x_687_y_451_z_666_experiment,pipeline,vsize_-1,,61,586,0.3360000000000001,0,,0
SLICES_CA-RU-R_x_687_y_451_z_666_experiment,pipeline,vsize_-1,,62,334,0.18000000000000002,0,,0
SLICES_CA-RU-R_x_687_y_451_z_666_experiment,pipeline,vsize_-1,,63,1920,0.8940000000000001,0,,0
SLICES_CA-RU-R_x_687_y_451_z_666_experiment,pipeline,vsize_-1,,64,735,0.31200000000000006,0,,0
SLICES_CA-RU-R_x_687_y_451_z_666_experiment,pipeline,vsize_-1,,65,30,0.0,0,,0
SLICES_CA-RU-R_x_687_y_451_z_666_experiment,pipeline,vsize_-1,,66,471,0.17400000000000002,0,,0
SLICES_CA-RU-R_x_687_y_451_z_666_experiment,pipeline,vsize_-1,,67,928,0.37800000000000006,0,,0
SLICES_CA-RU-R_x_687_y_451_z_666_experiment,pipeline,vsize_-1,,68,644,0.29400000000000004,0,,0
SLICES_CA-RU-R_x_687_y_451_z_666_experiment,pipeline,vsize_-1,,69,488,0.21600000000000003,0,,0
SLICES_CA-RU-R_x_687_y_451_z_666_experiment,pipeline,vsize_-1,,70,459,0.12000000000000002,0,,0
SLICES_CA-RU-R_x_687_y_451_z_666_experiment,pipeline,vsize_-1,,71,1759,0.7920000000000001,0,,0
SLICES_CA-RU-R_x_687_y_451_z_666_experiment,pipeline,vsize_-1,,72,1660,0.5040000000000001,0,,0
SLICES_CA-RU-R_x_687_y_451_z_666_experiment,pipeline,vsize_-1,,73,19,0.012000000000000002,0,,0
SLICES_CA-RU-R_x_687_y_451_z_666_experiment,pipeline,vsize_-1,,74,719,0.4020000000000001,0,,0
SLICES_CA-RU-R_x_687_y_451_z_666_experiment,pipeline,vsize_-1,,75,85,0.018000000000000002,0,,0
SLICES_CA-RU-R_x_687_y_451_z_666_experiment,pipeline,vsize_-1,,76,274,0.12600000000000003,0,,0
SLICES_CA-RU-R_x_687_y_451_z_666_experiment,pipeline,vsize_-1,,77,1121,0.4860000000000001,0,,0
SLICES_CA-RU-R_x_687_y_451_z_666_experiment,pipeline,vsize_-1,,78,277,0.07200000000000001,0,,0
SLICES_CA-RU-R_x_687_y_451_z_666_experiment,pipeline,vsize_-1,,79,350,0.12000000000000002,0,,0
SLICES_CA-RU-R_x_687_y_451_z_666_experiment,pipeline,vsize_-1,,80,1041,0.37800000000000006,0,,0
SLICES_CA-RU-R_x_687_y_451_z_666_experiment,pipeline,vsize_-1,,81,63,0.012000000000000002,0,,0
SLICES_CA-RU-R_x_687_y_451_z_666_experiment,pipeline,vsize_-1,,82,300,0.12600000000000003,119,25,1
SLICES_CA-RU-R_x_687_y_451_z_666_experiment,pipeline,vsize_-1,,83,279,0.138,0,,0
SLICES_CA-RU-R_x_687_y_451_z_666_experiment,pipeline,vsize_-1,,84,374,0.12000000000000002,0,,0
SLICES_CA-RU-R_x_687_y_451_z_666_experiment,pipeline,vsize_-1,,85,265,0.14400000000000002,0,,0
SLICES_CA-RU-R_x_687_y_451_z_666_experiment,pipeline,vsize_-1,,86,153,0.06600000000000002,0,,0
SLICES_CA-RU-R_x_687_y_451_z_666_experiment,pipeline,vsize_-1,,87,28,0.012000000000000002,0,,0
SLICES_CA-RU-R_x_687_y_451_z_666_experiment,pipeline,vsize_-1,,88,249,0.19200000000000003,0,,0
SLICES_CA-RU-R_x_687_y_451_z_666_experiment,pipeline,vsize_-1,,89,205,0.07800000000000001,0,,0
SLICES_CA-RU-R_x_687_y_451_z_666_experiment,pipeline,vsize_-1,,90,962,0.5760000000000001,0,,0
SLICES_CA-RU-R_x_687_y_451_z_666_experiment,pipeline,vsize_-1,,91,363,0.138,179,27,1
SLICES_CA-RU-R_x_687_y_451_z_666_experiment,pipeline,vsize_-1,,92,2308,0.9420000000000002,596,28;30,2
SLICES_CA-RU-R_x_687_y_451_z_666_experiment,pipeline,vsize_-1,,93,1602,0.6720000000000002,521,27;29;31,3
SLICES_CA-RU-R_x_687_y_451_z_666_experiment,pipeline,vsize_-1,,94,2070,0.8820000000000001,515,33;34,2
SLICES_CA-RU-R_x_687_y_451_z_666_experiment,pipeline,vsize_-1,,95,415,0.15600000000000003,0,,0
SLICES_CA-RU-R_x_687_y_451_z_666_experiment,pipeline,vsize_-1,,96,864,0.4140000000000001,100,32,1
SLICES_CA-RU-R_x_687_y_451_z_666_experiment,pipeline,vsize_-1,,97,363,0.24000000000000005,0,,0
SLICES_CA-RU-R_x_687_y_451_z_666_experiment,pipeline,vsize_-1,,98,1779,0.7380000000000001,163,28,1
SLICES_CA-RU-R_x_687_y_451_z_666_experiment,pipeline,vsize_-1,,99,869,0.3360000000000001,0,,0
SLICES_CA-RU-R_x_687_y_451_z_666_experiment,pipeline,vsize_-1,,100,718,0.36600000000000005,0,,0
SLICES_CA-RU-R_x_687_y_451_z_666_experiment,pipeline,vsize_-1,,101,437,0.16200000000000003,0,,0
SLICES_CA-RU-R_x_687_y_451_z_666_experiment,pipeline,vsize_-1,,102,29,0.012000000000000002,0,,0
SLICES_CA-RU-R_x_687_y_451_z_666_experiment,pipeline,vsize_-1,,103,303,0.15600000000000003,0,,0
SLICES_CA-RU-R_x_687_y_451_z_666_experiment,pipeline,vsize_-1,,104,2066,0.9120000000000001,0,,0
SLICES_CA-RU-R_x_687_y_451_z_666_experiment,pipeline,vsize_-1,,105,218,0.07200000000000001,0,,0
SLICES_CA-RU-R_x_687_y_451_z_666_experiment,pipeline,vsize_-1,,106,1262,0.5280000000000001,0,,0
SLICES_CA-RU-R_x_687_y_451_z_666_experiment,pipeline,vsize_-1,,107,567,0.25800000000000006,0,,0
SLICES_CA-RU-R_x_687_y_451_z_666_experiment,pipeline,vsize_-1,,108,653,0.24000000000000005,0,,0
SLICES_CA-RU-R_x_687_y_451_z_666_experiment,pipeline,vsize_-1,,109,93,0.054000000000000006,0,,0
SLICES_CA-RU-R_x_687_y_451_z_666_experiment,pipeline,vsize_-1,,110,1547,0.7320000000000001,0,,0
SLICES_CA-RU-R_x_687_y_451_z_666_experiment,pipeline,vsize_-1,,111,1615,0.6840000000000002,0,,0
SLICES_CA-RU-R_x_687_y_451_z_666_experiment,pipeline,vsize_-1,,112,595,0.26400000000000007,0,,0
SLICES_CA-RU-R_x_687_y_451_z_666_experiment,pipeline,vsize_-1,,113,186,0.07800000000000001,0,,0
SLICES_CA-RU-R_x_687_y_451_z_666_experiment,pipeline,vsize_-1,,114,341,0.09600000000000002,0,,0
SLICES_CA-RU-R_x_687_y_451_z_666_experiment,pipeline,vsize_-1,,115,553,0.29400000000000004,0,,0
SLICES_CA-RU-R_x_687_y_451_z_666_experiment,pipeline,vsize_-1,,116,1235,0.6660000000000001,163,35,1
SLICES_CA-RU-R_x_687_y_451_z_666_experiment,pipeline,vsize_-1,,117,51,0.0,0,,0
SLICES_CA-RU-R_x_687_y_451_z_666_experiment,pipeline,vsize_-1,,118,642,0.22800000000000004,0,,0
SLICES_CA-RU-R_x_687_y_451_z_666_experiment,pipeline,vsize_-1,,119,84,0.030000000000000006,0,,0
SLICES_CA-RU-R_x_687_y_451_z_666_experiment,pipeline,vsize_-1,,120,542,0.18600000000000003,0,,0
SLICES_CA-RU-R_x_687_y_451_z_666_experiment,pipeline,vsize_-1,,121,792,0.30600000000000005,316,36,1
SLICES_CA-RU-R_x_687_y_451_z_666_experiment,pipeline,vsize_-1,,122,76,0.054000000000000006,0,,0
SLICES_CA-RU-R_x_687_y_451_z_666_experiment,pipeline,vsize_-1,,123,280,0.10800000000000001,0,,0
SLICES_CA-RU-R_x_687_y_451_z_666_experiment,pipeline,vsize_-1,,124,425,0.15600000000000003,0,,0
SLICES_CA-RU-R_x_687_y_451_z_666_experiment,pipeline,vsize_-1,,125,40,0.012000000000000002,0,,0
SLICES_CA-RU-R_x_687_y_451_z_666_experiment,pipeline,vsize_-1,,126,770,0.31800000000000006,0,,0
SLICES_CA-RU-R_x_687_y_451_z_666_experiment,pipeline,vsize_-1,,127,762,0.30000000000000004,0,,0
SLICES_CA-RU-R_x_687_y_451_z_666_experiment,pipeline,vsize_-1,,128,55,0.024000000000000004,0,,0
SLICES_CA-RU-R_x_687_y_451_z_666_experiment,pipeline,vsize_-1,,129,19,0.012000000000000002,0,,0
SLICES_CA-RU-R_x_687_y_451_z_666_experiment,pipeline,vsize_-1,,130,1279,0.5760000000000001,256,36,1
SLICES_CA-RU-R_x_687_y_451_z_666_experiment,pipeline,vsize_-1,,131,235,0.07200000000000001,0,,0
SLICES_CA-RU-R_x_687_y_451_z_666_experiment,pipeline,vsize_-1,,132,589,0.19200000000000003,0,,0
SLICES_CA-RU-R_x_687_y_451_z_666_experiment,pipeline,vsize_-1,,133,318,0.12000000000000002,0,,0
SLICES_CA-RU-R_x_687_y_451_z_666_experiment,pipeline,vsize_-1,,134,136,0.06000000000000001,0,,0
SLICES_CA-RU-R_x_687_y_451_z_666_experiment,pipeline,vsize_-1,,135,168,0.06000000000000001,0,,0
SLICES_CA-RU-R_x_687_y_451_z_666_experiment,pipeline,vsize_-1,,136,174,0.07200000000000001,0,,0
SLICES_CA-RU-R_x_687_y_451_z_666_experiment,pipeline,vsize_-1,,137,72,0.018000000000000002,0,,0
SLICES_CA-RU-R_x_687_y_451_z_666_experiment,pipeline,vsize_-1,,138,90,0.04800000000000001,0,,0
SLICES_CA-RU-R_x_687_y_451_z_666_experiment,pipeline,vsize_-2_std_-1,,1,2284,0.9660000000000002,145,1,1
SLICES_CA-RU-R_x_687_y_451_z_666_experiment,pipeline,vsize_-2_std_-1,,2,235,0.16200000000000003,0,,0
SLICES_CA-RU-R_x_687_y_451_z_666_experiment,pipeline,vsize_-2_std_-1,,3,3346,1.5180000000000002,0,,0
SLICES_CA-RU-R_x_687_y_451_z_666_experiment,pipeline,vsize_-2_std_-1,,4,811,0.3960000000000001,155,4,1
SLICES_CA-RU-R_x_687_y_451_z_666_experiment,pipeline,vsize_-2_std_-1,,5,171,0.07200000000000001,0,,0
SLICES_CA-RU-R_x_687_y_451_z_666_experiment,pipeline,vsize_-2_std_-1,,6,452,0.17400000000000002,287,2,1
SLICES_CA-RU-R_x_687_y_451_z_666_experiment,pipeline,vsize_-2_std_-1,,7,86,0.08400000000000002,0,,0
SLICES_CA-RU-R_x_687_y_451_z_666_experiment,pipeline,vsize_-2_std_-1,,8,415,0.17400000000000002,0,,0
SLICES_CA-RU-R_x_687_y_451_z_666_experiment,pipeline,vsize_-2_std_-1,,9,1,0.006000000000000001,0,,0
SLICES_CA-RU-R_x_687_y_451_z_666_experiment,pipeline,vsize_-2_std_-1,,10,955,0.36600000000000005,161,6;7,2
SLICES_CA-RU-R_x_687_y_451_z_666_experiment,pipeline,vsize_-2_std_-1,,11,193,0.138,0,,0
SLICES_CA-RU-R_x_687_y_451_z_666_experiment,pipeline,vsize_-2_std_-1,,12,1089,0.45000000000000007,697,3,1
SLICES_CA-RU-R_x_687_y_451_z_666_experiment,pipeline,vsize_-2_std_-1,,13,1590,0.8460000000000001,0,,0
SLICES_CA-RU-R_x_687_y_451_z_666_experiment,pipeline,vsize_-2_std_-1,,14,409,0.15000000000000002,0,,0
SLICES_CA-RU-R_x_687_y_451_z_666_experiment,pipeline,vsize_-2_std_-1,,15,118,0.036000000000000004,0,,0
SLICES_CA-RU-R_x_687_y_451_z_666_experiment,pipeline,vsize_-2_std_-1,,16,1303,0.5220000000000001,592,8;9,2
SLICES_CA-RU-R_x_687_y_451_z_666_experiment,pipeline,vsize_-2_std_-1,,17,372,0.18600000000000003,73,5,1
SLICES_CA-RU-R_x_687_y_451_z_666_experiment,pipeline,vsize_-2_std_-1,,18,30,0.012000000000000002,0,,0
SLICES_CA-RU-R_x_687_y_451_z_666_experiment,pipeline,vsize_-2_std_-1,,19,531,0.31800000000000006,0,,0
SLICES_CA-RU-R_x_687_y_451_z_666_experiment,pipeline,vsize_-2_std_-1,,20,7,0.012000000000000002,0,,0
SLICES_CA-RU-R_x_687_y_451_z_666_experiment,pipeline,vsize_-2_std_-1,,21,306,0.13200000000000003,0,,0
SLICES_CA-RU-R_x_687_y_451_z_666_experiment,pipeline,vsize_-2_std_-1,,22,395,0.16800000000000004,0,,0
SLICES_CA-RU-R_x_687_y_451_z_666_experiment,pipeline,vsize_-2_std_-1,,23,406,0.19200000000000003,0,,0
SLICES_CA-RU-R_x_687_y_451_z_666_experiment,pipeline,vsize_-2_std_-1,,24,36,0.0,0,,0
SLICES_CA-RU-R_x_687_y_451_z_666_experiment,pipeline,vsize_-2_std_-1,,25,163,0.09000000000000001,0,,0
SLICES_CA-RU-R_x_687_y_451_z_666_experiment,pipeline,vsize_-2_std_-1,,26,471,0.28200000000000003,0,,0
SLICES_CA-RU-R_x_687_y_451_z_666_experiment,pipeline,vsize_-2_std_-1,,27,552,0.28800000000000003,0,,0
SLICES_CA-RU-R_x_687_y_451_z_666_experiment,pipeline,vsize_-2_std_-1,,28,439,0.138,0,,0
SLICES_CA-RU-R_x_687_y_451_z_666_experiment,pipeline,vsize_-2_std_-1,,29,341,0.12600000000000003,0,,0
SLICES_CA-RU-R_x_687_y_451_z_666_experiment,pipeline,vsize_-2_std_-1,,30,287,0.19200000000000003,0,,0
SLICES_CA-RU-R_x_687_y_451_z_666_experiment,pipeline,vsize_-2_std_-1,,31,196,0.06600000000000002,0,,0
SLICES_CA-RU-R_x_687_y_451_z_666_experiment,pipeline,vsize_-2_std_-1,,32,223,0.10200000000000002,0,,0
SLICES_CA-RU-R_x_687_y_451_z_666_experiment,pipeline,vsize_-2_std_-1,,33,452,0.18600000000000003,0,,0
SLICES_CA-RU-R_x_687_y_451_z_666_experiment,pipeline,vsize_-2_std_-1,,34,20,0.018000000000000002,0,,0
SLICES_CA-RU-R_x_687_y_451_z_666_experiment,pipeline,vsize_-2_std_-1,,35,717,0.37800000000000006,148,11,1
SLICES_CA-RU-R_x_687_y_451_z_666_experiment,pipeline,vsize_-2_std_-1,,36,1397,0.7080000000000001,0,,0
SLICES_CA-RU-R_x_687_y_451_z_666_experiment,pipeline,vsize_-2_std_-1,,37,9,0.0,0,,0
SLICES_CA-RU-R_x_687_y_451_z_666_experiment,pipeline,vsize_-2_std_-1,,38,122,0.054000000000000006,0,,0
SLICES_CA-RU-R_x_687_y_451_z_666_experiment,pipeline,vsize_-2_std_-1,,39,332,0.138,0,,0
SLICES_CA-RU-R_x_687_y_451_z_666_experiment,pipeline,vsize_-2_std_-1,,40,279,0.10800000000000001,0,,0
SLICES_CA-RU-R_x_687_y_451_z_666_experiment,pipeline,vsize_-2_std_-1,,41,692,0.3360000000000001,0,,0
SLICES_CA-RU-R_x_687_y_451_z_666_experiment,pipeline,vsize_-2_std_-1,,42,19,0.012000000000000002,0,,0
SLICES_CA-RU-R_x_687_y_451_z_666_experiment,pipeline,vsize_-2_std_-1,,43,313,0.14400000000000002,0,,0
SLICES_CA-RU-R_x_687_y_451_z_666_experiment,pipeline,vsize_-2_std_-1,,44,561,0.29400000000000004,0,,0
SLICES_CA-RU-R_x_687_y_451_z_666_experiment,pipeline,vsize_-2_std_-1,,45,924,0.4620000000000001,257,9,1
SLICES_CA-RU-R_x_687_y_451_z_666_experiment,pipeline,vsize_-2_std_-1,,46,16,0.0,0,,0
SLICES_CA-RU-R_x_687_y_451_z_666_experiment,pipeline,vsize_-2_std_-1,,47,4460,1.9800000000000004,1225,12;23;24;26,4
SLICES_CA-RU-R_x_687_y_451_z_666_experiment,pipeline,vsize_-2_std_-1,,48,58,0.030000000000000006,0,,0
SLICES_CA-RU-R_x_687_y_451_z_666_experiment,pipeline,vsize_-2_std_-1,,49,214,0.054000000000000006,0,,0
SLICES_CA-RU-R_x_687_y_451_z_666_experiment,pipeline,vsize_-2_std_-1,,50,384,0.19800000000000004,0,,0
SLICES_CA-RU-R_x_687_y_451_z_666_experiment,pipeline,vsize_-2_std_-1,,51,7,0.018000000000000002,0,,0
SLICES_CA-RU-R_x_687_y_451_z_666_experiment,pipeline,vsize_-2_std_-1,,52,56,0.012000000000000002,0,,0
SLICES_CA-RU-R_x_687_y_451_z_666_experiment,pipeline,vsize_-2_std_-1,,53,364,0.15000000000000002,0,,0
SLICES_CA-RU-R_x_687_y_451_z_666_experiment,pipeline,vsize_-2_std_-1,,54,232,0.14400000000000002,0,,0
SLICES_CA-RU-R_x_687_y_451_z_666_experiment,pipeline,vsize_-2_std_-1,,55,393,0.23400000000000004,0,,0
SLICES_CA-RU-R_x_687_y_451_z_666_experiment,pipeline,vsize_-2_std_-1,,56,58,0.012000000000000002,0,,0
SLICES_CA-RU-R_x_687_y_451_z_666_experiment,pipeline,vsize_-2_std_-1,,57,763,0.28200000000000003,0,,0
SLICES_CA-RU-R_x_687_y_451_z_666_experiment,pipeline,vsize_-2_std_-1,,58,308,0.10200000000000002,0,,0
SLICES_CA-RU-R_x_687_y_451_z_666_experiment,pipeline,vsize_-2_std_-1,,59,787,0.39000000000000007,0,,0
SLICES_CA-RU-R_x_687_y_451_z_666_experiment,pipeline,vsize_-2_std_-1,,60,820,0.37200000000000005,0,,0
SLICES_CA-RU-R_x_687_y_451_z_666_experiment,pipeline,vsize_-2_std_-1,,61,631,0.30600000000000005,188,10;18;19,3
SLICES_CA-RU-R_x_687_y_451_z_666_experiment,pipeline,vsize_-2_std_-1,,62,829,0.45600000000000007,0,,0
SLICES_CA-RU-R_x_687_y_451_z_666_experiment,pipeline,vsize_-2_std_-1,,63,489,0.22800000000000004,0,,0
SLICES_CA-RU-R_x_687_y_451_z_666_experiment,pipeline,vsize_-2_std_-1,,64,1046,0.32400000000000007,0,,0
SLICES_CA-RU-R_x_687_y_451_z_666_experiment,pipeline,vsize_-2_std_-1,,65,533,0.25800000000000006,0,,0
SLICES_CA-RU-R_x_687_y_451_z_666_experiment,pipeline,vsize_-2_std_-1,,66,273,0.09600000000000002,0,,0
SLICES_CA-RU-R_x_687_y_451_z_666_experiment,pipeline,vsize_-2_std_-1,,67,501,0.22200000000000003,98,14,1
SLICES_CA-RU-R_x_687_y_451_z_666_experiment,pipeline,vsize_-2_std_-1,,68,746,0.4080000000000001,0,,0
SLICES_CA-RU-R_x_687_y_451_z_666_experiment,pipeline,vsize_-2_std_-1,,69,1516,0.7080000000000001,124,13,1
SLICES_CA-RU-R_x_687_y_451_z_666_experiment,pipeline,vsize_-2_std_-1,,70,1071,0.4620000000000001,0,,0
SLICES_CA-RU-R_x_687_y_451_z_666_experiment,pipeline,vsize_-2_std_-1,,71,408,0.24000000000000005,0,,0
SLICES_CA-RU-R_x_687_y_451_z_666_experiment,pipeline,vsize_-2_std_-1,,72,390,0.14400000000000002,0,,0
SLICES_CA-RU-R_x_687_y_451_z_666_experiment,pipeline,vsize_-2_std_-1,,73,702,0.38400000000000006,0,,0
SLICES_CA-RU-R_x_687_y_451_z_666_experiment,pipeline,vsize_-2_std_-1,,74,16,0.006000000000000001,0,,0
SLICES_CA-RU-R_x_687_y_451_z_666_experiment,pipeline,vsize_-2_std_-1,,75,373,0.17400000000000002,0,,0
SLICES_CA-RU-R_x_687_y_451_z_666_experiment,pipeline,vsize_-2_std_-1,,76,402,0.16800000000000004,0,,0
SLICES_CA-RU-R_x_687_y_451_z_666_experiment,pipeline,vsize_-2_std_-1,,77,1903,0.9300000000000002,686,21,1
SLICES_CA-RU-R_x_687_y_451_z_666_experiment,pipeline,vsize_-2_std_-1,,78,46,0.006000000000000001,0,,0
SLICES_CA-RU-R_x_687_y_451_z_666_experiment,pipeline,vsize_-2_std_-1,,79,1617,0.7740000000000001,0,,0
SLICES_CA-RU-R_x_687_y_451_z_666_experiment,pipeline,vsize_-2_std_-1,,80,178,0.10200000000000002,0,,0
SLICES_CA-RU-R_x_687_y_451_z_666_experiment,pipeline,vsize_-2_std_-1,,81,106,0.054000000000000006,0,,0
SLICES_CA-RU-R_x_687_y_451_z_666_experiment,pipeline,vsize_-2_std_-1,,82,1359,0.6540000000000001,0,,0
SLICES_CA-RU-R_x_687_y_451_z_666_experiment,pipeline,vsize_-2_std_-1,,83,77,0.036000000000000004,0,,0
SLICES_CA-RU-R_x_687_y_451_z_666_experiment,pipeline,vsize_-2_std_-1,,84,301,0.10800000000000001,0,,0
SLICES_CA-RU-R_x_687_y_451_z_666_experiment,pipeline,vsize_-2_std_-1,,85,233,0.13200000000000003,0,,0
SLICES_CA-RU-R_x_687_y_451_z_666_experiment,pipeline,vsize_-2_std_-1,,86,7,0.0,0,,0
SLICES_CA-RU-R_x_687_y_451_z_666_experiment,pipeline,vsize_-2_std_-1,,87,176,0.12000000000000002,0,,0
SLICES_CA-RU-R_x_687_y_451_z_666_experiment,pipeline,vsize_-2_std_-1,,88,53,0.006000000000000001,0,,0
SLICES_CA-RU-R_x_687_y_451_z_666_experiment,pipeline,vsize_-2_std_-1,,89,264,0.15000000000000002,0,,0
SLICES_CA-RU-R_x_687_y_451_z_666_experiment,pipeline,vsize_-2_std_-1,,90,579,0.24000000000000005,0,,0
SLICES_CA-RU-R_x_687_y_451_z_666_experiment,pipeline,vsize_-2_std_-1,,91,113,0.09000000000000001,0,,0
SLICES_CA-RU-R_x_687_y_451_z_666_experiment,pipeline,vsize_-2_std_-1,,92,369,0.15600000000000003,0,,0
SLICES_CA-RU-R_x_687_y_451_z_666_experiment,pipeline,vsize_-2_std_-1,,93,593,0.29400000000000004,0,,0
SLICES_CA-RU-R_x_687_y_451_z_666_experiment,pipeline,vsize_-2_std_-1,,94,454,0.19200000000000003,194,16,1
SLICES_CA-RU-R_x_687_y_451_z_666_experiment,pipeline,vsize_-2_std_-1,,95,474,0.22200000000000003,224,20,1
SLICES_CA-RU-R_x_687_y_451_z_666_experiment,pipeline,vsize_-2_std_-1,,96,1347,0.37200000000000005,218,15,1
SLICES_CA-RU-R_x_687_y_451_z_666_experiment,pipeline,vsize_-2_std_-1,,97,348,0.15600000000000003,0,,0
SLICES_CA-RU-R_x_687_y_451_z_666_experiment,pipeline,vsize_-2_std_-1,,98,258,0.12000000000000002,0,,0
SLICES_CA-RU-R_x_687_y_451_z_666_experiment,pipeline,vsize_-2_std_-1,,99,2242,0.9120000000000001,0,,0
SLICES_CA-RU-R_x_687_y_451_z_666_experiment,pipeline,vsize_-2_std_-1,,100,375,0.138,74,17,1
SLICES_CA-RU-R_x_687_y_451_z_666_experiment,pipeline,vsize_-2_std_-1,,101,508,0.18000000000000002,0,,0
SLICES_CA-RU-R_x_687_y_451_z_666_experiment,pipeline,vsize_-2_std_-1,,102,493,0.19200000000000003,0,,0
SLICES_CA-RU-R_x_687_y_451_z_666_experiment,pipeline,vsize_-2_std_-1,,103,150,0.054000000000000006,0,,0
SLICES_CA-RU-R_x_687_y_451_z_666_experiment,pipeline,vsize_-2_std_-1,,104,457,0.25200000000000006,0,,0
SLICES_CA-RU-R_x_687_y_451_z_666_experiment,pipeline,vsize_-2_std_-1,,105,326,0.15000000000000002,0,,0
SLICES_CA-RU-R_x_687_y_451_z_666_experiment,pipeline,vsize_-2_std_-1,,106,24,0.024000000000000004,0,,0
SLICES_CA-RU-R_x_687_y_451_z_666_experiment,pipeline,vsize_-2_std_-1,,107,462,0.28200000000000003,0,,0
SLICES_CA-RU-R_x_687_y_451_z_666_experiment,pipeline,vsize_-2_std_-1,,108,298,0.19800000000000004,0,,0
SLICES_CA-RU-R_x_687_y_451_z_666_experiment,pipeline,vsize_-2_std_-1,,109,375,0.19200000000000003,0,,0
SLICES_CA-RU-R_x_687_y_451_z_666_experiment,pipeline,vsize_-2_std_-1,,110,394,0.22200000000000003,0,,0
SLICES_CA-RU-R_x_687_y_451_z_666_experiment,pipeline,vsize_-2_std_-1,,111,471,0.31200000000000006,0,,0
SLICES_CA-RU-R_x_687_y_451_z_666_experiment,pipeline,vsize_-2_std_-1,,112,82,0.024000000000000004,0,,0
SLICES_CA-RU-R_x_687_y_451_z_666_experiment,pipeline,vsize_-2_std_-1,,113,533,0.25800000000000006,0,,0
SLICES_CA-RU-R_x_687_y_451_z_666_experiment,pipeline,vsize_-2_std_-1,,114,270,0.12600000000000003,0,,0
SLICES_CA-RU-R_x_687_y_451_z_666_experiment,pipeline,vsize_-2_std_-1,,115,391,0.12000000000000002,0,,0
SLICES_CA-RU-R_x_687_y_451_z_666_experiment,pipeline,vsize_-2_std_-1,,116,334,0.15600000000000003,0,,0
SLICES_CA-RU-R_x_687_y_451_z_666_experiment,pipeline,vsize_-2_std_-1,,117,1029,0.5640000000000001,0,,0
SLICES_CA-RU-R_x_687_y_451_z_666_experiment,pipeline,vsize_-2_std_-1,,118,1165,0.558,0,,0
SLICES_CA-RU-R_x_687_y_451_z_666_experiment,pipeline,vsize_-2_std_-1,,119,311,0.14400000000000002,0,,0
SLICES_CA-RU-R_x_687_y_451_z_666_experiment,pipeline,vsize_-2_std_-1,,120,443,0.19200000000000003,0,,0
SLICES_CA-RU-R_x_687_y_451_z_666_experiment,pipeline,vsize_-2_std_-1,,121,414,0.21600000000000003,0,,0
SLICES_CA-RU-R_x_687_y_451_z_666_experiment,pipeline,vsize_-2_std_-1,,122,710,0.4620000000000001,0,,0
SLICES_CA-RU-R_x_687_y_451_z_666_experiment,pipeline,vsize_-2_std_-1,,123,128,0.04800000000000001,0,,0
SLICES_CA-RU-R_x_687_y_451_z_666_experiment,pipeline,vsize_-2_std_-1,,124,400,0.14400000000000002,0,,0
SLICES_CA-RU-R_x_687_y_451_z_666_experiment,pipeline,vsize_-2_std_-1,,125,166,0.06000000000000001,0,,0
SLICES_CA-RU-R_x_687_y_451_z_666_experiment,pipeline,vsize_-2_std_-1,,126,860,0.27,0,,0
SLICES_CA-RU-R_x_687_y_451_z_666_experiment,pipeline,vsize_-2_std_-1,,127,781,0.44400000000000006,0,,0
SLICES_CA-RU-R_x_687_y_451_z_666_experiment,pipeline,vsize_-2_std_-1,,128,369,0.18000000000000002,0,,0
SLICES_CA-RU-R_x_687_y_451_z_666_experiment,pipeline,vsize_-2_std_-1,,129,314,0.17400000000000002,0,,0
SLICES_CA-RU-R_x_687_y_451_z_666_experiment,pipeline,vsize_-2_std_-1,,130,350,0.15600000000000003,0,,0
SLICES_CA-RU-R_x_687_y_451_z_666_experiment,pipeline,vsize_-2_std_-1,,131,1554,0.7740000000000001,0,,0
SLICES_CA-RU-R_x_687_y_451_z_666_experiment,pipeline,vsize_-2_std_-1,,132,1191,0.5280000000000001,0,,0
SLICES_CA-RU-R_x_687_y_451_z_666_experiment,pipeline,vsize_-2_std_-1,,133,299,0.09000000000000001,0,,0
SLICES_CA-RU-R_x_687_y_451_z_666_experiment,pipeline,vsize_-2_std_-1,,134,501,0.22200000000000003,0,,0
SLICES_CA-RU-R_x_687_y_451_z_666_experiment,pipeline,vsize_-2_std_-1,,135,41,0.006000000000000001,0,,0
SLICES_CA-RU-R_x_687_y_451_z_666_experiment,pipeline,vsize_-2_std_-1,,136,699,0.25200000000000006,0,,0
SLICES_CA-RU-R_x_687_y_451_z_666_experiment,pipeline,vsize_-2_std_-1,,137,514,0.19800000000000004,123,25,1
SLICES_CA-RU-R_x_687_y_451_z_666_experiment,pipeline,vsize_-2_std_-1,,138,83,0.030000000000000006,0,,0
SLICES_CA-RU-R_x_687_y_451_z_666_experiment,pipeline,vsize_-2_std_-1,,139,225,0.10200000000000002,0,,0
SLICES_CA-RU-R_x_687_y_451_z_666_experiment,pipeline,vsize_-2_std_-1,,140,753,0.36600000000000005,0,,0
SLICES_CA-RU-R_x_687_y_451_z_666_experiment,pipeline,vsize_-2_std_-1,,141,34,0.012000000000000002,0,,0
SLICES_CA-RU-R_x_687_y_451_z_666_experiment,pipeline,vsize_-2_std_-1,,142,4,0.006000000000000001,0,,0
SLICES_CA-RU-R_x_687_y_451_z_666_experiment,pipeline,vsize_-2_std_-1,,143,740,0.276,0,,0
SLICES_CA-RU-R_x_687_y_451_z_666_experiment,pipeline,vsize_-2_std_-1,,144,206,0.09000000000000001,0,,0
SLICES_CA-RU-R_x_687_y_451_z_666_experiment,pipeline,vsize_-2_std_-1,,145,1262,0.7080000000000001,0,,0
SLICES_CA-RU-R_x_687_y_451_z_666_experiment,pipeline,vsize_-2_std_-1,,146,836,0.42600000000000005,0,,0
SLICES_CA-RU-R_x_687_y_451_z_666_experiment,pipeline,vsize_-2_std_-1,,147,312,0.13200000000000003,171,27,1
SLICES_CA-RU-R_x_687_y_451_z_666_experiment,pipeline,vsize_-2_std_-1,,148,42,0.012000000000000002,0,,0
SLICES_CA-RU-R_x_687_y_451_z_666_experiment,pipeline,vsize_-2_std_-1,,149,1497,0.6960000000000001,512,27;29;31,3
SLICES_CA-RU-R_x_687_y_451_z_666_experiment,pipeline,vsize_-2_std_-1,,150,1452,0.6660000000000001,0,,0
SLICES_CA-RU-R_x_687_y_451_z_666_experiment,pipeline,vsize_-2_std_-1,,151,137,0.09000000000000001,0,,0
SLICES_CA-RU-R_x_687_y_451_z_666_experiment,pipeline,vsize_-2_std_-1,,152,448,0.16200000000000003,0,,0
SLICES_CA-RU-R_x_687_y_451_z_666_experiment,pipeline,vsize_-2_std_-1,,153,1912,0.8700000000000001,508,33;34,2
SLICES_CA-RU-R_x_687_y_451_z_666_experiment,pipeline,vsize_-2_std_-1,,154,7,0.012000000000000002,0,,0
SLICES_CA-RU-R_x_687_y_451_z_666_experiment,pipeline,vsize_-2_std_-1,,155,189,0.10800000000000001,0,,0
SLICES_CA-RU-R_x_687_y_451_z_666_experiment,pipeline,vsize_-2_std_-1,,156,33,0.012000000000000002,0,,0
SLICES_CA-RU-R_x_687_y_451_z_666_experiment,pipeline,vsize_-2_std_-1,,157,139,0.10800000000000001,0,,0
SLICES_CA-RU-R_x_687_y_451_z_666_experiment,pipeline,vsize_-2_std_-1,,158,6,0.006000000000000001,0,,0
SLICES_CA-RU-R_x_687_y_451_z_666_experiment,pipeline,vsize_-2_std_-1,,159,1880,0.9120000000000001,590,28;30,2
SLICES_CA-RU-R_x_687_y_451_z_666_experiment,pipeline,vsize_-2_std_-1,,160,595,0.31200000000000006,0,,0
SLICES_CA-RU-R_x_687_y_451_z_666_experiment,pipeline,vsize_-2_std_-1,,161,12,0.006000000000000001,0,,0
SLICES_CA-RU-R_x_687_y_451_z_666_experiment,pipeline,vsize_-2_std_-1,,162,1521,0.6900000000000002,0,,0
SLICES_CA-RU-R_x_687_y_451_z_666_experiment,pipeline,vsize_-2_std_-1,,163,495,0.21600000000000003,94,32,1
SLICES_CA-RU-R_x_687_y_451_z_666_experiment,pipeline,vsize_-2_std_-1,,164,160,0.07800000000000001,0,,0
SLICES_CA-RU-R_x_687_y_451_z_666_experiment,pipeline,vsize_-2_std_-1,,165,16,0.012000000000000002,0,,0
SLICES_CA-RU-R_x_687_y_451_z_666_experiment,pipeline,vsize_-2_std_-1,,166,238,0.09600000000000002,0,,0
SLICES_CA-RU-R_x_687_y_451_z_666_experiment,pipeline,vsize_-2_std_-1,,167,24,0.012000000000000002,0,,0
SLICES_CA-RU-R_x_687_y_451_z_666_experiment,pipeline,vsize_-2_std_-1,,168,753,0.28200000000000003,0,,0
SLICES_CA-RU-R_x_687_y_451_z_666_experiment,pipeline,vsize_-2_std_-1,,169,718,0.22800000000000004,0,,0
SLICES_CA-RU-R_x_687_y_451_z_666_experiment,pipeline,vsize_-2_std_-1,,170,648,0.3360000000000001,157,28,1
SLICES_CA-RU-R_x_687_y_451_z_666_experiment,pipeline,vsize_-2_std_-1,,171,58,0.006000000000000001,0,,0
SLICES_CA-RU-R_x_687_y_451_z_666_experiment,pipeline,vsize_-2_std_-1,,172,779,0.37200000000000005,0,,0
SLICES_CA-RU-R_x_687_y_451_z_666_experiment,pipeline,vsize_-2_std_-1,,173,373,0.138,0,,0
SLICES_CA-RU-R_x_687_y_451_z_666_experiment,pipeline,vsize_-2_std_-1,,174,450,0.22200000000000003,0,,0
SLICES_CA-RU-R_x_687_y_451_z_666_experiment,pipeline,vsize_-2_std_-1,,175,297,0.15600000000000003,0,,0
SLICES_CA-RU-R_x_687_y_451_z_666_experiment,pipeline,vsize_-2_std_-1,,176,207,0.06600000000000002,0,,0
SLICES_CA-RU-R_x_687_y_451_z_666_experiment,pipeline,vsize_-2_std_-1,,177,204,0.15600000000000003,0,,0
SLICES_CA-RU-R_x_687_y_451_z_666_experiment,pipeline,vsize_-2_std_-1,,178,2262,1.0440000000000003,0,,0
SLICES_CA-RU-R_x_687_y_451_z_666_experiment,pipeline,vsize_-2_std_-1,,179,528,0.25200000000000006,0,,0
SLICES_CA-RU-R_x_687_y_451_z_666_experiment,pipeline,vsize_-2_std_-1,,180,123,0.04200000000000001,0,,0
SLICES_CA-RU-R_x_687_y_451_z_666_experiment,pipeline,vsize_-2_std_-1,,181,186,0.13200000000000003,0,,0
SLICES_CA-RU-R_x_687_y_451_z_666_experiment,pipeline,vsize_-2_std_-1,,182,1,0.006000000000000001,0,,0
SLICES_CA-RU-R_x_687_y_451_z_666_experiment,pipeline,vsize_-2_std_-1,,183,7,0.012000000000000002,0,,0
SLICES_CA-RU-R_x_687_y_451_z_666_experiment,pipeline,vsize_-2_std_-1,,184,95,0.054000000000000006,0,,0
SLICES_CA-RU-R_x_687_y_451_z_666_experiment,pipeline,vsize_-2_std_-1,,185,162,0.11400000000000002,0,,0
SLICES_CA-RU-R_x_687_y_451_z_666_experiment,pipeline,vsize_-2_std_-1,,186,918,0.37800000000000006,0,,0
SLICES_CA-RU-R_x_687_y_451_z_666_experiment,pipeline,vsize_-2_std_-1,,187,426,0.14400000000000002,0,,0
SLICES_CA-RU-R_x_687_y_451_z_666_experiment,pipeline,vsize_-2_std_-1,,188,405,0.19800000000000004,0,,0
SLICES_CA-RU-R_x_687_y_451_z_666_experiment,pipeline,vsize_-2_std_-1,,189,62,0.018000000000000002,0,,0
SLICES_CA-RU-R_x_687_y_451_z_666_experiment,pipeline,vsize_-2_std_-1,,190,347,0.10800000000000001,0,,0
SLICES_CA-RU-R_x_687_y_451_z_666_experiment,pipeline,vsize_-2_std_-1,,191,571,0.31800000000000006,0,,0
SLICES_CA-RU-R_x_687_y_451_z_666_experiment,pipeline,vsize_-2_std_-1,,192,642,0.30600000000000005,0,,0
SLICES_CA-RU-R_x_687_y_451_z_666_experiment,pipeline,vsize_-2_std_-1,,193,461,0.18600000000000003,0,,0
SLICES_CA-RU-R_x_687_y_451_z_666_experiment,pipeline,vsize_-2_std_-1,,194,598,0.24600000000000005,0,,0
SLICES_CA-RU-R_x_687_y_451_z_666_experiment,pipeline,vsize_-2_std_-1,,195,61,0.018000000000000002,0,,0
SLICES_CA-RU-R_x_687_y_451_z_666_experiment,pipeline,vsize_-2_std_-1,,196,108,0.07800000000000001,0,,0
SLICES_CA-RU-R_x_687_y_451_z_666_experiment,pipeline,vsize_-2_std_-1,,197,432,0.29400000000000004,155,35,1
SLICES_CA-RU-R_x_687_y_451_z_666_experiment,pipeline,vsize_-2_std_-1,,198,191,0.07200000000000001,0,,0
SLICES_CA-RU-R_x_687_y_451_z_666_experiment,pipeline,vsize_-2_std_-1,,199,364,0.24000000000000005,0,,0
SLICES_CA-RU-R_x_687_y_451_z_666_experiment,pipeline,vsize_-2_std_-1,,200,516,0.21600000000000003,0,,0
SLICES_CA-RU-R_x_687_y_451_z_666_experiment,pipeline,vsize_-2_std_-1,,201,139,0.07200000000000001,0,,0
SLICES_CA-RU-R_x_687_y_451_z_666_experiment,pipeline,vsize_-2_std_-1,,202,714,0.32400000000000007,272,36,1
SLICES_CA-RU-R_x_687_y_451_z_666_experiment,pipeline,vsize_-2_std_-1,,203,396,0.15600000000000003,0,,0
SLICES_CA-RU-R_x_687_y_451_z_666_experiment,pipeline,vsize_-2_std_-1,,204,322,0.15000000000000002,0,,0
SLICES_CA-RU-R_x_687_y_451_z_666_experiment,pipeline,vsize_-2_std_-1,,205,295,0.12000000000000002,0,,0
SLICES_CA-RU-R_x_687_y_451_z_666_experiment,pipeline,vsize_-2_std_-1,,206,160,0.06600000000000002,0,,0
SLICES_CA-RU-R_x_687_y_451_z_666_experiment,pipeline,vsize_-2_std_-1,,207,96,0.04800000000000001,0,,0
SLICES_CA-RU-R_x_687_y_451_z_666_experiment,pipeline,vsize_-2_std_-1,,208,633,0.30600000000000005,0,,0
SLICES_CA-RU-R_x_687_y_451_z_666_experiment,pipeline,vsize_-2_std_-1,,209,368,0.14400000000000002,0,,0
SLICES_CA-RU-R_x_687_y_451_z_666_experiment,pipeline,vsize_-2_std_-1,,210,625,0.30000000000000004,0,,0
SLICES_CA-RU-R_x_687_y_451_z_666_experiment,pipeline,vsize_-2_std_-1,,211,799,0.39000000000000007,0,,0
SLICES_CA-RU-R_x_687_y_451_z_666_experiment,pipeline,vsize_-2_std_-1,,212,43,0.018000000000000002,0,,0
SLICES_CA-RU-R_x_687_y_451_z_666_experiment,pipeline,vsize_-2_std_-1,,213,1203,0.5700000000000001,252,36,1
SLICES_CA-RU-R_x_687_y_451_z_666_experiment,pipeline,vsize_-2_std_-1,,214,49,0.012000000000000002,0,,0
SLICES_CA-RU-R_x_687_y_451_z_666_experiment,pipeline,vsize_-2_std_-1,,215,222,0.12600000000000003,0,,0
SLICES_CA-RU-R_x_687_y_451_z_666_experiment,pipeline,vsize_-2_std_-1,,216,371,0.24000000000000005,0,,0
SLICES_CA-RU-R_x_687_y_451_z_666_experiment,pipeline,vsize_-2_std_-1,,217,487,0.19200000000000003,0,,0
SLICES_CA-RU-R_x_687_y_451_z_666_experiment,pipeline,vsize_-2_std_-1,,218,427,0.22800000000000004,0,,0
SLICES_CA-RU-R_x_687_y_451_z_666_experiment,pipeline,vsize_-2_std_-1,,219,223,0.15000000000000002,0,,0
SLICES_CA-RU-R_x_687_y_451_z_666_experiment,pipeline,vsize_-2_std_-1,,220,197,0.13200000000000003,0,,0
SLICES_CA-RU-R_x_687_y_451_z_666_experiment,pipeline,vsize_-2_std_-1,,221,320,0.10800000000000001,0,,0
SLICES_CA-RU-R_x_687_y_451_z_666_experiment,pipeline,vsize_-2_std_-1,,222,115,0.07200000000000001,0,,0
SLICES_CA-RU-R_x_687_y_451_z_666_experiment,pipeline,vsize_-2_std_-1,,223,136,0.06000000000000001,0,,0
SLICES_CA-RU-R_x_687_y_451_z_666_experiment,pipeline,vsize_-2_std_-1,,224,354,0.21000000000000005,0,,0
SLICES_CA-RU-R_x_687_y_451_z_666_experiment,pipeline,vsize_-2_std_-1,,225,76,0.04200000000000001,0,,0
SLICES_CA-RU-R_x_687_y_451_z_666_experiment,pipeline,vsize_-2_std_-1,,226,162,0.06600000000000002,0,,0
SLICES_CA-RU-R_x_687_y_451_z_666_experiment,pipeline,vsize_-2_std_-1,,227,228,0.09000000000000001,0,,0
SLICES_CA-RU-R_x_687_y_451_z_666_experiment,pipeline,vsize_-2_std_-1,,228,227,0.09600000000000002,0,,0
SLICES_CA-RU-R_x_687_y_451_z_666_experiment,pipeline,vsize_-2_std_-1,,229,222,0.11400000000000002,0,,0
SLICES_CA-RU-R_x_687_y_451_z_666_experiment,pipeline,vsize_-2_std_-1,,230,31,0.018000000000000002,0,,0
SLICES_CA-RU-R_x_687_y_451_z_666_experiment,pipeline,vsize_-2_std_-1,,231,99,0.036000000000000004,0,,0
SLICES_CA-RU-R_x_687_y_451_z_666_experiment,pipeline,vsize_-2_std_-1,,232,242,0.054000000000000006,0,,0
SLICES_CA-RU-R_x_687_y_451_z_666_experiment,pipeline,vsize_-2_std_-1,,233,72,0.018000000000000002,0,,0
SLICES_CA-RU-R_x_687_y_451_z_666_experiment,pipeline,vsize_-2_std_-1,,234,10,0.012000000000000002,0,,0
SLICES_CA-RU-R_x_687_y_451_z_666_experiment,pipeline,vsize_+1,,1,833,0.276,0,,0
SLICES_CA-RU-R_x_687_y_451_z_666_experiment,pipeline,vsize_+1,,2,4191,1.2660000000000002,808,1;8;9,3
SLICES_CA-RU-R_x_687_y_451_z_666_experiment,pipeline,vsize_+1,,3,1905,0.5640000000000001,186,1,1
SLICES_CA-RU-R_x_687_y_451_z_666_experiment,pipeline,vsize_+1,,4,441,0.10200000000000002,0,,0
SLICES_CA-RU-R_x_687_y_451_z_666_experiment,pipeline,vsize_+1,,5,129,0.054000000000000006,0,,0
SLICES_CA-RU-R_x_687_y_451_z_666_experiment,pipeline,vsize_+1,,6,674,0.23400000000000004,185,4,1
SLICES_CA-RU-R_x_687_y_451_z_666_experiment,pipeline,vsize_+1,,7,2037,0.6540000000000001,1174,2;3,2
SLICES_CA-RU-R_x_687_y_451_z_666_experiment,pipeline,vsize_+1,,8,193,0.04200000000000001,0,,0
SLICES_CA-RU-R_x_687_y_451_z_666_experiment,pipeline,vsize_+1,,9,1329,0.31800000000000006,0,,0
SLICES_CA-RU-R_x_687_y_451_z_666_experiment,pipeline,vsize_+1,,10,859,0.20400000000000004,0,,0
SLICES_CA-RU-R_x_687_y_451_z_666_experiment,pipeline,vsize_+1,,11,684,0.24600000000000005,82,5,1
SLICES_CA-RU-R_x_687_y_451_z_666_experiment,pipeline,vsize_+1,,12,19,0.012000000000000002,0,,0
SLICES_CA-RU-R_x_687_y_451_z_666_experiment,pipeline,vsize_+1,,13,964,0.31800000000000006,207,6;7,2
SLICES_CA-RU-R_x_687_y_451_z_666_experiment,pipeline,vsize_+1,,14,2397,0.7140000000000001,0,,0
SLICES_CA-RU-R_x_687_y_451_z_666_experiment,pipeline,vsize_+1,,15,509,0.19200000000000003,0,,0
SLICES_CA-RU-R_x_687_y_451_z_666_experiment,pipeline,vsize_+1,,16,595,0.14400000000000002,0,,0
SLICES_CA-RU-R_x_687_y_451_z_666_experiment,pipeline,vsize_+1,,17,218,0.04800000000000001,0,,0
SLICES_CA-RU-R_x_687_y_451_z_666_experiment,pipeline,vsize_+1,,18,480,0.12000000000000002,0,,0
SLICES_CA-RU-R_x_687_y_451_z_666_experiment,pipeline,vsize_+1,,19,18,0.018000000000000002,0,,0
SLICES_CA-RU-R_x_687_y_451_z_666_experiment,pipeline,vsize_+1,,20,772,0.25200000000000006,0,,0
SLICES_CA-RU-R_x_687_y_451_z_666_experiment,pipeline,vsize_+1,,21,27,0.018000000000000002,0,,0
SLICES_CA-RU-R_x_687_y_451_z_666_experiment,pipeline,vsize_+1,,22,4147,1.4400000000000002,153,11,1
SLICES_CA-RU-R_x_687_y_451_z_666_experiment,pipeline,vsize_+1,,23,1509,0.25800000000000006,0,,0
SLICES_CA-RU-R_x_687_y_451_z_666_experiment,pipeline,vsize_+1,,24,63,0.012000000000000002,0,,0
SLICES_CA-RU-R_x_687_y_451_z_666_experiment,pipeline,vsize_+1,,25,116,0.036000000000000004,0,,0
SLICES_CA-RU-R_x_687_y_451_z_666_experiment,pipeline,vsize_+1,,26,955,0.3960000000000001,285,9,1
SLICES_CA-RU-R_x_687_y_451_z_666_experiment,pipeline,vsize_+1,,27,1093,0.35400000000000004,0,,0
SLICES_CA-RU-R_x_687_y_451_z_666_experiment,pipeline,vsize_+1,,28,11056,2.9940000000000007,1731,12;20;23;24;26,5
SLICES_CA-RU-R_x_687_y_451_z_666_experiment,pipeline,vsize_+1,,29,1047,0.37200000000000005,307,10;18;19,3
SLICES_CA-RU-R_x_687_y_451_z_666_experiment,pipeline,vsize_+1,,30,3014,0.8100000000000002,0,,0
SLICES_CA-RU-R_x_687_y_451_z_666_experiment,pipeline,vsize_+1,,31,1995,0.6840000000000002,0,,0
SLICES_CA-RU-R_x_687_y_451_z_666_experiment,pipeline,vsize_+1,,32,1077,0.44400000000000006,0,,0
SLICES_CA-RU-R_x_687_y_451_z_666_experiment,pipeline,vsize_+1,,33,318,0.10200000000000002,0,,0
SLICES_CA-RU-R_x_687_y_451_z_666_experiment,pipeline,vsize_+1,,34,1285,0.4020000000000001,0,,0
SLICES_CA-RU-R_x_687_y_451_z_666_experiment,pipeline,vsize_+1,,35,649,0.16200000000000003,0,,0
SLICES_CA-RU-R_x_687_y_451_z_666_experiment,pipeline,vsize_+1,,36,447,0.16200000000000003,0,,0
SLICES_CA-RU-R_x_687_y_451_z_666_experiment,pipeline,vsize_+1,,37,35,0.006000000000000001,0,,0
SLICES_CA-RU-R_x_687_y_451_z_666_experiment,pipeline,vsize_+1,,38,1271,0.39000000000000007,0,,0
SLICES_CA-RU-R_x_687_y_451_z_666_experiment,pipeline,vsize_+1,,39,139,0.04200000000000001,0,,0
SLICES_CA-RU-R_x_687_y_451_z_666_experiment,pipeline,vsize_+1,,40,124,0.018000000000000002,0,,0
SLICES_CA-RU-R_x_687_y_451_z_666_experiment,pipeline,vsize_+1,,41,520,0.13200000000000003,0,,0
SLICES_CA-RU-R_x_687_y_451_z_666_experiment,pipeline,vsize_+1,,42,295,0.10200000000000002,0,,0
SLICES_CA-RU-R_x_687_y_451_z_666_experiment,pipeline,vsize_+1,,43,1008,0.31200000000000006,108,14,1
SLICES_CA-RU-R_x_687_y_451_z_666_experiment,pipeline,vsize_+1,,44,1590,0.5100000000000001,223,16,1
SLICES_CA-RU-R_x_687_y_451_z_666_experiment,pipeline,vsize_+1,,45,485,0.15000000000000002,0,,0
SLICES_CA-RU-R_x_687_y_451_z_666_experiment,pipeline,vsize_+1,,46,678,0.22800000000000004,0,,0
SLICES_CA-RU-R_x_687_y_451_z_666_experiment,pipeline,vsize_+1,,47,3801,0.8580000000000001,232,15,1
SLICES_CA-RU-R_x_687_y_451_z_666_experiment,pipeline,vsize_+1,,48,3948,1.2360000000000002,760,21,1
SLICES_CA-RU-R_x_687_y_451_z_666_experiment,pipeline,vsize_+1,,49,293,0.12600000000000003,0,,0
SLICES_CA-RU-R_x_687_y_451_z_666_experiment,pipeline,vsize_+1,,50,567,0.21600000000000003,0,,0
SLICES_CA-RU-R_x_687_y_451_z_666_experiment,pipeline,vsize_+1,,51,248,0.07800000000000001,0,,0
SLICES_CA-RU-R_x_687_y_451_z_666_experiment,pipeline,vsize_+1,,52,1169,0.33000000000000007,0,,0
SLICES_CA-RU-R_x_687_y_451_z_666_experiment,pipeline,vsize_+1,,53,1648,0.552,0,,0
SLICES_CA-RU-R_x_687_y_451_z_666_experiment,pipeline,vsize_+1,,54,239,0.04800000000000001,0,,0
SLICES_CA-RU-R_x_687_y_451_z_666_experiment,pipeline,vsize_+1,,55,75,0.012000000000000002,0,,0
SLICES_CA-RU-R_x_687_y_451_z_666_experiment,pipeline,vsize_+1,,56,510,0.12600000000000003,84,17,1
SLICES_CA-RU-R_x_687_y_451_z_666_experiment,pipeline,vsize_+1,,57,8119,2.4060000000000006,0,,0
SLICES_CA-RU-R_x_687_y_451_z_666_experiment,pipeline,vsize_+1,,58,639,0.21000000000000005,0,,0
SLICES_CA-RU-R_x_687_y_451_z_666_experiment,pipeline,vsize_+1,,59,18,0.006000000000000001,0,,0
SLICES_CA-RU-R_x_687_y_451_z_666_experiment,pipeline,vsize_+1,,60,368,0.10200000000000002,0,,0
SLICES_CA-RU-R_x_687_y_451_z_666_experiment,pipeline,vsize_+1,,61,92,0.012000000000000002,0,,0
SLICES_CA-RU-R_x_687_y_451_z_666_experiment,pipeline,vsize_+1,,62,36,0.012000000000000002,0,,0
SLICES_CA-RU-R_x_687_y_451_z_666_experiment,pipeline,vsize_+1,,63,955,0.33000000000000007,0,,0
SLICES_CA-RU-R_x_687_y_451_z_666_experiment,pipeline,vsize_+1,,64,1904,0.6240000000000001,0,,0
SLICES_CA-RU-R_x_687_y_451_z_666_experiment,pipeline,vsize_+1,,65,23,0.018000000000000002,0,,0
SLICES_CA-RU-R_x_687_y_451_z_666_experiment,pipeline,vsize_+1,,66,132,0.024000000000000004,0,,0
SLICES_CA-RU-R_x_687_y_451_z_666_experiment,pipeline,vsize_+1,,67,652,0.13200000000000003,0,,0
SLICES_CA-RU-R_x_687_y_451_z_666_experiment,pipeline,vsize_+1,,68,564,0.14400000000000002,0,,0
SLICES_CA-RU-R_x_687_y_451_z_666_experiment,pipeline,vsize_+1,,69,274,0.09000000000000001,0,,0
SLICES_CA-RU-R_x_687_y_451_z_666_experiment,pipeline,vsize_+1,,70,864,0.24000000000000005,0,,0
SLICES_CA-RU-R_x_687_y_451_z_666_experiment,pipeline,vsize_+1,,71,410,0.138,0,,0
SLICES_CA-RU-R_x_687_y_451_z_666_experiment,pipeline,vsize_+1,,72,2087,0.546,0,,0
SLICES_CA-RU-R_x_687_y_451_z_666_experiment,pipeline,vsize_+1,,73,694,0.25800000000000006,0,,0
SLICES_CA-RU-R_x_687_y_451_z_666_experiment,pipeline,vsize_+1,,74,952,0.3360000000000001,0,,0
SLICES_CA-RU-R_x_687_y_451_z_666_experiment,pipeline,vsize_+1,,75,3689,0.9060000000000001,0,,0
SLICES_CA-RU-R_x_687_y_451_z_666_experiment,pipeline,vsize_+1,,76,116,0.024000000000000004,0,,0
SLICES_CA-RU-R_x_687_y_451_z_666_experiment,pipeline,vsize_+1,,77,482,0.15000000000000002,0,,0
SLICES_CA-RU-R_x_687_y_451_z_666_experiment,pipeline,vsize_+1,,78,44,0.0,0,,0
SLICES_CA-RU-R_x_687_y_451_z_666_experiment,pipeline,vsize_+1,,79,60,0.006000000000000001,0,,0
SLICES_CA-RU-R_x_687_y_451_z_666_experiment,pipeline,vsize_+1,,80,1450,0.4680000000000001,0,,0
SLICES_CA-RU-R_x_687_y_451_z_666_experiment,pipeline,vsize_+1,,81,33,0.018000000000000002,0,,0
SLICES_CA-RU-R_x_687_y_451_z_666_experiment,pipeline,vsize_+1,,82,417,0.13200000000000003,162,25,1
SLICES_CA-RU-R_x_687_y_451_z_666_experiment,pipeline,vsize_+1,,83,5509,1.8360000000000003,843,28,1
SLICES_CA-RU-R_x_687_y_451_z_666_experiment,pipeline,vsize_+1,,84,2583,0.7380000000000001,0,,0
SLICES_CA-RU-R_x_687_y_451_z_666_experiment,pipeline,vsize_+1,,85,320,0.07800000000000001,0,,0
SLICES_CA-RU-R_x_687_y_451_z_666_experiment,pipeline,vsize_+1,,86,1431,0.4080000000000001,0,,0
SLICES_CA-RU-R_x_687_y_451_z_666_experiment,pipeline,vsize_+1,,87,1228,0.36600000000000005,0,,0
SLICES_CA-RU-R_x_687_y_451_z_666_experiment,pipeline,vsize_+1,,88,1195,0.37800000000000006,0,,0
SLICES_CA-RU-R_x_687_y_451_z_666_experiment,pipeline,vsize_+1,,89,406,0.07800000000000001,0,,0
SLICES_CA-RU-R_x_687_y_451_z_666_experiment,pipeline,vsize_+1,,90,430,0.11400000000000002,202,27,1
SLICES_CA-RU-R_x_687_y_451_z_666_experiment,pipeline,vsize_+1,,91,3202,0.9600000000000002,0,,0
SLICES_CA-RU-R_x_687_y_451_z_666_experiment,pipeline,vsize_+1,,92,1608,0.54,0,,0
SLICES_CA-RU-R_x_687_y_451_z_666_experiment,pipeline,vsize_+1,,93,2281,0.6960000000000001,618,27;29;31,3
SLICES_CA-RU-R_x_687_y_451_z_666_experiment,pipeline,vsize_+1,,94,27,0.018000000000000002,0,,0
SLICES_CA-RU-R_x_687_y_451_z_666_experiment,pipeline,vsize_+1,,95,27,0.018000000000000002,0,,0
SLICES_CA-RU-R_x_687_y_451_z_666_experiment,pipeline,vsize_+1,,96,2891,0.9540000000000002,604,33;34,2
SLICES_CA-RU-R_x_687_y_451_z_666_experiment,pipeline,vsize_+1,,97,256,0.06600000000000002,0,,0
SLICES_CA-RU-R_x_687_y_451_z_666_experiment,pipeline,vsize_+1,,98,980,0.30000000000000004,0,,0
SLICES_CA-RU-R_x_687_y_451_z_666_experiment,pipeline,vsize_+1,,99,353,0.12600000000000003,0,,0
SLICES_CA-RU-R_x_687_y_451_z_666_experiment,pipeline,vsize_+1,,100,675,0.24000000000000005,0,,0
SLICES_CA-RU-R_x_687_y_451_z_666_experiment,pipeline,vsize_+1,,101,844,0.24600000000000005,104,32,1
SLICES_CA-RU-R_x_687_y_451_z_666_experiment,pipeline,vsize_+1,,102,692,0.24000000000000005,125,30,1
SLICES_CA-RU-R_x_687_y_451_z_666_experiment,pipeline,vsize_+1,,103,231,0.07800000000000001,0,,0
SLICES_CA-RU-R_x_687_y_451_z_666_experiment,pipeline,vsize_+1,,104,188,0.04200000000000001,0,,0
SLICES_CA-RU-R_x_687_y_451_z_666_experiment,pipeline,vsize_+1,,105,27,0.018000000000000002,0,,0
SLICES_CA-RU-R_x_687_y_451_z_666_experiment,pipeline,vsize_+1,,106,2722,0.8820000000000001,0,,0
SLICES_CA-RU-R_x_687_y_451_z_666_experiment,pipeline,vsize_+1,,107,856,0.29400000000000004,0,,0
SLICES_CA-RU-R_x_687_y_451_z_666_experiment,pipeline,vsize_+1,,108,4040,1.3740000000000003,178,35,1
SLICES_CA-RU-R_x_687_y_451_z_666_experiment,pipeline,vsize_+1,,109,24,0.0,0,,0
SLICES_CA-RU-R_x_687_y_451_z_666_experiment,pipeline,vsize_+1,,110,273,0.10200000000000002,0,,0
SLICES_CA-RU-R_x_687_y_451_z_666_experiment,pipeline,vsize_+1,,111,101,0.036000000000000004,0,,0
SLICES_CA-RU-R_x_687_y_451_z_666_experiment,pipeline,vsize_+1,,112,46,0.006000000000000001,0,,0
SLICES_CA-RU-R_x_687_y_451_z_666_experiment,pipeline,vsize_+1,,113,711,0.19800000000000004,0,,0
SLICES_CA-RU-R_x_687_y_451_z_666_experiment,pipeline,vsize_+1,,114,1633,0.5220000000000001,0,,0
SLICES_CA-RU-R_x_687_y_451_z_666_experiment,pipeline,vsize_+1,,115,1553,0.4920000000000001,0,,0
SLICES_CA-RU-R_x_687_y_451_z_666_experiment,pipeline,vsize_+1,,116,441,0.11400000000000002,0,,0
SLICES_CA-RU-R_x_687_y_451_z_666_experiment,pipeline,vsize_+1,,117,242,0.08400000000000002,0,,0
SLICES_CA-RU-R_x_687_y_451_z_666_experiment,pipeline,vsize_+1,,118,818,0.24000000000000005,0,,0
SLICES_CA-RU-R_x_687_y_451_z_666_experiment,pipeline,vsize_+1,,119,27,0.018000000000000002,0,,0
SLICES_CA-RU-R_x_687_y_451_z_666_experiment,pipeline,vsize_+1,,120,27,0.018000000000000002,0,,0
SLICES_CA-RU-R_x_687_y_451_z_666_experiment,pipeline,vsize_+1,,121,706,0.22200000000000003,0,,0
SLICES_CA-RU-R_x_687_y_451_z_666_experiment,pipeline,vsize_+1,,122,859,0.24000000000000005,0,,0
SLICES_CA-RU-R_x_687_y_451_z_666_experiment,pipeline,vsize_+1,,123,566,0.16200000000000003,0,,0
SLICES_CA-RU-R_x_687_y_451_z_666_experiment,pipeline,vsize_+1,,124,747,0.22200000000000003,0,,0
SLICES_CA-RU-R_x_687_y_451_z_666_experiment,pipeline,vsize_+1,,125,1761,0.6600000000000001,297,36,1
SLICES_CA-RU-R_x_687_y_451_z_666_experiment,pipeline,vsize_+1,,126,1842,0.5160000000000001,384,36,1
SLICES_CA-RU-R_x_687_y_451_z_666_experiment,pipeline,vsize_+1,,127,147,0.006000000000000001,0,,0
SLICES_CA-RU-R_x_687_y_451_z_666_experiment,pipeline,vsize_+1,,128,653,0.22800000000000004,0,,0
SLICES_CA-RU-R_x_687_y_451_z_666_experiment,pipeline,vsize_+1,,129,114,0.0,0,,0
SLICES_CA-RU-R_x_687_y_451_z_666_experiment,pipeline,vsize_+1,,130,998,0.31200000000000006,0,,0
SLICES_CA-RU-R_x_687_y_451_z_666_experiment,pipeline,vsize_+1,,131,77,0.006000000000000001,0,,0
SLICES_CA-RU-R_x_687_y_451_z_666_experiment,pipeline,vsize_+1,,132,878,0.28800000000000003,0,,0
SLICES_CA-RU-R_x_687_y_451_z_666_experiment,pipeline,vsize_+1,,133,92,0.018000000000000002,0,,0
SLICES_CA-RU-R_x_687_y_451_z_666_experiment,pipeline,vsize_+1,,134,719,0.21000000000000005,0,,0
SLICES_CA-RU-R_x_687_y_451_z_666_experiment,pipeline,vsize_+1,,135,215,0.036000000000000004,0,,0
SLICES_CA-RU-R_x_687_y_451_z_666_experiment,pipeline,vsize_+1,,136,256,0.06600000000000002,0,,0
SLICES_CA-RU-R_x_687_y_451_z_666_experiment,pipeline,vsize_+1,,137,425,0.138,0,,0
SLICES_CA-RU-R_x_687_y_451_z_666_experiment,pipeline,vsize_+1,,138,237,0.07200000000000001,0,,0
SLICES_CA-RU-R_x_687_y_451_z_666_experiment,pipeline,vsize_+1,,139,159,0.054000000000000006,0,,0
SLICES_CA-RU-R_x_687_y_451_z_666_experiment,pipeline,vsize_+1,,140,407,0.12600000000000003,0,,0
SLICES_CA-RU-R_x_687_y_451_z_666_experiment,pipeline,vsize_+1,,141,169,0.054000000000000006,0,,0
SLICES_CA-RU-R_x_687_y_451_z_666_experiment,pipeline,vsize_+1,,142,20,0.012000000000000002,0,,0
SLICES_CA-RU-R_x_687_y_451_z_666_experiment,pipeline,vsize_+2_std_+1,,1,962,0.25200000000000006,0,,0
SLICES_CA-RU-R_x_687_y_451_z_666_experiment,pipeline,vsize_+2_std_+1,,2,810,0.29400000000000004,0,,0
SLICES_CA-RU-R_x_687_y_451_z_666_experiment,pipeline,vsize_+2_std_+1,,3,5752,1.7640000000000002,849,1;8;9,3
SLICES_CA-RU-R_x_687_y_451_z_666_experiment,pipeline,vsize_+2_std_+1,,4,2165,0.6360000000000001,193,1,1
SLICES_CA-RU-R_x_687_y_451_z_666_experiment,pipeline,vsize_+2_std_+1,,5,116,0.012000000000000002,0,,0
SLICES_CA-RU-R_x_687_y_451_z_666_experiment,pipeline,vsize_+2_std_+1,,6,337,0.10800000000000001,0,,0
SLICES_CA-RU-R_x_687_y_451_z_666_experiment,pipeline,vsize_+2_std_+1,,7,164,0.07200000000000001,0,,0
SLICES_CA-RU-R_x_687_y_451_z_666_experiment,pipeline,vsize_+2_std_+1,,8,692,0.26400000000000007,0,,0
SLICES_CA-RU-R_x_687_y_451_z_666_experiment,pipeline,vsize_+2_std_+1,,9,137,0.054000000000000006,0,,0
SLICES_CA-RU-R_x_687_y_451_z_666_experiment,pipeline,vsize_+2_std_+1,,10,22589,6.612000000000001,2089,12;15;20;23;24;26,6
SLICES_CA-RU-R_x_687_y_451_z_666_experiment,pipeline,vsize_+2_std_+1,,11,389,0.10800000000000001,0,,0
SLICES_CA-RU-R_x_687_y_451_z_666_experiment,pipeline,vsize_+2_std_+1,,12,724,0.23400000000000004,206,4,1
SLICES_CA-RU-R_x_687_y_451_z_666_experiment,pipeline,vsize_+2_std_+1,,13,1145,0.37200000000000005,0,,0
SLICES_CA-RU-R_x_687_y_451_z_666_experiment,pipeline,vsize_+2_std_+1,,14,204,0.054000000000000006,0,,0
SLICES_CA-RU-R_x_687_y_451_z_666_experiment,pipeline,vsize_+2_std_+1,,15,975,0.19200000000000003,0,,0
SLICES_CA-RU-R_x_687_y_451_z_666_experiment,pipeline,vsize_+2_std_+1,,16,2415,0.6960000000000001,1195,2;3,2
SLICES_CA-RU-R_x_687_y_451_z_666_experiment,pipeline,vsize_+2_std_+1,,17,409,0.12600000000000003,0,,0
SLICES_CA-RU-R_x_687_y_451_z_666_experiment,pipeline,vsize_+2_std_+1,,18,884,0.21000000000000005,0,,0
SLICES_CA-RU-R_x_687_y_451_z_666_experiment,pipeline,vsize_+2_std_+1,,19,1383,0.39000000000000007,82,5,1
SLICES_CA-RU-R_x_687_y_451_z_666_experiment,pipeline,vsize_+2_std_+1,,20,4211,1.3740000000000003,0,,0
SLICES_CA-RU-R_x_687_y_451_z_666_experiment,pipeline,vsize_+2_std_+1,,21,281,0.04800000000000001,0,,0
SLICES_CA-RU-R_x_687_y_451_z_666_experiment,pipeline,vsize_+2_std_+1,,22,754,0.15000000000000002,0,,0
SLICES_CA-RU-R_x_687_y_451_z_666_experiment,pipeline,vsize_+2_std_+1,,23,377,0.138,0,,0
SLICES_CA-RU-R_x_687_y_451_z_666_experiment,pipeline,vsize_+2_std_+1,,24,933,0.13200000000000003,0,,0
SLICES_CA-RU-R_x_687_y_451_z_666_experiment,pipeline,vsize_+2_std_+1,,25,1090,0.30600000000000005,189,6;7,2
SLICES_CA-RU-R_x_687_y_451_z_666_experiment,pipeline,vsize_+2_std_+1,,26,574,0.13200000000000003,0,,0
SLICES_CA-RU-R_x_687_y_451_z_666_experiment,pipeline,vsize_+2_std_+1,,27,2371,0.6180000000000001,0,,0
SLICES_CA-RU-R_x_687_y_451_z_666_experiment,pipeline,vsize_+2_std_+1,,28,4459,1.5600000000000003,0,,0
SLICES_CA-RU-R_x_687_y_451_z_666_experiment,pipeline,vsize_+2_std_+1,,29,670,0.26400000000000007,0,,0
SLICES_CA-RU-R_x_687_y_451_z_666_experiment,pipeline,vsize_+2_std_+1,,30,1089,0.3420000000000001,0,,0
SLICES_CA-RU-R_x_687_y_451_z_666_experiment,pipeline,vsize_+2_std_+1,,31,640,0.19800000000000004,0,,0
SLICES_CA-RU-R_x_687_y_451_z_666_experiment,pipeline,vsize_+2_std_+1,,32,204,0.018000000000000002,0,,0
SLICES_CA-RU-R_x_687_y_451_z_666_experiment,pipeline,vsize_+2_std_+1,,33,205,0.04800000000000001,0,,0
SLICES_CA-RU-R_x_687_y_451_z_666_experiment,pipeline,vsize_+2_std_+1,,34,1326,0.42600000000000005,0,,0
SLICES_CA-RU-R_x_687_y_451_z_666_experiment,pipeline,vsize_+2_std_+1,,35,396,0.12000000000000002,0,,0
SLICES_CA-RU-R_x_687_y_451_z_666_experiment,pipeline,vsize_+2_std_+1,,36,503,0.15000000000000002,0,,0
SLICES_CA-RU-R_x_687_y_451_z_666_experiment,pipeline,vsize_+2_std_+1,,37,393,0.138,0,,0
SLICES_CA-RU-R_x_687_y_451_z_666_experiment,pipeline,vsize_+2_std_+1,,38,7980,2.4060000000000006,159,11,1
SLICES_CA-RU-R_x_687_y_451_z_666_experiment,pipeline,vsize_+2_std_+1,,39,3217,1.1640000000000001,0,,0
SLICES_CA-RU-R_x_687_y_451_z_666_experiment,pipeline,vsize_+2_std_+1,,40,543,0.16800000000000004,0,,0
SLICES_CA-RU-R_x_687_y_451_z_666_experiment,pipeline,vsize_+2_std_+1,,41,3127,1.0440000000000003,0,,0
SLICES_CA-RU-R_x_687_y_451_z_666_experiment,pipeline,vsize_+2_std_+1,,42,2043,0.7260000000000001,0,,0
SLICES_CA-RU-R_x_687_y_451_z_666_experiment,pipeline,vsize_+2_std_+1,,43,1285,0.4020000000000001,0,,0
SLICES_CA-RU-R_x_687_y_451_z_666_experiment,pipeline,vsize_+2_std_+1,,44,1143,0.28200000000000003,0,,0
SLICES_CA-RU-R_x_687_y_451_z_666_experiment,pipeline,vsize_+2_std_+1,,45,672,0.22800000000000004,0,,0
SLICES_CA-RU-R_x_687_y_451_z_666_experiment,pipeline,vsize_+2_std_+1,,46,669,0.23400000000000004,0,,0
SLICES_CA-RU-R_x_687_y_451_z_666_experiment,pipeline,vsize_+2_std_+1,,47,117,0.0,0,,0
SLICES_CA-RU-R_x_687_y_451_z_666_experiment,pipeline,vsize_+2_std_+1,,48,342,0.12600000000000003,0,,0
SLICES_CA-RU-R_x_687_y_451_z_666_experiment,pipeline,vsize_+2_std_+1,,49,1201,0.39000000000000007,305,9,1
SLICES_CA-RU-R_x_687_y_451_z_666_experiment,pipeline,vsize_+2_std_+1,,50,33,0.018000000000000002,0,,0
SLICES_CA-RU-R_x_687_y_451_z_666_experiment,pipeline,vsize_+2_std_+1,,51,112,0.036000000000000004,0,,0
SLICES_CA-RU-R_x_687_y_451_z_666_experiment,pipeline,vsize_+2_std_+1,,52,24,0.024000000000000004,0,,0
SLICES_CA-RU-R_x_687_y_451_z_666_experiment,pipeline,vsize_+2_std_+1,,53,952,0.30000000000000004,0,,0
SLICES_CA-RU-R_x_687_y_451_z_666_experiment,pipeline,vsize_+2_std_+1,,54,1146,0.36600000000000005,319,10;18;19,3
SLICES_CA-RU-R_x_687_y_451_z_666_experiment,pipeline,vsize_+2_std_+1,,55,86,0.030000000000000006,0,,0
SLICES_CA-RU-R_x_687_y_451_z_666_experiment,pipeline,vsize_+2_std_+1,,56,1332,0.31800000000000006,0,,0
SLICES_CA-RU-R_x_687_y_451_z_666_experiment,pipeline,vsize_+2_std_+1,,57,763,0.22800000000000004,0,,0
SLICES_CA-RU-R_x_687_y_451_z_666_experiment,pipeline,vsize_+2_std_+1,,58,27,0.018000000000000002,0,,0
SLICES_CA-RU-R_x_687_y_451_z_666_experiment,pipeline,vsize_+2_std_+1,,59,2153,0.5100000000000001,0,,0
SLICES_CA-RU-R_x_687_y_451_z_666_experiment,pipeline,vsize_+2_std_+1,,60,729,0.19200000000000003,0,,0
SLICES_CA-RU-R_x_687_y_451_z_666_experiment,pipeline,vsize_+2_std_+1,,61,1451,0.4620000000000001,0,,0
SLICES_CA-RU-R_x_687_y_451_z_666_experiment,pipeline,vsize_+2_std_+1,,62,2524,0.7200000000000001,0,,0
SLICES_CA-RU-R_x_687_y_451_z_666_experiment,pipeline,vsize_+2_std_+1,,63,1339,0.3420000000000001,0,,0
SLICES_CA-RU-R_x_687_y_451_z_666_experiment,pipeline,vsize_+2_std_+1,,64,3070,0.8340000000000002,0,,0
SLICES_CA-RU-R_x_687_y_451_z_666_experiment,pipeline,vsize_+2_std_+1,,65,455,0.15600000000000003,0,,0
SLICES_CA-RU-R_x_687_y_451_z_666_experiment,pipeline,vsize_+2_std_+1,,66,4163,1.2180000000000002,0,,0
SLICES_CA-RU-R_x_687_y_451_z_666_experiment,pipeline,vsize_+2_std_+1,,67,2989,0.9060000000000001,0,,0
SLICES_CA-RU-R_x_687_y_451_z_666_experiment,pipeline,vsize_+2_std_+1,,68,161,0.04800000000000001,0,,0
SLICES_CA-RU-R_x_687_y_451_z_666_experiment,pipeline,vsize_+2_std_+1,,69,66,0.012000000000000002,0,,0
SLICES_CA-RU-R_x_687_y_451_z_666_experiment,pipeline,vsize_+2_std_+1,,70,180,0.06600000000000002,0,,0
SLICES_CA-RU-R_x_687_y_451_z_666_experiment,pipeline,vsize_+2_std_+1,,71,27,0.018000000000000002,0,,0
SLICES_CA-RU-R_x_687_y_451_z_666_experiment,pipeline,vsize_+2_std_+1,,72,1927,0.5640000000000001,120,14,1
SLICES_CA-RU-R_x_687_y_451_z_666_experiment,pipeline,vsize_+2_std_+1,,73,492,0.15000000000000002,0,,0
SLICES_CA-RU-R_x_687_y_451_z_666_experiment,pipeline,vsize_+2_std_+1,,74,300,0.10200000000000002,0,,0
SLICES_CA-RU-R_x_687_y_451_z_666_experiment,pipeline,vsize_+2_std_+1,,75,1527,0.42600000000000005,0,,0
SLICES_CA-RU-R_x_687_y_451_z_666_experiment,pipeline,vsize_+2_std_+1,,76,54,0.006000000000000001,0,,0
SLICES_CA-RU-R_x_687_y_451_z_666_experiment,pipeline,vsize_+2_std_+1,,77,1257,0.4140000000000001,0,,0
SLICES_CA-RU-R_x_687_y_451_z_666_experiment,pipeline,vsize_+2_std_+1,,78,458,0.15000000000000002,0,,0
SLICES_CA-RU-R_x_687_y_451_z_666_experiment,pipeline,vsize_+2_std_+1,,79,160,0.036000000000000004,0,,0
SLICES_CA-RU-R_x_687_y_451_z_666_experiment,pipeline,vsize_+2_std_+1,,80,371,0.054000000000000006,0,,0
SLICES_CA-RU-R_x_687_y_451_z_666_experiment,pipeline,vsize_+2_std_+1,,81,1267,0.43200000000000005,0,,0
SLICES_CA-RU-R_x_687_y_451_z_666_experiment,pipeline,vsize_+2_std_+1,,82,862,0.23400000000000004,0,,0
SLICES_CA-RU-R_x_687_y_451_z_666_experiment,pipeline,vsize_+2_std_+1,,83,1982,0.6540000000000001,0,,0
SLICES_CA-RU-R_x_687_y_451_z_666_experiment,pipeline,vsize_+2_std_+1,,84,3976,1.2420000000000002,871,21,1
SLICES_CA-RU-R_x_687_y_451_z_666_experiment,pipeline,vsize_+2_std_+1,,85,27,0.018000000000000002,0,,0
SLICES_CA-RU-R_x_687_y_451_z_666_experiment,pipeline,vsize_+2_std_+1,,86,301,0.054000000000000006,0,,0
SLICES_CA-RU-R_x_687_y_451_z_666_experiment,pipeline,vsize_+2_std_+1,,87,5073,1.6260000000000003,96,13,1
SLICES_CA-RU-R_x_687_y_451_z_666_experiment,pipeline,vsize_+2_std_+1,,88,32,0.024000000000000004,0,,0
SLICES_CA-RU-R_x_687_y_451_z_666_experiment,pipeline,vsize_+2_std_+1,,89,317,0.12600000000000003,0,,0
SLICES_CA-RU-R_x_687_y_451_z_666_experiment,pipeline,vsize_+2_std_+1,,90,589,0.22800000000000004,0,,0
SLICES_CA-RU-R_x_687_y_451_z_666_experiment,pipeline,vsize_+2_std_+1,,91,33,0.018000000000000002,0,,0
SLICES_CA-RU-R_x_687_y_451_z_666_experiment,pipeline,vsize_+2_std_+1,,92,703,0.27,0,,0
SLICES_CA-RU-R_x_687_y_451_z_666_experiment,pipeline,vsize_+2_std_+1,,93,392,0.14400000000000002,0,,0
SLICES_CA-RU-R_x_687_y_451_z_666_experiment,pipeline,vsize_+2_std_+1,,94,143,0.04800000000000001,0,,0
SLICES_CA-RU-R_x_687_y_451_z_666_experiment,pipeline,vsize_+2_std_+1,,95,5215,1.7640000000000002,0,,0
SLICES_CA-RU-R_x_687_y_451_z_666_experiment,pipeline,vsize_+2_std_+1,,96,736,0.19200000000000003,233,16,1
SLICES_CA-RU-R_x_687_y_451_z_666_experiment,pipeline,vsize_+2_std_+1,,97,23,0.018000000000000002,0,,0
SLICES_CA-RU-R_x_687_y_451_z_666_experiment,pipeline,vsize_+2_std_+1,,98,198,0.054000000000000006,0,,0
SLICES_CA-RU-R_x_687_y_451_z_666_experiment,pipeline,vsize_+2_std_+1,,99,57,0.006000000000000001,0,,0
SLICES_CA-RU-R_x_687_y_451_z_666_experiment,pipeline,vsize_+2_std_+1,,100,1686,0.5640000000000001,0,,0
SLICES_CA-RU-R_x_687_y_451_z_666_experiment,pipeline,vsize_+2_std_+1,,101,1928,0.6540000000000001,0,,0
SLICES_CA-RU-R_x_687_y_451_z_666_experiment,pipeline,vsize_+2_std_+1,,102,813,0.25800000000000006,0,,0
SLICES_CA-RU-R_x_687_y_451_z_666_experiment,pipeline,vsize_+2_std_+1,,103,452,0.12600000000000003,84,17,1
SLICES_CA-RU-R_x_687_y_451_z_666_experiment,pipeline,vsize_+2_std_+1,,104,1443,0.44400000000000006,0,,0
SLICES_CA-RU-R_x_687_y_451_z_666_experiment,pipeline,vsize_+2_std_+1,,105,627,0.21000000000000005,0,,0
SLICES_CA-RU-R_x_687_y_451_z_666_experiment,pipeline,vsize_+2_std_+1,,106,18,0.006000000000000001,0,,0
SLICES_CA-RU-R_x_687_y_451_z_666_experiment,pipeline,vsize_+2_std_+1,,107,2719,0.9480000000000002,0,,0
SLICES_CA-RU-R_x_687_y_451_z_666_experiment,pipeline,vsize_+2_std_+1,,108,76,0.012000000000000002,0,,0
SLICES_CA-RU-R_x_687_y_451_z_666_experiment,pipeline,vsize_+2_std_+1,,109,515,0.10200000000000002,0,,0
SLICES_CA-RU-R_x_687_y_451_z_666_experiment,pipeline,vsize_+2_std_+1,,110,2397,0.6780000000000002,0,,0
SLICES_CA-RU-R_x_687_y_451_z_666_experiment,pipeline,vsize_+2_std_+1,,111,2684,0.8280000000000002,0,,0
SLICES_CA-RU-R_x_687_y_451_z_666_experiment,pipeline,vsize_+2_std_+1,,112,1367,0.25800000000000006,0,,0
SLICES_CA-RU-R_x_687_y_451_z_666_experiment,pipeline,vsize_+2_std_+1,,113,601,0.22200000000000003,0,,0
SLICES_CA-RU-R_x_687_y_451_z_666_experiment,pipeline,vsize_+2_std_+1,,114,1263,0.4080000000000001,0,,0
SLICES_CA-RU-R_x_687_y_451_z_666_experiment,pipeline,vsize_+2_std_+1,,115,948,0.32400000000000007,0,,0
SLICES_CA-RU-R_x_687_y_451_z_666_experiment,pipeline,vsize_+2_std_+1,,116,844,0.25800000000000006,0,,0
SLICES_CA-RU-R_x_687_y_451_z_666_experiment,pipeline,vsize_+2_std_+1,,117,723,0.24600000000000005,0,,0
SLICES_CA-RU-R_x_687_y_451_z_666_experiment,pipeline,vsize_+2_std_+1,,118,80,0.012000000000000002,0,,0
SLICES_CA-RU-R_x_687_y_451_z_666_experiment,pipeline,vsize_+2_std_+1,,119,465,0.12000000000000002,0,,0
SLICES_CA-RU-R_x_687_y_451_z_666_experiment,pipeline,vsize_+2_std_+1,,120,344,0.10200000000000002,0,,0
SLICES_CA-RU-R_x_687_y_451_z_666_experiment,pipeline,vsize_+2_std_+1,,121,784,0.24600000000000005,0,,0
SLICES_CA-RU-R_x_687_y_451_z_666_experiment,pipeline,vsize_+2_std_+1,,122,237,0.07200000000000001,0,,0
SLICES_CA-RU-R_x_687_y_451_z_666_experiment,pipeline,vsize_+2_std_+1,,123,40,0.018000000000000002,0,,0
SLICES_CA-RU-R_x_687_y_451_z_666_experiment,pipeline,vsize_+2_std_+1,,124,51,0.018000000000000002,0,,0
SLICES_CA-RU-R_x_687_y_451_z_666_experiment,pipeline,vsize_+2_std_+1,,125,1746,0.5820000000000001,0,,0
SLICES_CA-RU-R_x_687_y_451_z_666_experiment,pipeline,vsize_+2_std_+1,,126,324,0.09600000000000002,0,,0
SLICES_CA-RU-R_x_687_y_451_z_666_experiment,pipeline,vsize_+2_std_+1,,127,1219,0.3960000000000001,0,,0
SLICES_CA-RU-R_x_687_y_451_z_666_experiment,pipeline,vsize_+2_std_+1,,128,172,0.030000000000000006,0,,0
SLICES_CA-RU-R_x_687_y_451_z_666_experiment,pipeline,vsize_+2_std_+1,,129,4203,0.5820000000000001,0,,0
SLICES_CA-RU-R_x_687_y_451_z_666_experiment,pipeline,vsize_+2_std_+1,,130,254,0.054000000000000006,0,,0
SLICES_CA-RU-R_x_687_y_451_z_666_experiment,pipeline,vsize_+2_std_+1,,131,1613,0.546,0,,0
SLICES_CA-RU-R_x_687_y_451_z_666_experiment,pipeline,vsize_+2_std_+1,,132,5019,1.2660000000000002,0,,0
SLICES_CA-RU-R_x_687_y_451_z_666_experiment,pipeline,vsize_+2_std_+1,,133,718,0.21600000000000003,0,,0
SLICES_CA-RU-R_x_687_y_451_z_666_experiment,pipeline,vsize_+2_std_+1,,134,1517,0.4860000000000001,0,,0
SLICES_CA-RU-R_x_687_y_451_z_666_experiment,pipeline,vsize_+2_std_+1,,135,269,0.09000000000000001,0,,0
SLICES_CA-RU-R_x_687_y_451_z_666_experiment,pipeline,vsize_+2_std_+1,,136,42,0.006000000000000001,0,,0
SLICES_CA-RU-R_x_687_y_451_z_666_experiment,pipeline,vsize_+2_std_+1,,137,1021,0.30600000000000005,0,,0
SLICES_CA-RU-R_x_687_y_451_z_666_experiment,pipeline,vsize_+2_std_+1,,138,2618,0.9600000000000002,0,,0
SLICES_CA-RU-R_x_687_y_451_z_666_experiment,pipeline,vsize_+2_std_+1,,139,474,0.14400000000000002,0,,0
SLICES_CA-RU-R_x_687_y_451_z_666_experiment,pipeline,vsize_+2_std_+1,,140,2344,0.7560000000000001,0,,0
SLICES_CA-RU-R_x_687_y_451_z_666_experiment,pipeline,vsize_+2_std_+1,,141,57,0.012000000000000002,0,,0
SLICES_CA-RU-R_x_687_y_451_z_666_experiment,pipeline,vsize_+2_std_+1,,142,824,0.24600000000000005,0,,0
SLICES_CA-RU-R_x_687_y_451_z_666_experiment,pipeline,vsize_+2_std_+1,,143,685,0.19800000000000004,0,,0
SLICES_CA-RU-R_x_687_y_451_z_666_experiment,pipeline,vsize_+2_std_+1,,144,2070,0.5640000000000001,0,,0
SLICES_CA-RU-R_x_687_y_451_z_666_experiment,pipeline,vsize_+2_std_+1,,145,1066,0.33000000000000007,0,,0
SLICES_CA-RU-R_x_687_y_451_z_666_experiment,pipeline,vsize_+2_std_+1,,146,569,0.16200000000000003,0,,0
SLICES_CA-RU-R_x_687_y_451_z_666_experiment,pipeline,vsize_+2_std_+1,,147,485,0.10200000000000002,0,,0
SLICES_CA-RU-R_x_687_y_451_z_666_experiment,pipeline,vsize_+2_std_+1,,148,9523,2.9880000000000004,660,28,1
SLICES_CA-RU-R_x_687_y_451_z_666_experiment,pipeline,vsize_+2_std_+1,,149,522,0.18600000000000003,0,,0
SLICES_CA-RU-R_x_687_y_451_z_666_experiment,pipeline,vsize_+2_std_+1,,150,5132,1.6620000000000004,0,,0
SLICES_CA-RU-R_x_687_y_451_z_666_experiment,pipeline,vsize_+2_std_+1,,151,227,0.07200000000000001,0,,0
SLICES_CA-RU-R_x_687_y_451_z_666_experiment,pipeline,vsize_+2_std_+1,,152,1430,0.5040000000000001,0,,0
SLICES_CA-RU-R_x_687_y_451_z_666_experiment,pipeline,vsize_+2_std_+1,,153,565,0.15600000000000003,159,25,1
SLICES_CA-RU-R_x_687_y_451_z_666_experiment,pipeline,vsize_+2_std_+1,,154,60,0.012000000000000002,0,,0
SLICES_CA-RU-R_x_687_y_451_z_666_experiment,pipeline,vsize_+2_std_+1,,155,1280,0.3960000000000001,0,,0
SLICES_CA-RU-R_x_687_y_451_z_666_experiment,pipeline,vsize_+2_std_+1,,156,186,0.04200000000000001,0,,0
SLICES_CA-RU-R_x_687_y_451_z_666_experiment,pipeline,vsize_+2_std_+1,,157,72,0.012000000000000002,0,,0
SLICES_CA-RU-R_x_687_y_451_z_666_experiment,pipeline,vsize_+2_std_+1,,158,1047,0.24600000000000005,462,27,1
SLICES_CA-RU-R_x_687_y_451_z_666_experiment,pipeline,vsize_+2_std_+1,,159,2496,0.7140000000000001,0,,0
SLICES_CA-RU-R_x_687_y_451_z_666_experiment,pipeline,vsize_+2_std_+1,,160,1106,0.30600000000000005,0,,0
SLICES_CA-RU-R_x_687_y_451_z_666_experiment,pipeline,vsize_+2_std_+1,,161,658,0.21000000000000005,0,,0
SLICES_CA-RU-R_x_687_y_451_z_666_experiment,pipeline,vsize_+2_std_+1,,162,364,0.12000000000000002,0,,0
SLICES_CA-RU-R_x_687_y_451_z_666_experiment,pipeline,vsize_+2_std_+1,,163,4546,1.08,636,33;34,2
SLICES_CA-RU-R_x_687_y_451_z_666_experiment,pipeline,vsize_+2_std_+1,,164,3427,1.0260000000000002,176,28,1
SLICES_CA-RU-R_x_687_y_451_z_666_experiment,pipeline,vsize_+2_std_+1,,165,1223,0.3420000000000001,0,,0
SLICES_CA-RU-R_x_687_y_451_z_666_experiment,pipeline,vsize_+2_std_+1,,166,1002,0.31200000000000006,0,,0
SLICES_CA-RU-R_x_687_y_451_z_666_experiment,pipeline,vsize_+2_std_+1,,167,289,0.10200000000000002,87,29,1
SLICES_CA-RU-R_x_687_y_451_z_666_experiment,pipeline,vsize_+2_std_+1,,168,766,0.21600000000000003,0,,0
SLICES_CA-RU-R_x_687_y_451_z_666_experiment,pipeline,vsize_+2_std_+1,,169,151,0.012000000000000002,0,,0
SLICES_CA-RU-R_x_687_y_451_z_666_experiment,pipeline,vsize_+2_std_+1,,170,27,0.018000000000000002,0,,0
SLICES_CA-RU-R_x_687_y_451_z_666_experiment,pipeline,vsize_+2_std_+1,,171,1430,0.4800000000000001,0,,0
SLICES_CA-RU-R_x_687_y_451_z_666_experiment,pipeline,vsize_+2_std_+1,,172,854,0.25800000000000006,108,32,1
SLICES_CA-RU-R_x_687_y_451_z_666_experiment,pipeline,vsize_+2_std_+1,,173,1473,0.4620000000000001,0,,0
SLICES_CA-RU-R_x_687_y_451_z_666_experiment,pipeline,vsize_+2_std_+1,,174,222,0.07800000000000001,0,,0
SLICES_CA-RU-R_x_687_y_451_z_666_experiment,pipeline,vsize_+2_std_+1,,175,1607,0.546,337,29;31,2
SLICES_CA-RU-R_x_687_y_451_z_666_experiment,pipeline,vsize_+2_std_+1,,176,516,0.138,0,,0
SLICES_CA-RU-R_x_687_y_451_z_666_experiment,pipeline,vsize_+2_std_+1,,177,652,0.19800000000000004,133,30,1
SLICES_CA-RU-R_x_687_y_451_z_666_experiment,pipeline,vsize_+2_std_+1,,178,68,0.012000000000000002,0,,0
SLICES_CA-RU-R_x_687_y_451_z_666_experiment,pipeline,vsize_+2_std_+1,,179,3636,1.1460000000000001,0,,0
SLICES_CA-RU-R_x_687_y_451_z_666_experiment,pipeline,vsize_+2_std_+1,,180,412,0.09000000000000001,0,,0
SLICES_CA-RU-R_x_687_y_451_z_666_experiment,pipeline,vsize_+2_std_+1,,181,869,0.24000000000000005,0,,0
SLICES_CA-RU-R_x_687_y_451_z_666_experiment,pipeline,vsize_+2_std_+1,,182,1143,0.39000000000000007,0,,0
SLICES_CA-RU-R_x_687_y_451_z_666_experiment,pipeline,vsize_+2_std_+1,,183,2718,0.8880000000000001,0,,0
SLICES_CA-RU-R_x_687_y_451_z_666_experiment,pipeline,vsize_+2_std_+1,,184,1334,0.25200000000000006,0,,0
SLICES_CA-RU-R_x_687_y_451_z_666_experiment,pipeline,vsize_+2_std_+1,,185,1021,0.37800000000000006,0,,0
SLICES_CA-RU-R_x_687_y_451_z_666_experiment,pipeline,vsize_+2_std_+1,,186,832,0.27,0,,0
SLICES_CA-RU-R_x_687_y_451_z_666_experiment,pipeline,vsize_+2_std_+1,,187,1205,0.37200000000000005,0,,0
SLICES_CA-RU-R_x_687_y_451_z_666_experiment,pipeline,vsize_+2_std_+1,,188,110,0.036000000000000004,0,,0
SLICES_CA-RU-R_x_687_y_451_z_666_experiment,pipeline,vsize_+2_std_+1,,189,14,0.006000000000000001,0,,0
SLICES_CA-RU-R_x_687_y_451_z_666_experiment,pipeline,vsize_+2_std_+1,,190,1385,0.44400000000000006,0,,0
SLICES_CA-RU-R_x_687_y_451_z_666_experiment,pipeline,vsize_+2_std_+1,,191,856,0.30600000000000005,0,,0
SLICES_CA-RU-R_x_687_y_451_z_666_experiment,pipeline,vsize_+2_std_+1,,192,36,0.012000000000000002,0,,0
SLICES_CA-RU-R_x_687_y_451_z_666_experiment,pipeline,vsize_+2_std_+1,,193,1257,0.35400000000000004,0,,0
SLICES_CA-RU-R_x_687_y_451_z_666_experiment,pipeline,vsize_+2_std_+1,,194,256,0.07800000000000001,0,,0
SLICES_CA-RU-R_x_687_y_451_z_666_experiment,pipeline,vsize_+2_std_+1,,195,253,0.09000000000000001,0,,0
SLICES_CA-RU-R_x_687_y_451_z_666_experiment,pipeline,vsize_+2_std_+1,,196,1236,0.3960000000000001,0,,0
SLICES_CA-RU-R_x_687_y_451_z_666_experiment,pipeline,vsize_+2_std_+1,,197,296,0.10200000000000002,0,,0
SLICES_CA-RU-R_x_687_y_451_z_666_experiment,pipeline,vsize_+2_std_+1,,198,162,0.07200000000000001,0,,0
SLICES_CA-RU-R_x_687_y_451_z_666_experiment,pipeline,vsize_+2_std_+1,,199,274,0.07200000000000001,0,,0
SLICES_CA-RU-R_x_687_y_451_z_666_experiment,pipeline,vsize_+2_std_+1,,200,337,0.10200000000000002,0,,0
SLICES_CA-RU-R_x_687_y_451_z_666_experiment,pipeline,vsize_+2_std_+1,,201,337,0.12000000000000002,0,,0
SLICES_CA-RU-R_x_687_y_451_z_666_experiment,pipeline,vsize_+2_std_+1,,202,1041,0.37200000000000005,184,35,1
SLICES_CA-RU-R_x_687_y_451_z_666_experiment,pipeline,vsize_+2_std_+1,,203,1054,0.21600000000000003,0,,0
SLICES_CA-RU-R_x_687_y_451_z_666_experiment,pipeline,vsize_+2_std_+1,,204,245,0.07200000000000001,0,,0
SLICES_CA-RU-R_x_687_y_451_z_666_experiment,pipeline,vsize_+2_std_+1,,205,385,0.07800000000000001,0,,0
SLICES_CA-RU-R_x_687_y_451_z_666_experiment,pipeline,vsize_+2_std_+1,,206,256,0.06600000000000002,0,,0
SLICES_CA-RU-R_x_687_y_451_z_666_experiment,pipeline,vsize_+2_std_+1,,207,919,0.25800000000000006,0,,0
SLICES_CA-RU-R_x_687_y_451_z_666_experiment,pipeline,vsize_+2_std_+1,,208,753,0.22800000000000004,0,,0
SLICES_CA-RU-R_x_687_y_451_z_666_experiment,pipeline,vsize_+2_std_+1,,209,570,0.19800000000000004,0,,0
SLICES_CA-RU-R_x_687_y_451_z_666_experiment,pipeline,vsize_+2_std_+1,,210,155,0.018000000000000002,0,,0
SLICES_CA-RU-R_x_687_y_451_z_666_experiment,pipeline,vsize_+2_std_+1,,211,1426,0.29400000000000004,399,36,1
SLICES_CA-RU-R_x_687_y_451_z_666_experiment,pipeline,vsize_+2_std_+1,,212,1095,0.25200000000000006,0,,0
SLICES_CA-RU-R_x_687_y_451_z_666_experiment,pipeline,vsize_+2_std_+1,,213,297,0.07800000000000001,0,,0
SLICES_CA-RU-R_x_687_y_451_z_666_experiment,pipeline,vsize_+2_std_+1,,214,433,0.138,0,,0
SLICES_CA-RU-R_x_687_y_451_z_666_experiment,pipeline,vsize_+2_std_+1,,215,2183,0.6240000000000001,0,,0
SLICES_CA-RU-R_x_687_y_451_z_666_experiment,pipeline,vsize_+2_std_+1,,216,452,0.10800000000000001,0,,0
SLICES_CA-RU-R_x_687_y_451_z_666_experiment,pipeline,vsize_+2_std_+1,,217,625,0.22200000000000003,0,,0
SLICES_CA-RU-R_x_687_y_451_z_666_experiment,pipeline,vsize_+2_std_+1,,218,871,0.28200000000000003,0,,0
SLICES_CA-RU-R_x_687_y_451_z_666_experiment,pipeline,vsize_+2_std_+1,,219,1774,0.5340000000000001,0,,0
SLICES_CA-RU-R_x_687_y_451_z_666_experiment,pipeline,vsize_+2_std_+1,,220,361,0.13200000000000003,0,,0
SLICES_CA-RU-R_x_687_y_451_z_666_experiment,pipeline,vsize_+2_std_+1,,221,705,0.20400000000000004,0,,0
SLICES_CA-RU-R_x_687_y_451_z_666_experiment,pipeline,vsize_+2_std_+1,,222,976,0.33000000000000007,0,,0
SLICES_CA-RU-R_x_687_y_451_z_666_experiment,pipeline,vsize_+2_std_+1,,223,1489,0.54,309,36,1
SLICES_CA-RU-R_x_687_y_451_z_666_experiment,pipeline,vsize_+2_std_+1,,224,459,0.17400000000000002,0,,0
SLICES_CA-RU-R_x_687_y_451_z_666_experiment,pipeline,vsize_+2_std_+1,,225,1014,0.27,0,,0
SLICES_CA-RU-R_x_687_y_451_z_666_experiment,pipeline,vsize_+2_std_+1,,226,289,0.07200000000000001,0,,0
SLICES_CA-RU-R_x_687_y_451_z_666_experiment,pipeline,vsize_+2_std_+1,,227,293,0.06600000000000002,0,,0
SLICES_CA-RU-R_x_687_y_451_z_666_experiment,pipeline,vsize_+2_std_+1,,228,455,0.11400000000000002,0,,0
SLICES_CA-RU-R_x_687_y_451_z_666_experiment,pipeline,vsize_+2_std_+1,,229,440,0.12600000000000003,0,,0
SLICES_CA-RU-R_x_687_y_451_z_666_experiment,pipeline,vsize_+2_std_+1,,230,700,0.19200000000000003,0,,0
SLICES_CA-RU-R_x_687_y_451_z_666_experiment,pipeline,vsize_+2_std_+1,,231,148,0.04200000000000001,0,,0
SLICES_CA-RU-R_x_687_y_451_z_666_experiment,pipeline,vsize_+2_std_+1,,232,204,0.07200000000000001,0,,0
SLICES_CA-RU-R_x_687_y_451_z_666_experiment,pipeline,vsize_+2_std_+1,,233,203,0.054000000000000006,0,,0
SLICES_CA-RU-R_x_687_y_451_z_666_experiment,pipeline,vsize_+2_std_+1,,234,207,0.054000000000000006,0,,0
SLICES_CA-RU-R_x_687_y_451_z_666_experiment,pipeline,vsize_+2_std_+1,,235,187,0.06600000000000002,0,,0
SLICES_CA-RU-R_x_687_y_451_z_666_experiment,pipeline,vsize_+2_std_+1,,236,27,0.018000000000000002,0,,0
SLICES_CA-RU-R_x_687_y_451_z_666_experiment,pipeline,vsize_+2_std_+1,,237,298,0.12600000000000003,0,,0
SLICES_CA-RU-R_x_687_y_451_z_666_experiment,pipeline,vsize_+2_std_+1,,238,23,0.012000000000000002,0,,0
SLICES_CA-RU-R_x_687_y_451_z_666_experiment,pipeline,vsize_+2_std_+1,,239,14,0.012000000000000002,0,,0
SLICES_CA-RU-R_x_687_y_451_z_666_experiment,pipeline,vsize_+4_std_+3,,1,83,0.04200000000000001,0,,0
SLICES_CA-RU-R_x_687_y_451_z_666_experiment,pipeline,vsize_+4_std_+3,,2,778,0.28800000000000003,0,,0
SLICES_CA-RU-R_x_687_y_451_z_666_experiment,pipeline,vsize_+4_std_+3,,3,298,0.07200000000000001,0,,0
SLICES_CA-RU-R_x_687_y_451_z_666_experiment,pipeline,vsize_+4_std_+3,,4,6648,1.4940000000000002,1051,1;8;9,3
SLICES_CA-RU-R_x_687_y_451_z_666_experiment,pipeline,vsize_+4_std_+3,,5,144,0.012000000000000002,0,,0
SLICES_CA-RU-R_x_687_y_451_z_666_experiment,pipeline,vsize_+4_std_+3,,6,150,0.054000000000000006,0,,0
SLICES_CA-RU-R_x_687_y_451_z_666_experiment,pipeline,vsize_+4_std_+3,,7,376,0.11400000000000002,0,,0
SLICES_CA-RU-R_x_687_y_451_z_666_experiment,pipeline,vsize_+4_std_+3,,8,447,0.16800000000000004,0,,0
SLICES_CA-RU-R_x_687_y_451_z_666_experiment,pipeline,vsize_+4_std_+3,,9,1857,0.5280000000000001,214,4,1
SLICES_CA-RU-R_x_687_y_451_z_666_experiment,pipeline,vsize_+4_std_+3,,10,4494,1.1760000000000002,1457,2;3,2
SLICES_CA-RU-R_x_687_y_451_z_666_experiment,pipeline,vsize_+4_std_+3,,11,355,0.10800000000000001,0,,0
SLICES_CA-RU-R_x_687_y_451_z_666_experiment,pipeline,vsize_+4_std_+3,,12,8187,1.4460000000000002,0,,0
SLICES_CA-RU-R_x_687_y_451_z_666_experiment,pipeline,vsize_+4_std_+3,,13,507,0.18000000000000002,0,,0
SLICES_CA-RU-R_x_687_y_451_z_666_experiment,pipeline,vsize_+4_std_+3,,14,961,0.28800000000000003,0,,0
SLICES_CA-RU-R_x_687_y_451_z_666_experiment,pipeline,vsize_+4_std_+3,,15,360,0.12600000000000003,0,,0
SLICES_CA-RU-R_x_687_y_451_z_666_experiment,pipeline,vsize_+4_std_+3,,16,1505,0.4200000000000001,0,,0
SLICES_CA-RU-R_x_687_y_451_z_666_experiment,pipeline,vsize_+4_std_+3,,17,1584,0.4680000000000001,0,,0
SLICES_CA-RU-R_x_687_y_451_z_666_experiment,pipeline,vsize_+4_std_+3,,18,5026,1.2420000000000002,0,,0
SLICES_CA-RU-R_x_687_y_451_z_666_experiment,pipeline,vsize_+4_std_+3,,19,1410,0.4680000000000001,0,,0
SLICES_CA-RU-R_x_687_y_451_z_666_experiment,pipeline,vsize_+4_std_+3,,20,758,0.28200000000000003,95,5,1
SLICES_CA-RU-R_x_687_y_451_z_666_experiment,pipeline,vsize_+4_std_+3,,21,2825,0.7620000000000001,0,,0
SLICES_CA-RU-R_x_687_y_451_z_666_experiment,pipeline,vsize_+4_std_+3,,22,884,0.28800000000000003,139,6;7,2
SLICES_CA-RU-R_x_687_y_451_z_666_experiment,pipeline,vsize_+4_std_+3,,23,322,0.08400000000000002,0,,0
SLICES_CA-RU-R_x_687_y_451_z_666_experiment,pipeline,vsize_+4_std_+3,,24,1985,0.4680000000000001,0,,0
SLICES_CA-RU-R_x_687_y_451_z_666_experiment,pipeline,vsize_+4_std_+3,,25,586,0.18000000000000002,0,,0
SLICES_CA-RU-R_x_687_y_451_z_666_experiment,pipeline,vsize_+4_std_+3,,26,2397,0.6180000000000001,0,,0
SLICES_CA-RU-R_x_687_y_451_z_666_experiment,pipeline,vsize_+4_std_+3,,27,233,0.06000000000000001,0,,0
SLICES_CA-RU-R_x_687_y_451_z_666_experiment,pipeline,vsize_+4_std_+3,,28,481,0.15000000000000002,0,,0
SLICES_CA-RU-R_x_687_y_451_z_666_experiment,pipeline,vsize_+4_std_+3,,29,268,0.07200000000000001,0,,0
SLICES_CA-RU-R_x_687_y_451_z_666_experiment,pipeline,vsize_+4_std_+3,,30,1412,0.5100000000000001,160,11,1
SLICES_CA-RU-R_x_687_y_451_z_666_experiment,pipeline,vsize_+4_std_+3,,31,1941,0.6540000000000001,0,,0
SLICES_CA-RU-R_x_687_y_451_z_666_experiment,pipeline,vsize_+4_std_+3,,32,84,0.012000000000000002,0,,0
SLICES_CA-RU-R_x_687_y_451_z_666_experiment,pipeline,vsize_+4_std_+3,,33,3932,1.1340000000000001,0,,0
SLICES_CA-RU-R_x_687_y_451_z_666_experiment,pipeline,vsize_+4_std_+3,,34,4789,0.9000000000000001,0,,0
SLICES_CA-RU-R_x_687_y_451_z_666_experiment,pipeline,vsize_+4_std_+3,,35,566,0.17400000000000002,0,,0
SLICES_CA-RU-R_x_687_y_451_z_666_experiment,pipeline,vsize_+4_std_+3,,36,298,0.09000000000000001,0,,0
SLICES_CA-RU-R_x_687_y_451_z_666_experiment,pipeline,vsize_+4_std_+3,,37,381,0.16800000000000004,0,,0
SLICES_CA-RU-R_x_687_y_451_z_666_experiment,pipeline,vsize_+4_std_+3,,38,877,0.31800000000000006,0,,0
SLICES_CA-RU-R_x_687_y_451_z_666_experiment,pipeline,vsize_+4_std_+3,,39,11827,3.0660000000000007,1635,12;20;23;24;26,5
SLICES_CA-RU-R_x_687_y_451_z_666_experiment,pipeline,vsize_+4_std_+3,,40,6052,1.0560000000000003,0,,0
SLICES_CA-RU-R_x_687_y_451_z_666_experiment,pipeline,vsize_+4_std_+3,,41,1665,0.558,0,,0
SLICES_CA-RU-R_x_687_y_451_z_666_experiment,pipeline,vsize_+4_std_+3,,42,4933,0.9120000000000001,0,,0
SLICES_CA-RU-R_x_687_y_451_z_666_experiment,pipeline,vsize_+4_std_+3,,43,3641,0.5940000000000001,0,,0
SLICES_CA-RU-R_x_687_y_451_z_666_experiment,pipeline,vsize_+4_std_+3,,44,9122,2.0340000000000003,0,,0
SLICES_CA-RU-R_x_687_y_451_z_666_experiment,pipeline,vsize_+4_std_+3,,45,57,0.0,0,,0
SLICES_CA-RU-R_x_687_y_451_z_666_experiment,pipeline,vsize_+4_std_+3,,46,1308,0.3420000000000001,0,,0
SLICES_CA-RU-R_x_687_y_451_z_666_experiment,pipeline,vsize_+4_std_+3,,47,492,0.13200000000000003,0,,0
SLICES_CA-RU-R_x_687_y_451_z_666_experiment,pipeline,vsize_+4_std_+3,,48,855,0.27,0,,0
SLICES_CA-RU-R_x_687_y_451_z_666_experiment,pipeline,vsize_+4_std_+3,,49,68,0.012000000000000002,0,,0
SLICES_CA-RU-R_x_687_y_451_z_666_experiment,pipeline,vsize_+4_std_+3,,50,36,0.018000000000000002,0,,0
SLICES_CA-RU-R_x_687_y_451_z_666_experiment,pipeline,vsize_+4_std_+3,,51,68,0.006000000000000001,0,,0
SLICES_CA-RU-R_x_687_y_451_z_666_experiment,pipeline,vsize_+4_std_+3,,52,698,0.21600000000000003,0,,0
SLICES_CA-RU-R_x_687_y_451_z_666_experiment,pipeline,vsize_+4_std_+3,,53,19,0.012000000000000002,0,,0
SLICES_CA-RU-R_x_687_y_451_z_666_experiment,pipeline,vsize_+4_std_+3,,54,420,0.13200000000000003,0,,0
SLICES_CA-RU-R_x_687_y_451_z_666_experiment,pipeline,vsize_+4_std_+3,,55,1211,0.36600000000000005,326,9,1
SLICES_CA-RU-R_x_687_y_451_z_666_experiment,pipeline,vsize_+4_std_+3,,56,492,0.10200000000000002,0,,0
SLICES_CA-RU-R_x_687_y_451_z_666_experiment,pipeline,vsize_+4_std_+3,,57,74,0.006000000000000001,0,,0
SLICES_CA-RU-R_x_687_y_451_z_666_experiment,pipeline,vsize_+4_std_+3,,58,702,0.24000000000000005,0,,0
SLICES_CA-RU-R_x_687_y_451_z_666_experiment,pipeline,vsize_+4_std_+3,,59,1004,0.30000000000000004,0,,0
SLICES_CA-RU-R_x_687_y_451_z_666_experiment,pipeline,vsize_+4_std_+3,,60,1611,0.4080000000000001,0,,0
SLICES_CA-RU-R_x_687_y_451_z_666_experiment,pipeline,vsize_+4_std_+3,,61,1354,0.43200000000000005,0,,0
SLICES_CA-RU-R_x_687_y_451_z_666_experiment,pipeline,vsize_+4_std_+3,,62,497,0.006000000000000001,0,,0
SLICES_CA-RU-R_x_687_y_451_z_666_experiment,pipeline,vsize_+4_std_+3,,63,4559,1.3560000000000003,382,10;18;19,3
SLICES_CA-RU-R_x_687_y_451_z_666_experiment,pipeline,vsize_+4_std_+3,,64,462,0.04200000000000001,0,,0
SLICES_CA-RU-R_x_687_y_451_z_666_experiment,pipeline,vsize_+4_std_+3,,65,33,0.018000000000000002,0,,0
SLICES_CA-RU-R_x_687_y_451_z_666_experiment,pipeline,vsize_+4_std_+3,,66,1728,0.54,0,,0
SLICES_CA-RU-R_x_687_y_451_z_666_experiment,pipeline,vsize_+4_std_+3,,67,229,0.10200000000000002,0,,0
SLICES_CA-RU-R_x_687_y_451_z_666_experiment,pipeline,vsize_+4_std_+3,,68,467,0.13200000000000003,0,,0
SLICES_CA-RU-R_x_687_y_451_z_666_experiment,pipeline,vsize_+4_std_+3,,69,993,0.27,0,,0
SLICES_CA-RU-R_x_687_y_451_z_666_experiment,pipeline,vsize_+4_std_+3,,70,5262,0.4920000000000001,0,,0
SLICES_CA-RU-R_x_687_y_451_z_666_experiment,pipeline,vsize_+4_std_+3,,71,1105,0.29400000000000004,0,,0
SLICES_CA-RU-R_x_687_y_451_z_666_experiment,pipeline,vsize_+4_std_+3,,72,883,0.32400000000000007,0,,0
SLICES_CA-RU-R_x_687_y_451_z_666_experiment,pipeline,vsize_+4_std_+3,,73,1228,0.37800000000000006,0,,0
SLICES_CA-RU-R_x_687_y_451_z_666_experiment,pipeline,vsize_+4_std_+3,,74,529,0.21600000000000003,0,,0
SLICES_CA-RU-R_x_687_y_451_z_666_experiment,pipeline,vsize_+4_std_+3,,75,429,0.16200000000000003,0,,0
SLICES_CA-RU-R_x_687_y_451_z_666_experiment,pipeline,vsize_+4_std_+3,,76,2556,0.7140000000000001,0,,0
SLICES_CA-RU-R_x_687_y_451_z_666_experiment,pipeline,vsize_+4_std_+3,,77,453,0.17400000000000002,0,,0
SLICES_CA-RU-R_x_687_y_451_z_666_experiment,pipeline,vsize_+4_std_+3,,78,1473,0.31800000000000006,116,14,1
SLICES_CA-RU-R_x_687_y_451_z_666_experiment,pipeline,vsize_+4_std_+3,,79,311,0.09600000000000002,0,,0
SLICES_CA-RU-R_x_687_y_451_z_666_experiment,pipeline,vsize_+4_std_+3,,80,270,0.04800000000000001,0,,0
SLICES_CA-RU-R_x_687_y_451_z_666_experiment,pipeline,vsize_+4_std_+3,,81,18821,4.800000000000001,563,15;16,2
SLICES_CA-RU-R_x_687_y_451_z_666_experiment,pipeline,vsize_+4_std_+3,,82,688,0.16800000000000004,0,,0
SLICES_CA-RU-R_x_687_y_451_z_666_experiment,pipeline,vsize_+4_std_+3,,83,455,0.054000000000000006,0,,0
SLICES_CA-RU-R_x_687_y_451_z_666_experiment,pipeline,vsize_+4_std_+3,,84,640,0.21000000000000005,0,,0
SLICES_CA-RU-R_x_687_y_451_z_666_experiment,pipeline,vsize_+4_std_+3,,85,768,0.12000000000000002,0,,0
SLICES_CA-RU-R_x_687_y_451_z_666_experiment,pipeline,vsize_+4_std_+3,,86,219,0.10800000000000001,0,,0
SLICES_CA-RU-R_x_687_y_451_z_666_experiment,pipeline,vsize_+4_std_+3,,87,2671,0.7440000000000001,848,21,1
SLICES_CA-RU-R_x_687_y_451_z_666_experiment,pipeline,vsize_+4_std_+3,,88,1873,0.5340000000000001,0,,0
SLICES_CA-RU-R_x_687_y_451_z_666_experiment,pipeline,vsize_+4_std_+3,,89,459,0.13200000000000003,0,,0
SLICES_CA-RU-R_x_687_y_451_z_666_experiment,pipeline,vsize_+4_std_+3,,90,83,0.018000000000000002,0,,0
SLICES_CA-RU-R_x_687_y_451_z_666_experiment,pipeline,vsize_+4_std_+3,,91,18,0.018000000000000002,0,,0
SLICES_CA-RU-R_x_687_y_451_z_666_experiment,pipeline,vsize_+4_std_+3,,92,1654,0.4980000000000001,135,13,1
SLICES_CA-RU-R_x_687_y_451_z_666_experiment,pipeline,vsize_+4_std_+3,,93,298,0.07200000000000001,0,,0
SLICES_CA-RU-R_x_687_y_451_z_666_experiment,pipeline,vsize_+4_std_+3,,94,325,0.10200000000000002,0,,0
SLICES_CA-RU-R_x_687_y_451_z_666_experiment,pipeline,vsize_+4_std_+3,,95,816,0.22200000000000003,0,,0
SLICES_CA-RU-R_x_687_y_451_z_666_experiment,pipeline,vsize_+4_std_+3,,96,307,0.07800000000000001,0,,0
SLICES_CA-RU-R_x_687_y_451_z_666_experiment,pipeline,vsize_+4_std_+3,,97,32,0.018000000000000002,0,,0
SLICES_CA-RU-R_x_687_y_451_z_666_experiment,pipeline,vsize_+4_std_+3,,98,95,0.0,0,,0
SLICES_CA-RU-R_x_687_y_451_z_666_experiment,pipeline,vsize_+4_std_+3,,99,768,0.24000000000000005,0,,0
SLICES_CA-RU-R_x_687_y_451_z_666_experiment,pipeline,vsize_+4_std_+3,,100,363,0.13200000000000003,0,,0
SLICES_CA-RU-R_x_687_y_451_z_666_experiment,pipeline,vsize_+4_std_+3,,101,432,0.138,0,,0
SLICES_CA-RU-R_x_687_y_451_z_666_experiment,pipeline,vsize_+4_std_+3,,102,1408,0.54,0,,0
SLICES_CA-RU-R_x_687_y_451_z_666_experiment,pipeline,vsize_+4_std_+3,,103,11272,2.5380000000000003,0,,0
SLICES_CA-RU-R_x_687_y_451_z_666_experiment,pipeline,vsize_+4_std_+3,,104,2115,0.7200000000000001,0,,0
SLICES_CA-RU-R_x_687_y_451_z_666_experiment,pipeline,vsize_+4_std_+3,,105,23710,5.034000000000001,0,,0
SLICES_CA-RU-R_x_687_y_451_z_666_experiment,pipeline,vsize_+4_std_+3,,106,387,0.12600000000000003,0,,0
SLICES_CA-RU-R_x_687_y_451_z_666_experiment,pipeline,vsize_+4_std_+3,,107,836,0.15600000000000003,89,17,1
SLICES_CA-RU-R_x_687_y_451_z_666_experiment,pipeline,vsize_+4_std_+3,,108,397,0.09600000000000002,0,,0
SLICES_CA-RU-R_x_687_y_451_z_666_experiment,pipeline,vsize_+4_std_+3,,109,1023,0.35400000000000004,0,,0
SLICES_CA-RU-R_x_687_y_451_z_666_experiment,pipeline,vsize_+4_std_+3,,110,3443,0.7680000000000001,0,,0
SLICES_CA-RU-R_x_687_y_451_z_666_experiment,pipeline,vsize_+4_std_+3,,111,1713,0.43200000000000005,0,,0
SLICES_CA-RU-R_x_687_y_451_z_666_experiment,pipeline,vsize_+4_std_+3,,112,2262,0.7140000000000001,0,,0
SLICES_CA-RU-R_x_687_y_451_z_666_experiment,pipeline,vsize_+4_std_+3,,113,660,0.20400000000000004,0,,0
SLICES_CA-RU-R_x_687_y_451_z_666_experiment,pipeline,vsize_+4_std_+3,,114,14,0.006000000000000001,0,,0
SLICES_CA-RU-R_x_687_y_451_z_666_experiment,pipeline,vsize_+4_std_+3,,115,99,0.012000000000000002,0,,0
SLICES_CA-RU-R_x_687_y_451_z_666_experiment,pipeline,vsize_+4_std_+3,,116,196,0.006000000000000001,0,,0
SLICES_CA-RU-R_x_687_y_451_z_666_experiment,pipeline,vsize_+4_std_+3,,117,6043,1.0380000000000003,0,,0
SLICES_CA-RU-R_x_687_y_451_z_666_experiment,pipeline,vsize_+4_std_+3,,118,28,0.012000000000000002,0,,0
SLICES_CA-RU-R_x_687_y_451_z_666_experiment,pipeline,vsize_+4_std_+3,,119,3173,1.0140000000000002,0,,0
SLICES_CA-RU-R_x_687_y_451_z_666_experiment,pipeline,vsize_+4_std_+3,,120,846,0.29400000000000004,0,,0
SLICES_CA-RU-R_x_687_y_451_z_666_experiment,pipeline,vsize_+4_std_+3,,121,1071,0.28800000000000003,0,,0
SLICES_CA-RU-R_x_687_y_451_z_666_experiment,pipeline,vsize_+4_std_+3,,122,32,0.012000000000000002,0,,0
SLICES_CA-RU-R_x_687_y_451_z_666_experiment,pipeline,vsize_+4_std_+3,,123,45,0.0,0,,0
SLICES_CA-RU-R_x_687_y_451_z_666_experiment,pipeline,vsize_+4_std_+3,,124,600,0.18000000000000002,0,,0
SLICES_CA-RU-R_x_687_y_451_z_666_experiment,pipeline,vsize_+4_std_+3,,125,184,0.012000000000000002,0,,0
SLICES_CA-RU-R_x_687_y_451_z_666_experiment,pipeline,vsize_+4_std_+3,,126,1566,0.5220000000000001,0,,0
SLICES_CA-RU-R_x_687_y_451_z_666_experiment,pipeline,vsize_+4_std_+3,,127,365,0.09600000000000002,0,,0
SLICES_CA-RU-R_x_687_y_451_z_666_experiment,pipeline,vsize_+4_std_+3,,128,93,0.018000000000000002,0,,0
SLICES_CA-RU-R_x_687_y_451_z_666_experiment,pipeline,vsize_+4_std_+3,,129,60,0.006000000000000001,0,,0
SLICES_CA-RU-R_x_687_y_451_z_666_experiment,pipeline,vsize_+4_std_+3,,130,8557,0.8100000000000002,595,27;29;31,3
SLICES_CA-RU-R_x_687_y_451_z_666_experiment,pipeline,vsize_+4_std_+3,,131,473,0.13200000000000003,0,,0
SLICES_CA-RU-R_x_687_y_451_z_666_experiment,pipeline,vsize_+4_std_+3,,132,33,0.018000000000000002,0,,0
SLICES_CA-RU-R_x_687_y_451_z_666_experiment,pipeline,vsize_+4_std_+3,,133,406,0.11400000000000002,0,,0
SLICES_CA-RU-R_x_687_y_451_z_666_experiment,pipeline,vsize_+4_std_+3,,134,1773,0.6120000000000001,0,,0
SLICES_CA-RU-R_x_687_y_451_z_666_experiment,pipeline,vsize_+4_std_+3,,135,900,0.26400000000000007,0,,0
SLICES_CA-RU-R_x_687_y_451_z_666_experiment,pipeline,vsize_+4_std_+3,,136,752,0.26400000000000007,0,,0
SLICES_CA-RU-R_x_687_y_451_z_666_experiment,pipeline,vsize_+4_std_+3,,137,246,0.054000000000000006,0,,0
SLICES_CA-RU-R_x_687_y_451_z_666_experiment,pipeline,vsize_+4_std_+3,,138,714,0.25200000000000006,0,,0
SLICES_CA-RU-R_x_687_y_451_z_666_experiment,pipeline,vsize_+4_std_+3,,139,345,0.08400000000000002,0,,0
SLICES_CA-RU-R_x_687_y_451_z_666_experiment,pipeline,vsize_+4_std_+3,,140,2529,0.6840000000000002,0,,0
SLICES_CA-RU-R_x_687_y_451_z_666_experiment,pipeline,vsize_+4_std_+3,,141,319,0.09600000000000002,0,,0
SLICES_CA-RU-R_x_687_y_451_z_666_experiment,pipeline,vsize_+4_std_+3,,142,1186,0.37200000000000005,0,,0
SLICES_CA-RU-R_x_687_y_451_z_666_experiment,pipeline,vsize_+4_std_+3,,143,434,0.12000000000000002,191,25,1
SLICES_CA-RU-R_x_687_y_451_z_666_experiment,pipeline,vsize_+4_std_+3,,144,493,0.12000000000000002,0,,0
SLICES_CA-RU-R_x_687_y_451_z_666_experiment,pipeline,vsize_+4_std_+3,,145,7590,1.9380000000000004,168,35,1
SLICES_CA-RU-R_x_687_y_451_z_666_experiment,pipeline,vsize_+4_std_+3,,146,6004,1.7640000000000002,0,,0
SLICES_CA-RU-R_x_687_y_451_z_666_experiment,pipeline,vsize_+4_std_+3,,147,1749,0.4620000000000001,0,,0
SLICES_CA-RU-R_x_687_y_451_z_666_experiment,pipeline,vsize_+4_std_+3,,148,202,0.04800000000000001,0,,0
SLICES_CA-RU-R_x_687_y_451_z_666_experiment,pipeline,vsize_+4_std_+3,,149,21172,4.296000000000001,854,28;30,2
SLICES_CA-RU-R_x_687_y_451_z_666_experiment,pipeline,vsize_+4_std_+3,,150,939,0.25800000000000006,283,27,1
SLICES_CA-RU-R_x_687_y_451_z_666_experiment,pipeline,vsize_+4_std_+3,,151,282,0.07800000000000001,0,,0
SLICES_CA-RU-R_x_687_y_451_z_666_experiment,pipeline,vsize_+4_std_+3,,152,1662,0.37800000000000006,0,,0
SLICES_CA-RU-R_x_687_y_451_z_666_experiment,pipeline,vsize_+4_std_+3,,153,223,0.07200000000000001,0,,0
SLICES_CA-RU-R_x_687_y_451_z_666_experiment,pipeline,vsize_+4_std_+3,,154,536,0.15600000000000003,0,,0
SLICES_CA-RU-R_x_687_y_451_z_666_experiment,pipeline,vsize_+4_std_+3,,155,251,0.08400000000000002,0,,0
SLICES_CA-RU-R_x_687_y_451_z_666_experiment,pipeline,vsize_+4_std_+3,,156,2532,0.7680000000000001,0,,0
SLICES_CA-RU-R_x_687_y_451_z_666_experiment,pipeline,vsize_+4_std_+3,,157,57,0.0,0,,0
SLICES_CA-RU-R_x_687_y_451_z_666_experiment,pipeline,vsize_+4_std_+3,,158,3788,1.1460000000000001,0,,0
SLICES_CA-RU-R_x_687_y_451_z_666_experiment,pipeline,vsize_+4_std_+3,,159,8059,1.0080000000000002,672,33;34,2
SLICES_CA-RU-R_x_687_y_451_z_666_experiment,pipeline,vsize_+4_std_+3,,160,272,0.04200000000000001,0,,0
SLICES_CA-RU-R_x_687_y_451_z_666_experiment,pipeline,vsize_+4_std_+3,,161,855,0.19800000000000004,0,,0
SLICES_CA-RU-R_x_687_y_451_z_666_experiment,pipeline,vsize_+4_std_+3,,162,1147,0.30000000000000004,0,,0
SLICES_CA-RU-R_x_687_y_451_z_666_experiment,pipeline,vsize_+4_std_+3,,163,19,0.012000000000000002,0,,0
SLICES_CA-RU-R_x_687_y_451_z_666_experiment,pipeline,vsize_+4_std_+3,,164,442,0.12600000000000003,0,,0
SLICES_CA-RU-R_x_687_y_451_z_666_experiment,pipeline,vsize_+4_std_+3,,165,79,0.006000000000000001,0,,0
SLICES_CA-RU-R_x_687_y_451_z_666_experiment,pipeline,vsize_+4_std_+3,,166,3176,0.7020000000000001,0,,0
SLICES_CA-RU-R_x_687_y_451_z_666_experiment,pipeline,vsize_+4_std_+3,,167,72,0.006000000000000001,0,,0
SLICES_CA-RU-R_x_687_y_451_z_666_experiment,pipeline,vsize_+4_std_+3,,168,995,0.24600000000000005,124,32,1
SLICES_CA-RU-R_x_687_y_451_z_666_experiment,pipeline,vsize_+4_std_+3,,169,1298,0.39000000000000007,0,,0
SLICES_CA-RU-R_x_687_y_451_z_666_experiment,pipeline,vsize_+4_std_+3,,170,258,0.07800000000000001,0,,0
SLICES_CA-RU-R_x_687_y_451_z_666_experiment,pipeline,vsize_+4_std_+3,,171,2524,0.6000000000000001,0,,0
SLICES_CA-RU-R_x_687_y_451_z_666_experiment,pipeline,vsize_+4_std_+3,,172,445,0.13200000000000003,0,,0
SLICES_CA-RU-R_x_687_y_451_z_666_experiment,pipeline,vsize_+4_std_+3,,173,1042,0.30000000000000004,0,,0
SLICES_CA-RU-R_x_687_y_451_z_666_experiment,pipeline,vsize_+4_std_+3,,174,53,0.012000000000000002,0,,0
SLICES_CA-RU-R_x_687_y_451_z_666_experiment,pipeline,vsize_+4_std_+3,,175,292,0.06600000000000002,0,,0
SLICES_CA-RU-R_x_687_y_451_z_666_experiment,pipeline,vsize_+4_std_+3,,176,1382,0.36600000000000005,0,,0
SLICES_CA-RU-R_x_687_y_451_z_666_experiment,pipeline,vsize_+4_std_+3,,177,110,0.036000000000000004,0,,0
SLICES_CA-RU-R_x_687_y_451_z_666_experiment,pipeline,vsize_+4_std_+3,,178,366,0.0,0,,0
SLICES_CA-RU-R_x_687_y_451_z_666_experiment,pipeline,vsize_+4_std_+3,,179,27,0.018000000000000002,0,,0
SLICES_CA-RU-R_x_687_y_451_z_666_experiment,pipeline,vsize_+4_std_+3,,180,880,0.27,184,28,1
SLICES_CA-RU-R_x_687_y_451_z_666_experiment,pipeline,vsize_+4_std_+3,,181,57,0.0,0,,0
SLICES_CA-RU-R_x_687_y_451_z_666_experiment,pipeline,vsize_+4_std_+3,,182,534,0.14400000000000002,0,,0
SLICES_CA-RU-R_x_687_y_451_z_666_experiment,pipeline,vsize_+4_std_+3,,183,732,0.11400000000000002,0,,0
SLICES_CA-RU-R_x_687_y_451_z_666_experiment,pipeline,vsize_+4_std_+3,,184,315,0.08400000000000002,0,,0
SLICES_CA-RU-R_x_687_y_451_z_666_experiment,pipeline,vsize_+4_std_+3,,185,409,0.10800000000000001,0,,0
SLICES_CA-RU-R_x_687_y_451_z_666_experiment,pipeline,vsize_+4_std_+3,,186,2234,0.44400000000000006,0,,0
SLICES_CA-RU-R_x_687_y_451_z_666_experiment,pipeline,vsize_+4_std_+3,,187,480,0.11400000000000002,0,,0
SLICES_CA-RU-R_x_687_y_451_z_666_experiment,pipeline,vsize_+4_std_+3,,188,342,0.08400000000000002,0,,0
SLICES_CA-RU-R_x_687_y_451_z_666_experiment,pipeline,vsize_+4_std_+3,,189,1011,0.26400000000000007,0,,0
SLICES_CA-RU-R_x_687_y_451_z_666_experiment,pipeline,vsize_+4_std_+3,,190,168,0.054000000000000006,0,,0
SLICES_CA-RU-R_x_687_y_451_z_666_experiment,pipeline,vsize_+4_std_+3,,191,791,0.22200000000000003,0,,0
SLICES_CA-RU-R_x_687_y_451_z_666_experiment,pipeline,vsize_+4_std_+3,,192,946,0.32400000000000007,0,,0
SLICES_CA-RU-R_x_687_y_451_z_666_experiment,pipeline,vsize_+4_std_+3,,193,596,0.18600000000000003,0,,0
SLICES_CA-RU-R_x_687_y_451_z_666_experiment,pipeline,vsize_+4_std_+3,,194,308,0.09000000000000001,0,,0
SLICES_CA-RU-R_x_687_y_451_z_666_experiment,pipeline,vsize_+4_std_+3,,195,1451,0.30600000000000005,415,36,1
SLICES_CA-RU-R_x_687_y_451_z_666_experiment,pipeline,vsize_+4_std_+3,,196,436,0.10800000000000001,0,,0
SLICES_CA-RU-R_x_687_y_451_z_666_experiment,pipeline,vsize_+4_std_+3,,197,405,0.16800000000000004,0,,0
SLICES_CA-RU-R_x_687_y_451_z_666_experiment,pipeline,vsize_+4_std_+3,,198,81,0.0,0,,0
SLICES_CA-RU-R_x_687_y_451_z_666_experiment,pipeline,vsize_+4_std_+3,,199,846,0.28800000000000003,0,,0
SLICES_CA-RU-R_x_687_y_451_z_666_experiment,pipeline,vsize_+4_std_+3,,200,834,0.20400000000000004,0,,0
SLICES_CA-RU-R_x_687_y_451_z_666_experiment,pipeline,vsize_+4_std_+3,,201,33,0.018000000000000002,0,,0
SLICES_CA-RU-R_x_687_y_451_z_666_experiment,pipeline,vsize_+4_std_+3,,202,127,0.030000000000000006,0,,0
SLICES_CA-RU-R_x_687_y_451_z_666_experiment,pipeline,vsize_+4_std_+3,,203,1082,0.30000000000000004,0,,0
SLICES_CA-RU-R_x_687_y_451_z_666_experiment,pipeline,vsize_+4_std_+3,,204,246,0.04800000000000001,0,,0
SLICES_CA-RU-R_x_687_y_451_z_666_experiment,pipeline,vsize_+4_std_+3,,205,33,0.018000000000000002,0,,0
SLICES_CA-RU-R_x_687_y_451_z_666_experiment,pipeline,vsize_+4_std_+3,,206,1594,0.546,329,36,1
SLICES_CA-RU-R_x_687_y_451_z_666_experiment,pipeline,vsize_+4_std_+3,,207,407,0.14400000000000002,0,,0
SLICES_CA-RU-R_x_687_y_451_z_666_experiment,pipeline,vsize_+4_std_+3,,208,272,0.012000000000000002,0,,0
SLICES_CA-RU-R_x_687_y_451_z_666_experiment,pipeline,vsize_+4_std_+3,,209,685,0.25200000000000006,0,,0
SLICES_CA-RU-R_x_687_y_451_z_666_experiment,pipeline,vsize_+4_std_+3,,210,479,0.16800000000000004,0,,0
SLICES_CA-RU-R_x_687_y_451_z_666_experiment,pipeline,vsize_+4_std_+3,,211,287,0.09000000000000001,0,,0
SLICES_CA-RU-R_x_687_y_451_z_666_experiment,pipeline,vsize_+4_std_+3,,212,334,0.09000000000000001,0,,0
SLICES_CA-RU-R_x_687_y_451_z_666_experiment,pipeline,vsize_+4_std_+3,,213,288,0.06600000000000002,0,,0
SLICES_CA-RU-R_x_687_y_451_z_666_experiment,pipeline,vsize_+4_std_+3,,214,524,0.10200000000000002,0,,0
SLICES_CA-RU-R_x_687_y_451_z_666_experiment,pipeline,vsize_+4_std_+3,,215,202,0.06600000000000002,0,,0
SLICES_CA-RU-R_x_687_y_451_z_666_experiment,pipeline,vsize_+4_std_+3,,216,332,0.10800000000000001,0,,0
SLICES_CA-RU-R_x_687_y_451_z_666_experiment,pipeline,vsize_+4_std_+3,,217,410,0.11400000000000002,0,,0
SLICES_CA-RU-R_x_687_y_451_z_666_experiment,pipeline,vsize_+4_std_+3,,218,679,0.19800000000000004,0,,0
SLICES_CA-RU-R_x_687_y_451_z_666_experiment,pipeline,vsize_+4_std_+3,,219,528,0.18600000000000003,0,,0
SLICES_CA-RU-R_x_687_y_451_z_666_experiment,pipeline,vsize_+4_std_+3,,220,349,0.10800000000000001,0,,0
SLICES_CA-RU-R_x_687_y_451_z_666_experiment,pipeline,vsize_+4_std_+3,,221,63,0.006000000000000001,0,,0
SLICES_CA-RU-R_x_687_y_451_z_666_experiment,pipeline,vsize_+4_std_+3,,222,237,0.08400000000000002,0,,0
SLICES_CA-RU-R_x_687_y_451_z_666_experiment,pipeline,vsize_+4_std_+3,,223,213,0.054000000000000006,0,,0
SLICES_CA-RU-R_x_687_y_451_z_666_experiment,pipeline,vsize_+4_std_+3,,224,202,0.07200000000000001,0,,0
SLICES_CA-RU-R_x_687_y_451_z_666_experiment,pipeline,vsize_+4_std_+3,,225,184,0.054000000000000006,0,,0
SLICES_CA-RU-R_x_687_y_451_z_666_experiment,pipeline,vsize_+4_std_+3,,226,223,0.07200000000000001,0,,0
SLICES_CA-RU-R_x_687_y_451_z_666_experiment,pipeline,vsize_+4_std_+3,,227,575,0.16800000000000004,0,,0
SLICES_CA-RU-R_x_687_y_451_z_666_experiment,pipeline,vsize_+4_std_+3,,228,146,0.030000000000000006,0,,0
SLICES_CA-RU-R_x_687_y_451_z_666_experiment,pipeline,vsize_+4_std_+3,,229,18,0.012000000000000002,0,,0
SLICES_CA-RU-R_x_687_y_451_z_666_experiment,pipeline,vsize_+6_std_+4,,1,357,0.07800000000000001,0,,0
SLICES_CA-RU-R_x_687_y_451_z_666_experiment,pipeline,vsize_+6_std_+4,,2,51679,3.7080000000000006,1205,1;8;9,3
SLICES_CA-RU-R_x_687_y_451_z_666_experiment,pipeline,vsize_+6_std_+4,,3,183,0.018000000000000002,0,,0
SLICES_CA-RU-R_x_687_y_451_z_666_experiment,pipeline,vsize_+6_std_+4,,4,9312,1.8300000000000003,0,,0
SLICES_CA-RU-R_x_687_y_451_z_666_experiment,pipeline,vsize_+6_std_+4,,5,873,0.12600000000000003,0,,0
SLICES_CA-RU-R_x_687_y_451_z_666_experiment,pipeline,vsize_+6_std_+4,,6,503,0.09600000000000002,0,,0
SLICES_CA-RU-R_x_687_y_451_z_666_experiment,pipeline,vsize_+6_std_+4,,7,1815,0.276,0,,0
SLICES_CA-RU-R_x_687_y_451_z_666_experiment,pipeline,vsize_+6_std_+4,,8,2616,0.5220000000000001,1251,2;3,2
SLICES_CA-RU-R_x_687_y_451_z_666_experiment,pipeline,vsize_+6_std_+4,,9,20967,2.5620000000000003,0,,0
SLICES_CA-RU-R_x_687_y_451_z_666_experiment,pipeline,vsize_+6_std_+4,,10,18,0.012000000000000002,0,,0
SLICES_CA-RU-R_x_687_y_451_z_666_experiment,pipeline,vsize_+6_std_+4,,11,54,0.024000000000000004,0,,0
SLICES_CA-RU-R_x_687_y_451_z_666_experiment,pipeline,vsize_+6_std_+4,,12,24,0.012000000000000002,0,,0
SLICES_CA-RU-R_x_687_y_451_z_666_experiment,pipeline,vsize_+6_std_+4,,13,9492,1.7580000000000002,202,11,1
SLICES_CA-RU-R_x_687_y_451_z_666_experiment,pipeline,vsize_+6_std_+4,,14,245,0.012000000000000002,0,,0
SLICES_CA-RU-R_x_687_y_451_z_666_experiment,pipeline,vsize_+6_std_+4,,15,6043,0.6960000000000001,0,,0
SLICES_CA-RU-R_x_687_y_451_z_666_experiment,pipeline,vsize_+6_std_+4,,16,199,0.0,0,,0
SLICES_CA-RU-R_x_687_y_451_z_666_experiment,pipeline,vsize_+6_std_+4,,17,829,0.12000000000000002,0,,0
SLICES_CA-RU-R_x_687_y_451_z_666_experiment,pipeline,vsize_+6_std_+4,,18,2207,0.4080000000000001,0,,0
SLICES_CA-RU-R_x_687_y_451_z_666_experiment,pipeline,vsize_+6_std_+4,,19,33,0.018000000000000002,0,,0
SLICES_CA-RU-R_x_687_y_451_z_666_experiment,pipeline,vsize_+6_std_+4,,20,1575,0.25800000000000006,0,,0
SLICES_CA-RU-R_x_687_y_451_z_666_experiment,pipeline,vsize_+6_std_+4,,21,425,0.07200000000000001,0,,0
SLICES_CA-RU-R_x_687_y_451_z_666_experiment,pipeline,vsize_+6_std_+4,,22,51,0.018000000000000002,0,,0
SLICES_CA-RU-R_x_687_y_451_z_666_experiment,pipeline,vsize_+6_std_+4,,23,1223,0.10200000000000002,0,,0
SLICES_CA-RU-R_x_687_y_451_z_666_experiment,pipeline,vsize_+6_std_+4,,24,689,0.08400000000000002,0,,0
SLICES_CA-RU-R_x_687_y_451_z_666_experiment,pipeline,vsize_+6_std_+4,,25,745,0.14400000000000002,0,,0
SLICES_CA-RU-R_x_687_y_451_z_666_experiment,pipeline,vsize_+6_std_+4,,26,600,0.12000000000000002,0,,0
SLICES_CA-RU-R_x_687_y_451_z_666_experiment,pipeline,vsize_+6_std_+4,,27,304,0.0,0,,0
SLICES_CA-RU-R_x_687_y_451_z_666_experiment,pipeline,vsize_+6_std_+4,,28,1337,0.28200000000000003,0,,0
SLICES_CA-RU-R_x_687_y_451_z_666_experiment,pipeline,vsize_+6_std_+4,,29,189,0.018000000000000002,0,,0
SLICES_CA-RU-R_x_687_y_451_z_666_experiment,pipeline,vsize_+6_std_+4,,30,102,0.006000000000000001,0,,0
SLICES_CA-RU-R_x_687_y_451_z_666_experiment,pipeline,vsize_+6_std_+4,,31,112,0.012000000000000002,0,,0
SLICES_CA-RU-R_x_687_y_451_z_666_experiment,pipeline,vsize_+6_std_+4,,32,244,0.06000000000000001,0,,0
SLICES_CA-RU-R_x_687_y_451_z_666_experiment,pipeline,vsize_+6_std_+4,,33,74,0.012000000000000002,0,,0
SLICES_CA-RU-R_x_687_y_451_z_666_experiment,pipeline,vsize_+6_std_+4,,34,3374,0.7200000000000001,0,,0
SLICES_CA-RU-R_x_687_y_451_z_666_experiment,pipeline,vsize_+6_std_+4,,35,545,0.11400000000000002,0,,0
SLICES_CA-RU-R_x_687_y_451_z_666_experiment,pipeline,vsize_+6_std_+4,,36,2596,0.38400000000000006,356,9,1
SLICES_CA-RU-R_x_687_y_451_z_666_experiment,pipeline,vsize_+6_std_+4,,37,1720,0.24000000000000005,0,,0
SLICES_CA-RU-R_x_687_y_451_z_666_experiment,pipeline,vsize_+6_std_+4,,38,3378,0.33000000000000007,0,,0
SLICES_CA-RU-R_x_687_y_451_z_666_experiment,pipeline,vsize_+6_std_+4,,39,1324,0.20400000000000004,0,,0
SLICES_CA-RU-R_x_687_y_451_z_666_experiment,pipeline,vsize_+6_std_+4,,40,2752,0.558,635,12,1
SLICES_CA-RU-R_x_687_y_451_z_666_experiment,pipeline,vsize_+6_std_+4,,41,2708,0.19200000000000003,0,,0
SLICES_CA-RU-R_x_687_y_451_z_666_experiment,pipeline,vsize_+6_std_+4,,42,2821,0.5340000000000001,0,,0
SLICES_CA-RU-R_x_687_y_451_z_666_experiment,pipeline,vsize_+6_std_+4,,43,10541,1.5540000000000003,0,,0
SLICES_CA-RU-R_x_687_y_451_z_666_experiment,pipeline,vsize_+6_std_+4,,44,2563,0.31800000000000006,0,,0
SLICES_CA-RU-R_x_687_y_451_z_666_experiment,pipeline,vsize_+6_std_+4,,45,1978,0.33000000000000007,0,,0
SLICES_CA-RU-R_x_687_y_451_z_666_experiment,pipeline,vsize_+6_std_+4,,46,9670,0.9840000000000002,131,14,1
SLICES_CA-RU-R_x_687_y_451_z_666_experiment,pipeline,vsize_+6_std_+4,,47,1289,0.16200000000000003,0,,0
SLICES_CA-RU-R_x_687_y_451_z_666_experiment,pipeline,vsize_+6_std_+4,,48,963,0.18600000000000003,0,,0
SLICES_CA-RU-R_x_687_y_451_z_666_experiment,pipeline,vsize_+6_std_+4,,49,263,0.030000000000000006,0,,0
SLICES_CA-RU-R_x_687_y_451_z_666_experiment,pipeline,vsize_+6_std_+4,,50,2947,0.45600000000000007,207,10;18;19,3
SLICES_CA-RU-R_x_687_y_451_z_666_experiment,pipeline,vsize_+6_std_+4,,51,510,0.09600000000000002,0,,0
SLICES_CA-RU-R_x_687_y_451_z_666_experiment,pipeline,vsize_+6_std_+4,,52,1008,0.07200000000000001,0,,0
SLICES_CA-RU-R_x_687_y_451_z_666_experiment,pipeline,vsize_+6_std_+4,,53,282,0.018000000000000002,0,,0
SLICES_CA-RU-R_x_687_y_451_z_666_experiment,pipeline,vsize_+6_std_+4,,54,493,0.06600000000000002,0,,0
SLICES_CA-RU-R_x_687_y_451_z_666_experiment,pipeline,vsize_+6_std_+4,,55,537,0.054000000000000006,0,,0
SLICES_CA-RU-R_x_687_y_451_z_666_experiment,pipeline,vsize_+6_std_+4,,56,2454,0.4920000000000001,0,,0
SLICES_CA-RU-R_x_687_y_451_z_666_experiment,pipeline,vsize_+6_std_+4,,57,36275,3.4800000000000004,1237,20;23;24;26,4
SLICES_CA-RU-R_x_687_y_451_z_666_experiment,pipeline,vsize_+6_std_+4,,58,83,0.024000000000000004,0,,0
SLICES_CA-RU-R_x_687_y_451_z_666_experiment,pipeline,vsize_+6_std_+4,,59,6417,0.7620000000000001,192,13,1
SLICES_CA-RU-R_x_687_y_451_z_666_experiment,pipeline,vsize_+6_std_+4,,60,10078,1.3560000000000003,0,,0
SLICES_CA-RU-R_x_687_y_451_z_666_experiment,pipeline,vsize_+6_std_+4,,61,3660,0.7740000000000001,0,,0
SLICES_CA-RU-R_x_687_y_451_z_666_experiment,pipeline,vsize_+6_std_+4,,62,59,0.012000000000000002,0,,0
SLICES_CA-RU-R_x_687_y_451_z_666_experiment,pipeline,vsize_+6_std_+4,,63,224,0.012000000000000002,0,,0
SLICES_CA-RU-R_x_687_y_451_z_666_experiment,pipeline,vsize_+6_std_+4,,64,1109,0.24600000000000005,0,,0
SLICES_CA-RU-R_x_687_y_451_z_666_experiment,pipeline,vsize_+6_std_+4,,65,759,0.15600000000000003,0,,0
SLICES_CA-RU-R_x_687_y_451_z_666_experiment,pipeline,vsize_+6_std_+4,,66,5210,0.6540000000000001,326,15,1
SLICES_CA-RU-R_x_687_y_451_z_666_experiment,pipeline,vsize_+6_std_+4,,67,184,0.04800000000000001,0,,0
SLICES_CA-RU-R_x_687_y_451_z_666_experiment,pipeline,vsize_+6_std_+4,,68,1297,0.22200000000000003,0,,0
SLICES_CA-RU-R_x_687_y_451_z_666_experiment,pipeline,vsize_+6_std_+4,,69,639,0.07200000000000001,0,,0
SLICES_CA-RU-R_x_687_y_451_z_666_experiment,pipeline,vsize_+6_std_+4,,70,1119,0.15000000000000002,0,,0
SLICES_CA-RU-R_x_687_y_451_z_666_experiment,pipeline,vsize_+6_std_+4,,71,420,0.07800000000000001,92,17,1
SLICES_CA-RU-R_x_687_y_451_z_666_experiment,pipeline,vsize_+6_std_+4,,72,23709,0.9540000000000002,1041,21,1
SLICES_CA-RU-R_x_687_y_451_z_666_experiment,pipeline,vsize_+6_std_+4,,73,59747,5.412000000000001,489,36,1
SLICES_CA-RU-R_x_687_y_451_z_666_experiment,pipeline,vsize_+6_std_+4,,74,1305,0.19200000000000003,0,,0
SLICES_CA-RU-R_x_687_y_451_z_666_experiment,pipeline,vsize_+6_std_+4,,75,1024,0.11400000000000002,0,,0
SLICES_CA-RU-R_x_687_y_451_z_666_experiment,pipeline,vsize_+6_std_+4,,76,321,0.054000000000000006,0,,0
SLICES_CA-RU-R_x_687_y_451_z_666_experiment,pipeline,vsize_+6_std_+4,,77,14044,1.7520000000000002,0,,0
SLICES_CA-RU-R_x_687_y_451_z_666_experiment,pipeline,vsize_+6_std_+4,,78,1004,0.18600000000000003,0,,0
SLICES_CA-RU-R_x_687_y_451_z_666_experiment,pipeline,vsize_+6_std_+4,,79,135,0.006000000000000001,0,,0
SLICES_CA-RU-R_x_687_y_451_z_666_experiment,pipeline,vsize_+6_std_+4,,80,11072,1.6200000000000003,0,,0
SLICES_CA-RU-R_x_687_y_451_z_666_experiment,pipeline,vsize_+6_std_+4,,81,611,0.10800000000000001,0,,0
SLICES_CA-RU-R_x_687_y_451_z_666_experiment,pipeline,vsize_+6_std_+4,,82,3833,0.552,0,,0
SLICES_CA-RU-R_x_687_y_451_z_666_experiment,pipeline,vsize_+6_std_+4,,83,4046,0.7800000000000001,0,,0
SLICES_CA-RU-R_x_687_y_451_z_666_experiment,pipeline,vsize_+6_std_+4,,84,152,0.012000000000000002,0,,0
SLICES_CA-RU-R_x_687_y_451_z_666_experiment,pipeline,vsize_+6_std_+4,,85,570,0.07800000000000001,0,,0
SLICES_CA-RU-R_x_687_y_451_z_666_experiment,pipeline,vsize_+6_std_+4,,86,1279,0.22800000000000004,0,,0
SLICES_CA-RU-R_x_687_y_451_z_666_experiment,pipeline,vsize_+6_std_+4,,87,118,0.012000000000000002,0,,0
SLICES_CA-RU-R_x_687_y_451_z_666_experiment,pipeline,vsize_+6_std_+4,,88,1796,0.36000000000000004,0,,0
SLICES_CA-RU-R_x_687_y_451_z_666_experiment,pipeline,vsize_+6_std_+4,,89,1004,0.18600000000000003,0,,0
SLICES_CA-RU-R_x_687_y_451_z_666_experiment,pipeline,vsize_+6_std_+4,,90,217,0.030000000000000006,0,,0
SLICES_CA-RU-R_x_687_y_451_z_666_experiment,pipeline,vsize_+6_std_+4,,91,128,0.0,0,,0
SLICES_CA-RU-R_x_687_y_451_z_666_experiment,pipeline,vsize_+6_std_+4,,92,813,0.16200000000000003,0,,0
SLICES_CA-RU-R_x_687_y_451_z_666_experiment,pipeline,vsize_+6_std_+4,,93,1978,0.4140000000000001,0,,0
SLICES_CA-RU-R_x_687_y_451_z_666_experiment,pipeline,vsize_+6_std_+4,,94,534,0.09600000000000002,0,,0
SLICES_CA-RU-R_x_687_y_451_z_666_experiment,pipeline,vsize_+6_std_+4,,95,551,0.07200000000000001,0,,0
SLICES_CA-RU-R_x_687_y_451_z_666_experiment,pipeline,vsize_+6_std_+4,,96,289,0.006000000000000001,0,,0
SLICES_CA-RU-R_x_687_y_451_z_666_experiment,pipeline,vsize_+6_std_+4,,97,38950,4.290000000000001,2002,27;28;29;30,4
SLICES_CA-RU-R_x_687_y_451_z_666_experiment,pipeline,vsize_+6_std_+4,,98,8305,0.45600000000000007,0,,0
SLICES_CA-RU-R_x_687_y_451_z_666_experiment,pipeline,vsize_+6_std_+4,,99,4679,0.9060000000000001,0,,0
SLICES_CA-RU-R_x_687_y_451_z_666_experiment,pipeline,vsize_+6_std_+4,,100,1544,0.22800000000000004,0,,0
SLICES_CA-RU-R_x_687_y_451_z_666_experiment,pipeline,vsize_+6_std_+4,,101,9986,0.9120000000000001,0,,0
SLICES_CA-RU-R_x_687_y_451_z_666_experiment,pipeline,vsize_+6_std_+4,,102,146,0.0,85,27,1
SLICES_CA-RU-R_x_687_y_451_z_666_experiment,pipeline,vsize_+6_std_+4,,103,520,0.08400000000000002,0,,0
SLICES_CA-RU-R_x_687_y_451_z_666_experiment,pipeline,vsize_+6_std_+4,,104,11653,1.0200000000000002,0,,0
SLICES_CA-RU-R_x_687_y_451_z_666_experiment,pipeline,vsize_+6_std_+4,,105,320,0.018000000000000002,0,,0
SLICES_CA-RU-R_x_687_y_451_z_666_experiment,pipeline,vsize_+6_std_+4,,106,263,0.024000000000000004,0,,0
SLICES_CA-RU-R_x_687_y_451_z_666_experiment,pipeline,vsize_+6_std_+4,,107,16703,0.8760000000000001,696,33;34,2
SLICES_CA-RU-R_x_687_y_451_z_666_experiment,pipeline,vsize_+6_std_+4,,108,8806,1.1760000000000002,0,,0
SLICES_CA-RU-R_x_687_y_451_z_666_experiment,pipeline,vsize_+6_std_+4,,109,238,0.07800000000000001,0,,0
SLICES_CA-RU-R_x_687_y_451_z_666_experiment,pipeline,vsize_+6_std_+4,,110,7325,0.9180000000000001,0,,0
SLICES_CA-RU-R_x_687_y_451_z_666_experiment,pipeline,vsize_+6_std_+4,,111,3843,0.5820000000000001,0,,0
SLICES_CA-RU-R_x_687_y_451_z_666_experiment,pipeline,vsize_+6_std_+4,,112,3938,0.5940000000000001,136,32,1
SLICES_CA-RU-R_x_687_y_451_z_666_experiment,pipeline,vsize_+6_std_+4,,113,2694,0.4740000000000001,0,,0
SLICES_CA-RU-R_x_687_y_451_z_666_experiment,pipeline,vsize_+6_std_+4,,114,869,0.16800000000000004,0,,0
SLICES_CA-RU-R_x_687_y_451_z_666_experiment,pipeline,vsize_+6_std_+4,,115,1260,0.18600000000000003,0,,0
SLICES_CA-RU-R_x_687_y_451_z_666_experiment,pipeline,vsize_+6_std_+4,,116,2100,0.43200000000000005,162,31,1
SLICES_CA-RU-R_x_687_y_451_z_666_experiment,pipeline,vsize_+6_std_+4,,117,1054,0.12600000000000003,0,,0
SLICES_CA-RU-R_x_687_y_451_z_666_experiment,pipeline,vsize_+6_std_+4,,118,758,0.20400000000000004,0,,0
SLICES_CA-RU-R_x_687_y_451_z_666_experiment,pipeline,vsize_+6_std_+4,,119,463,0.09600000000000002,0,,0
SLICES_CA-RU-R_x_687_y_451_z_666_experiment,pipeline,vsize_+6_std_+4,,120,215,0.06600000000000002,0,,0
SLICES_CA-RU-R_x_687_y_451_z_666_experiment,pipeline,vsize_+6_std_+4,,121,520,0.09000000000000001,0,,0
SLICES_CA-RU-R_x_687_y_451_z_666_experiment,pipeline,vsize_+6_std_+4,,122,118,0.012000000000000002,0,,0
SLICES_CA-RU-R_x_687_y_451_z_666_experiment,pipeline,vsize_+6_std_+4,,123,8377,1.0440000000000003,196,35,1
SLICES_CA-RU-R_x_687_y_451_z_666_experiment,pipeline,vsize_+6_std_+4,,124,2327,0.34800000000000003,0,,0
SLICES_CA-RU-R_x_687_y_451_z_666_experiment,pipeline,vsize_+6_std_+4,,125,4038,0.3960000000000001,0,,0
SLICES_CA-RU-R_x_687_y_451_z_666_experiment,pipeline,vsize_+6_std_+4,,126,250,0.06000000000000001,0,,0
SLICES_CA-RU-R_x_687_y_451_z_666_experiment,pipeline,vsize_+6_std_+4,,127,640,0.09000000000000001,0,,0
SLICES_CA-RU-R_x_687_y_451_z_666_experiment,pipeline,vsize_+6_std_+4,,128,1823,0.25200000000000006,0,,0
SLICES_CA-RU-R_x_687_y_451_z_666_experiment,pipeline,vsize_+6_std_+4,,129,1184,0.22800000000000004,0,,0
SLICES_CA-RU-R_x_687_y_451_z_666_experiment,pipeline,vsize_+6_std_+4,,130,143,0.012000000000000002,0,,0
SLICES_CA-RU-R_x_687_y_451_z_666_experiment,pipeline,vsize_+6_std_+4,,131,737,0.17400000000000002,0,,0
SLICES_CA-RU-R_x_687_y_451_z_666_experiment,pipeline,vsize_+6_std_+4,,132,1289,0.18000000000000002,0,,0
SLICES_CA-RU-R_x_687_y_451_z_666_experiment,pipeline,vsize_+6_std_+4,,133,4217,0.43200000000000005,0,,0
SLICES_CA-RU-R_x_687_y_451_z_666_experiment,pipeline,vsize_+6_std_+4,,134,1274,0.13200000000000003,0,,0
SLICES_CA-RU-R_x_687_y_451_z_666_experiment,pipeline,vsize_+6_std_+4,,135,1256,0.22800000000000004,0,,0
SLICES_CA-RU-R_x_687_y_451_z_666_experiment,pipeline,vsize_+6_std_+4,,136,617,0.07200000000000001,0,,0
SLICES_CA-RU-R_x_687_y_451_z_666_experiment,pipeline,vsize_+6_std_+4,,137,170,0.012000000000000002,0,,0
SLICES_CA-RU-R_x_687_y_451_z_666_experiment,pipeline,vsize_+6_std_+4,,138,1254,0.18000000000000002,0,,0
SLICES_CA-RU-R_x_687_y_451_z_666_experiment,pipeline,vsize_+6_std_+4,,139,1529,0.21000000000000005,0,,0
SLICES_CA-RU-R_x_687_y_451_z_666_experiment,pipeline,vsize_+6_std_+4,,140,10845,1.1280000000000001,0,,0
SLICES_CA-RU-R_x_687_y_451_z_666_experiment,pipeline,vsize_+6_std_+4,,141,858,0.15600000000000003,0,,0
SLICES_CA-RU-R_x_687_y_451_z_666_experiment,pipeline,vsize_+6_std_+4,,142,2390,0.24000000000000005,0,,0
SLICES_CA-RU-R_x_687_y_451_z_666_experiment,pipeline,vsize_+6_std_+4,,143,78,0.012000000000000002,0,,0
SLICES_CA-RU-R_x_687_y_451_z_666_experiment,pipeline,vsize_+6_std_+4,,144,760,0.14400000000000002,0,,0
SLICES_CA-RU-R_x_687_y_451_z_666_experiment,pipeline,vsize_+6_std_+4,,145,1879,0.4140000000000001,350,36,1
SLICES_CA-RU-R_x_687_y_451_z_666_experiment,pipeline,vsize_+6_std_+4,,146,993,0.18000000000000002,0,,0
SLICES_CA-RU-R_x_687_y_451_z_666_experiment,pipeline,vsize_+6_std_+4,,147,736,0.12000000000000002,0,,0
SLICES_CA-RU-R_x_687_y_451_z_666_experiment,pipeline,vsize_+6_std_+4,,148,1067,0.17400000000000002,0,,0
SLICES_CA-RU-R_x_687_y_451_z_666_experiment,pipeline,vsize_+6_std_+4,,149,526,0.08400000000000002,0,,0
SLICES_CA-RU-R_x_687_y_451_z_666_experiment,pipeline,vsize_+6_std_+4,,150,450,0.07200000000000001,0,,0
SLICES_CA-RU-R_x_687_y_451_z_666_experiment,pipeline,vsize_+6_std_+4,,151,263,0.06000000000000001,0,,0
SLICES_CA-RU-R_x_687_y_451_z_666_experiment,pipeline,vsize_+6_std_+4,,152,303,0.04200000000000001,0,,0
SLICES_CA-RU-R_x_687_y_451_z_666_experiment,pipeline,vsize_+6_std_+4,,153,90,0.04200000000000001,0,,0
SLICES_CA-RU-R_x_687_y_451_z_666_experiment,pipeline,vsize_+6_std_+4,,154,824,0.12600000000000003,0,,0
SLICES_CA-RU-R_x_687_y_451_z_666_experiment,pipeline,vsize_+6_std_+4,,155,88,0.036000000000000004,0,,0
SLICES_CA-RU-R_x_687_y_451_z_666_experiment,pipeline,vsize_+6_std_+4,,156,128,0.0,0,,0
SLICES_CA-RU-R_x_687_y_451_z_666_experiment,pipeline,vsize_+6_std_+4,,157,54,0.0,0,,0
SLICES_CA-RU-R_x_687_y_451_z_666_experiment,pipeline,strength_-1,,1,365,0.15600000000000003,0,,0
SLICES_CA-RU-R_x_687_y_451_z_666_experiment,pipeline,strength_-1,,2,1587,0.558,138,1,1
SLICES_CA-RU-R_x_687_y_451_z_666_experiment,pipeline,strength_-1,,3,809,0.34800000000000003,0,,0
SLICES_CA-RU-R_x_687_y_451_z_666_experiment,pipeline,strength_-1,,4,83,0.04200000000000001,0,,0
SLICES_CA-RU-R_x_687_y_451_z_666_experiment,pipeline,strength_-1,,5,939,0.37800000000000006,196,4,1
SLICES_CA-RU-R_x_687_y_451_z_666_experiment,pipeline,strength_-1,,6,1836,0.6660000000000001,1089,2;3,2
SLICES_CA-RU-R_x_687_y_451_z_666_experiment,pipeline,strength_-1,,7,449,0.18000000000000002,0,,0
SLICES_CA-RU-R_x_687_y_451_z_666_experiment,pipeline,strength_-1,,8,243,0.12000000000000002,0,,0
SLICES_CA-RU-R_x_687_y_451_z_666_experiment,pipeline,strength_-1,,9,69,0.030000000000000006,0,,0
SLICES_CA-RU-R_x_687_y_451_z_666_experiment,pipeline,strength_-1,,10,6164,2.5860000000000003,968,8;9,2
SLICES_CA-RU-R_x_687_y_451_z_666_experiment,pipeline,strength_-1,,11,2850,1.2540000000000002,145,11,1
SLICES_CA-RU-R_x_687_y_451_z_666_experiment,pipeline,strength_-1,,12,2234,1.1460000000000001,0,,0
SLICES_CA-RU-R_x_687_y_451_z_666_experiment,pipeline,strength_-1,,13,418,0.19800000000000004,77,5,1
SLICES_CA-RU-R_x_687_y_451_z_666_experiment,pipeline,strength_-1,,14,1223,0.4140000000000001,0,,0
SLICES_CA-RU-R_x_687_y_451_z_666_experiment,pipeline,strength_-1,,15,352,0.10800000000000001,0,,0
SLICES_CA-RU-R_x_687_y_451_z_666_experiment,pipeline,strength_-1,,16,569,0.276,0,,0
SLICES_CA-RU-R_x_687_y_451_z_666_experiment,pipeline,strength_-1,,17,396,0.12000000000000002,141,6;7,2
SLICES_CA-RU-R_x_687_y_451_z_666_experiment,pipeline,strength_-1,,18,345,0.19200000000000003,0,,0
SLICES_CA-RU-R_x_687_y_451_z_666_experiment,pipeline,strength_-1,,19,443,0.18000000000000002,0,,0
SLICES_CA-RU-R_x_687_y_451_z_666_experiment,pipeline,strength_-1,,20,410,0.15000000000000002,0,,0
SLICES_CA-RU-R_x_687_y_451_z_666_experiment,pipeline,strength_-1,,21,382,0.12600000000000003,0,,0
SLICES_CA-RU-R_x_687_y_451_z_666_experiment,pipeline,strength_-1,,22,646,0.25200000000000006,0,,0
SLICES_CA-RU-R_x_687_y_451_z_666_experiment,pipeline,strength_-1,,23,739,0.30000000000000004,0,,0
SLICES_CA-RU-R_x_687_y_451_z_666_experiment,pipeline,strength_-1,,24,127,0.04800000000000001,0,,0
SLICES_CA-RU-R_x_687_y_451_z_666_experiment,pipeline,strength_-1,,25,304,0.13200000000000003,0,,0
SLICES_CA-RU-R_x_687_y_451_z_666_experiment,pipeline,strength_-1,,26,12,0.012000000000000002,0,,0
SLICES_CA-RU-R_x_687_y_451_z_666_experiment,pipeline,strength_-1,,27,234,0.138,0,,0
SLICES_CA-RU-R_x_687_y_451_z_666_experiment,pipeline,strength_-1,,28,243,0.08400000000000002,0,,0
SLICES_CA-RU-R_x_687_y_451_z_666_experiment,pipeline,strength_-1,,29,1053,0.5100000000000001,0,,0
SLICES_CA-RU-R_x_687_y_451_z_666_experiment,pipeline,strength_-1,,30,644,0.31200000000000006,0,,0
SLICES_CA-RU-R_x_687_y_451_z_666_experiment,pipeline,strength_-1,,31,476,0.19800000000000004,0,,0
SLICES_CA-RU-R_x_687_y_451_z_666_experiment,pipeline,strength_-1,,32,753,0.26400000000000007,0,,0
SLICES_CA-RU-R_x_687_y_451_z_666_experiment,pipeline,strength_-1,,33,1259,0.5700000000000001,0,,0
SLICES_CA-RU-R_x_687_y_451_z_666_experiment,pipeline,strength_-1,,34,86,0.036000000000000004,0,,0
SLICES_CA-RU-R_x_687_y_451_z_666_experiment,pipeline,strength_-1,,35,1310,0.546,0,,0
SLICES_CA-RU-R_x_687_y_451_z_666_experiment,pipeline,strength_-1,,36,41,0.024000000000000004,0,,0
SLICES_CA-RU-R_x_687_y_451_z_666_experiment,pipeline,strength_-1,,37,2085,0.9000000000000001,557,12,1
SLICES_CA-RU-R_x_687_y_451_z_666_experiment,pipeline,strength_-1,,38,45,0.0,0,,0
SLICES_CA-RU-R_x_687_y_451_z_666_experiment,pipeline,strength_-1,,39,42,0.012000000000000002,0,,0
SLICES_CA-RU-R_x_687_y_451_z_666_experiment,pipeline,strength_-1,,40,35,0.0,0,,0
SLICES_CA-RU-R_x_687_y_451_z_666_experiment,pipeline,strength_-1,,41,2729,0.9180000000000001,0,,0
SLICES_CA-RU-R_x_687_y_451_z_666_experiment,pipeline,strength_-1,,42,235,0.08400000000000002,0,,0
SLICES_CA-RU-R_x_687_y_451_z_666_experiment,pipeline,strength_-1,,43,439,0.18600000000000003,0,,0
SLICES_CA-RU-R_x_687_y_451_z_666_experiment,pipeline,strength_-1,,44,1100,0.5640000000000001,202,10;18;19,3
SLICES_CA-RU-R_x_687_y_451_z_666_experiment,pipeline,strength_-1,,45,396,0.15000000000000002,0,,0
SLICES_CA-RU-R_x_687_y_451_z_666_experiment,pipeline,strength_-1,,46,769,0.31200000000000006,0,,0
SLICES_CA-RU-R_x_687_y_451_z_666_experiment,pipeline,strength_-1,,47,997,0.4020000000000001,0,,0
SLICES_CA-RU-R_x_687_y_451_z_666_experiment,pipeline,strength_-1,,48,944,0.43200000000000005,0,,0
SLICES_CA-RU-R_x_687_y_451_z_666_experiment,pipeline,strength_-1,,49,337,0.12600000000000003,0,,0
SLICES_CA-RU-R_x_687_y_451_z_666_experiment,pipeline,strength_-1,,50,1224,0.5820000000000001,0,,0
SLICES_CA-RU-R_x_687_y_451_z_666_experiment,pipeline,strength_-1,,51,711,0.3960000000000001,0,,0
SLICES_CA-RU-R_x_687_y_451_z_666_experiment,pipeline,strength_-1,,52,373,0.16200000000000003,0,,0
SLICES_CA-RU-R_x_687_y_451_z_666_experiment,pipeline,strength_-1,,53,471,0.21600000000000003,0,,0
SLICES_CA-RU-R_x_687_y_451_z_666_experiment,pipeline,strength_-1,,54,581,0.24000000000000005,0,,0
SLICES_CA-RU-R_x_687_y_451_z_666_experiment,pipeline,strength_-1,,55,288,0.12000000000000002,0,,0
SLICES_CA-RU-R_x_687_y_451_z_666_experiment,pipeline,strength_-1,,56,275,0.10200000000000002,0,,0
SLICES_CA-RU-R_x_687_y_451_z_666_experiment,pipeline,strength_-1,,57,271,0.10200000000000002,0,,0
SLICES_CA-RU-R_x_687_y_451_z_666_experiment,pipeline,strength_-1,,58,652,0.29400000000000004,0,,0
SLICES_CA-RU-R_x_687_y_451_z_666_experiment,pipeline,strength_-1,,59,756,0.4080000000000001,0,,0
SLICES_CA-RU-R_x_687_y_451_z_666_experiment,pipeline,strength_-1,,60,425,0.14400000000000002,0,,0
SLICES_CA-RU-R_x_687_y_451_z_666_experiment,pipeline,strength_-1,,61,565,0.19800000000000004,113,14,1
SLICES_CA-RU-R_x_687_y_451_z_666_experiment,pipeline,strength_-1,,62,4217,1.7520000000000002,881,20;23;24,3
SLICES_CA-RU-R_x_687_y_451_z_666_experiment,pipeline,strength_-1,,63,484,0.20400000000000004,0,,0
SLICES_CA-RU-R_x_687_y_451_z_666_experiment,pipeline,strength_-1,,64,3655,1.6020000000000003,765,21,1
SLICES_CA-RU-R_x_687_y_451_z_666_experiment,pipeline,strength_-1,,65,1207,0.43800000000000006,0,,0
SLICES_CA-RU-R_x_687_y_451_z_666_experiment,pipeline,strength_-1,,66,1598,0.7320000000000001,0,,0
SLICES_CA-RU-R_x_687_y_451_z_666_experiment,pipeline,strength_-1,,67,1387,0.5940000000000001,107,13,1
SLICES_CA-RU-R_x_687_y_451_z_666_experiment,pipeline,strength_-1,,68,372,0.138,0,,0
SLICES_CA-RU-R_x_687_y_451_z_666_experiment,pipeline,strength_-1,,69,1467,0.6180000000000001,0,,0
SLICES_CA-RU-R_x_687_y_451_z_666_experiment,pipeline,strength_-1,,70,244,0.12600000000000003,0,,0
SLICES_CA-RU-R_x_687_y_451_z_666_experiment,pipeline,strength_-1,,71,19,0.012000000000000002,0,,0
SLICES_CA-RU-R_x_687_y_451_z_666_experiment,pipeline,strength_-1,,72,354,0.15600000000000003,0,,0
SLICES_CA-RU-R_x_687_y_451_z_666_experiment,pipeline,strength_-1,,73,410,0.22200000000000003,0,,0
SLICES_CA-RU-R_x_687_y_451_z_666_experiment,pipeline,strength_-1,,74,789,0.3420000000000001,0,,0
SLICES_CA-RU-R_x_687_y_451_z_666_experiment,pipeline,strength_-1,,75,59,0.04200000000000001,0,,0
SLICES_CA-RU-R_x_687_y_451_z_666_experiment,pipeline,strength_-1,,76,447,0.18600000000000003,194,16,1
SLICES_CA-RU-R_x_687_y_451_z_666_experiment,pipeline,strength_-1,,77,1094,0.54,0,,0
SLICES_CA-RU-R_x_687_y_451_z_666_experiment,pipeline,strength_-1,,78,572,0.21600000000000003,0,,0
SLICES_CA-RU-R_x_687_y_451_z_666_experiment,pipeline,strength_-1,,79,503,0.19800000000000004,0,,0
SLICES_CA-RU-R_x_687_y_451_z_666_experiment,pipeline,strength_-1,,80,2947,1.2960000000000003,0,,0
SLICES_CA-RU-R_x_687_y_451_z_666_experiment,pipeline,strength_-1,,81,1720,0.6180000000000001,227,15,1
SLICES_CA-RU-R_x_687_y_451_z_666_experiment,pipeline,strength_-1,,82,409,0.138,69,17,1
SLICES_CA-RU-R_x_687_y_451_z_666_experiment,pipeline,strength_-1,,83,556,0.21000000000000005,0,,0
SLICES_CA-RU-R_x_687_y_451_z_666_experiment,pipeline,strength_-1,,84,285,0.09600000000000002,0,,0
SLICES_CA-RU-R_x_687_y_451_z_666_experiment,pipeline,strength_-1,,85,202,0.09600000000000002,0,,0
SLICES_CA-RU-R_x_687_y_451_z_666_experiment,pipeline,strength_-1,,86,602,0.30600000000000005,0,,0
SLICES_CA-RU-R_x_687_y_451_z_666_experiment,pipeline,strength_-1,,87,524,0.22800000000000004,0,,0
SLICES_CA-RU-R_x_687_y_451_z_666_experiment,pipeline,strength_-1,,88,26,0.006000000000000001,0,,0
SLICES_CA-RU-R_x_687_y_451_z_666_experiment,pipeline,strength_-1,,89,328,0.18600000000000003,0,,0
SLICES_CA-RU-R_x_687_y_451_z_666_experiment,pipeline,strength_-1,,90,1466,0.6300000000000001,0,,0
SLICES_CA-RU-R_x_687_y_451_z_666_experiment,pipeline,strength_-1,,91,342,0.138,0,,0
SLICES_CA-RU-R_x_687_y_451_z_666_experiment,pipeline,strength_-1,,92,114,0.04200000000000001,0,,0
SLICES_CA-RU-R_x_687_y_451_z_666_experiment,pipeline,strength_-1,,93,7,0.012000000000000002,0,,0
SLICES_CA-RU-R_x_687_y_451_z_666_experiment,pipeline,strength_-1,,94,857,0.37200000000000005,0,,0
SLICES_CA-RU-R_x_687_y_451_z_666_experiment,pipeline,strength_-1,,95,1983,0.8520000000000001,0,,0
SLICES_CA-RU-R_x_687_y_451_z_666_experiment,pipeline,strength_-1,,96,147,0.054000000000000006,0,,0
SLICES_CA-RU-R_x_687_y_451_z_666_experiment,pipeline,strength_-1,,97,822,0.3360000000000001,0,,0
SLICES_CA-RU-R_x_687_y_451_z_666_experiment,pipeline,strength_-1,,98,865,0.28200000000000003,0,,0
SLICES_CA-RU-R_x_687_y_451_z_666_experiment,pipeline,strength_-1,,99,19,0.012000000000000002,0,,0
SLICES_CA-RU-R_x_687_y_451_z_666_experiment,pipeline,strength_-1,,100,2344,0.6960000000000001,0,,0
SLICES_CA-RU-R_x_687_y_451_z_666_experiment,pipeline,strength_-1,,101,849,0.35400000000000004,0,,0
SLICES_CA-RU-R_x_687_y_451_z_666_experiment,pipeline,strength_-1,,102,622,0.30600000000000005,0,,0
SLICES_CA-RU-R_x_687_y_451_z_666_experiment,pipeline,strength_-1,,103,1241,0.32400000000000007,0,,0
SLICES_CA-RU-R_x_687_y_451_z_666_experiment,pipeline,strength_-1,,104,481,0.23400000000000004,0,,0
SLICES_CA-RU-R_x_687_y_451_z_666_experiment,pipeline,strength_-1,,105,1014,0.43800000000000006,0,,0
SLICES_CA-RU-R_x_687_y_451_z_666_experiment,pipeline,strength_-1,,106,165,0.06000000000000001,0,,0
SLICES_CA-RU-R_x_687_y_451_z_666_experiment,pipeline,strength_-1,,107,986,0.4800000000000001,0,,0
SLICES_CA-RU-R_x_687_y_451_z_666_experiment,pipeline,strength_-1,,108,172,0.04200000000000001,0,,0
SLICES_CA-RU-R_x_687_y_451_z_666_experiment,pipeline,strength_-1,,109,1236,0.5340000000000001,0,,0
SLICES_CA-RU-R_x_687_y_451_z_666_experiment,pipeline,strength_-1,,110,351,0.10800000000000001,0,,0
SLICES_CA-RU-R_x_687_y_451_z_666_experiment,pipeline,strength_-1,,111,35,0.006000000000000001,0,,0
SLICES_CA-RU-R_x_687_y_451_z_666_experiment,pipeline,strength_-1,,112,929,0.36000000000000004,0,,0
SLICES_CA-RU-R_x_687_y_451_z_666_experiment,pipeline,strength_-1,,113,3068,1.3380000000000003,0,,0
SLICES_CA-RU-R_x_687_y_451_z_666_experiment,pipeline,strength_-1,,114,262,0.09600000000000002,0,,0
SLICES_CA-RU-R_x_687_y_451_z_666_experiment,pipeline,strength_-1,,115,62,0.012000000000000002,0,,0
SLICES_CA-RU-R_x_687_y_451_z_666_experiment,pipeline,strength_-1,,116,328,0.13200000000000003,131,25,1
SLICES_CA-RU-R_x_687_y_451_z_666_experiment,pipeline,strength_-1,,117,971,0.4140000000000001,0,,0
SLICES_CA-RU-R_x_687_y_451_z_666_experiment,pipeline,strength_-1,,118,359,0.138,0,,0
SLICES_CA-RU-R_x_687_y_451_z_666_experiment,pipeline,strength_-1,,119,610,0.26400000000000007,0,,0
SLICES_CA-RU-R_x_687_y_451_z_666_experiment,pipeline,strength_-1,,120,1540,0.7620000000000001,100,26,1
SLICES_CA-RU-R_x_687_y_451_z_666_experiment,pipeline,strength_-1,,121,348,0.15000000000000002,0,,0
SLICES_CA-RU-R_x_687_y_451_z_666_experiment,pipeline,strength_-1,,122,235,0.11400000000000002,0,,0
SLICES_CA-RU-R_x_687_y_451_z_666_experiment,pipeline,strength_-1,,123,83,0.036000000000000004,0,,0
SLICES_CA-RU-R_x_687_y_451_z_666_experiment,pipeline,strength_-1,,124,367,0.16800000000000004,0,,0
SLICES_CA-RU-R_x_687_y_451_z_666_experiment,pipeline,strength_-1,,125,276,0.18000000000000002,0,,0
SLICES_CA-RU-R_x_687_y_451_z_666_experiment,pipeline,strength_-1,,126,1118,0.5220000000000001,0,,0
SLICES_CA-RU-R_x_687_y_451_z_666_experiment,pipeline,strength_-1,,127,337,0.138,179,27,1
SLICES_CA-RU-R_x_687_y_451_z_666_experiment,pipeline,strength_-1,,128,47,0.006000000000000001,0,,0
SLICES_CA-RU-R_x_687_y_451_z_666_experiment,pipeline,strength_-1,,129,1232,0.5220000000000001,0,,0
SLICES_CA-RU-R_x_687_y_451_z_666_experiment,pipeline,strength_-1,,130,2241,1.098,0,,0
SLICES_CA-RU-R_x_687_y_451_z_666_experiment,pipeline,strength_-1,,131,1680,0.7020000000000001,518,27;29;31,3
SLICES_CA-RU-R_x_687_y_451_z_666_experiment,pipeline,strength_-1,,132,35,0.006000000000000001,0,,0
SLICES_CA-RU-R_x_687_y_451_z_666_experiment,pipeline,strength_-1,,133,1050,0.4620000000000001,0,,0
SLICES_CA-RU-R_x_687_y_451_z_666_experiment,pipeline,strength_-1,,134,457,0.13200000000000003,0,,0
SLICES_CA-RU-R_x_687_y_451_z_666_experiment,pipeline,strength_-1,,135,365,0.10200000000000002,0,,0
SLICES_CA-RU-R_x_687_y_451_z_666_experiment,pipeline,strength_-1,,136,522,0.28200000000000003,0,,0
SLICES_CA-RU-R_x_687_y_451_z_666_experiment,pipeline,strength_-1,,137,1516,0.7560000000000001,0,,0
SLICES_CA-RU-R_x_687_y_451_z_666_experiment,pipeline,strength_-1,,138,3737,1.5600000000000003,874,28;30,2
SLICES_CA-RU-R_x_687_y_451_z_666_experiment,pipeline,strength_-1,,139,2049,0.8100000000000002,600,33;34,2
SLICES_CA-RU-R_x_687_y_451_z_666_experiment,pipeline,strength_-1,,140,1228,0.5640000000000001,0,,0
SLICES_CA-RU-R_x_687_y_451_z_666_experiment,pipeline,strength_-1,,141,1026,0.3960000000000001,0,,0
SLICES_CA-RU-R_x_687_y_451_z_666_experiment,pipeline,strength_-1,,142,365,0.16200000000000003,0,,0
SLICES_CA-RU-R_x_687_y_451_z_666_experiment,pipeline,strength_-1,,143,472,0.18600000000000003,0,,0
SLICES_CA-RU-R_x_687_y_451_z_666_experiment,pipeline,strength_-1,,144,154,0.07800000000000001,0,,0
SLICES_CA-RU-R_x_687_y_451_z_666_experiment,pipeline,strength_-1,,145,1293,0.4920000000000001,103,32,1
SLICES_CA-RU-R_x_687_y_451_z_666_experiment,pipeline,strength_-1,,146,644,0.26400000000000007,0,,0
SLICES_CA-RU-R_x_687_y_451_z_666_experiment,pipeline,strength_-1,,147,12,0.012000000000000002,0,,0
SLICES_CA-RU-R_x_687_y_451_z_666_experiment,pipeline,strength_-1,,148,273,0.15600000000000003,0,,0
SLICES_CA-RU-R_x_687_y_451_z_666_experiment,pipeline,strength_-1,,149,2121,0.9060000000000001,0,,0
SLICES_CA-RU-R_x_687_y_451_z_666_experiment,pipeline,strength_-1,,150,192,0.08400000000000002,0,,0
SLICES_CA-RU-R_x_687_y_451_z_666_experiment,pipeline,strength_-1,,151,1102,0.4080000000000001,0,,0
SLICES_CA-RU-R_x_687_y_451_z_666_experiment,pipeline,strength_-1,,152,232,0.06000000000000001,0,,0
SLICES_CA-RU-R_x_687_y_451_z_666_experiment,pipeline,strength_-1,,153,4036,1.8240000000000003,164,35,1
SLICES_CA-RU-R_x_687_y_451_z_666_experiment,pipeline,strength_-1,,154,14,0.006000000000000001,0,,0
SLICES_CA-RU-R_x_687_y_451_z_666_experiment,pipeline,strength_-1,,155,246,0.09000000000000001,0,,0
SLICES_CA-RU-R_x_687_y_451_z_666_experiment,pipeline,strength_-1,,156,66,0.04800000000000001,0,,0
SLICES_CA-RU-R_x_687_y_451_z_666_experiment,pipeline,strength_-1,,157,603,0.23400000000000004,0,,0
SLICES_CA-RU-R_x_687_y_451_z_666_experiment,pipeline,strength_-1,,158,140,0.06000000000000001,0,,0
SLICES_CA-RU-R_x_687_y_451_z_666_experiment,pipeline,strength_-1,,159,216,0.06600000000000002,0,,0
SLICES_CA-RU-R_x_687_y_451_z_666_experiment,pipeline,strength_-1,,160,1717,0.7500000000000001,0,,0
SLICES_CA-RU-R_x_687_y_451_z_666_experiment,pipeline,strength_-1,,161,447,0.13200000000000003,0,,0
SLICES_CA-RU-R_x_687_y_451_z_666_experiment,pipeline,strength_-1,,162,369,0.19800000000000004,0,,0
SLICES_CA-RU-R_x_687_y_451_z_666_experiment,pipeline,strength_-1,,163,195,0.07800000000000001,0,,0
SLICES_CA-RU-R_x_687_y_451_z_666_experiment,pipeline,strength_-1,,164,290,0.12000000000000002,0,,0
SLICES_CA-RU-R_x_687_y_451_z_666_experiment,pipeline,strength_-1,,165,173,0.06000000000000001,0,,0
SLICES_CA-RU-R_x_687_y_451_z_666_experiment,pipeline,strength_-1,,166,51,0.024000000000000004,0,,0
SLICES_CA-RU-R_x_687_y_451_z_666_experiment,pipeline,strength_-1,,167,199,0.07800000000000001,0,,0
SLICES_CA-RU-R_x_687_y_451_z_666_experiment,pipeline,strength_-1,,168,626,0.24000000000000005,0,,0
SLICES_CA-RU-R_x_687_y_451_z_666_experiment,pipeline,strength_-1,,169,939,0.31200000000000006,355,36,1
SLICES_CA-RU-R_x_687_y_451_z_666_experiment,pipeline,strength_-1,,170,1229,0.5700000000000001,267,36,1
SLICES_CA-RU-R_x_687_y_451_z_666_experiment,pipeline,strength_-1,,171,387,0.16200000000000003,0,,0
SLICES_CA-RU-R_x_687_y_451_z_666_experiment,pipeline,strength_-1,,172,69,0.04200000000000001,0,,0
SLICES_CA-RU-R_x_687_y_451_z_666_experiment,pipeline,strength_-1,,173,200,0.07200000000000001,0,,0
SLICES_CA-RU-R_x_687_y_451_z_666_experiment,pipeline,strength_-1,,174,303,0.11400000000000002,0,,0
SLICES_CA-RU-R_x_687_y_451_z_666_experiment,pipeline,strength_-1,,175,433,0.15600000000000003,0,,0
SLICES_CA-RU-R_x_687_y_451_z_666_experiment,pipeline,strength_-1,,176,504,0.276,0,,0
SLICES_CA-RU-R_x_687_y_451_z_666_experiment,pipeline,strength_-1,,177,46,0.012000000000000002,0,,0
SLICES_CA-RU-R_x_687_y_451_z_666_experiment,pipeline,strength_-1,,178,376,0.15600000000000003,0,,0
SLICES_CA-RU-R_x_687_y_451_z_666_experiment,pipeline,strength_-1,,179,1037,0.3960000000000001,0,,0
SLICES_CA-RU-R_x_687_y_451_z_666_experiment,pipeline,strength_-1,,180,779,0.31200000000000006,0,,0
SLICES_CA-RU-R_x_687_y_451_z_666_experiment,pipeline,strength_-1,,181,53,0.024000000000000004,0,,0
SLICES_CA-RU-R_x_687_y_451_z_666_experiment,pipeline,strength_-1,,182,45,0.006000000000000001,0,,0
SLICES_CA-RU-R_x_687_y_451_z_666_experiment,pipeline,strength_-1,,183,215,0.07800000000000001,0,,0
SLICES_CA-RU-R_x_687_y_451_z_666_experiment,pipeline,strength_-1,,184,556,0.18000000000000002,0,,0
SLICES_CA-RU-R_x_687_y_451_z_666_experiment,pipeline,strength_-1,,185,204,0.13200000000000003,0,,0
SLICES_CA-RU-R_x_687_y_451_z_666_experiment,pipeline,strength_-1,,186,366,0.13200000000000003,0,,0
SLICES_CA-RU-R_x_687_y_451_z_666_experiment,pipeline,strength_-1,,187,351,0.10800000000000001,0,,0
SLICES_CA-RU-R_x_687_y_451_z_666_experiment,pipeline,strength_-1,,188,274,0.15000000000000002,0,,0
SLICES_CA-RU-R_x_687_y_451_z_666_experiment,pipeline,strength_-1,,189,117,0.06600000000000002,0,,0
SLICES_CA-RU-R_x_687_y_451_z_666_experiment,pipeline,strength_-1,,190,152,0.06000000000000001,0,,0
SLICES_CA-RU-R_x_687_y_451_z_666_experiment,pipeline,strength_-1,,191,76,0.030000000000000006,0,,0
SLICES_CA-RU-R_x_687_y_451_z_666_experiment,pipeline,strength_-1,,192,14,0.012000000000000002,0,,0
SLICES_CA-RU-R_x_687_y_451_z_666_experiment,pipeline,strength_+1,,1,378,0.15000000000000002,0,,0
SLICES_CA-RU-R_x_687_y_451_z_666_experiment,pipeline,strength_+1,,2,1602,0.5880000000000001,144,1,1
SLICES_CA-RU-R_x_687_y_451_z_666_experiment,pipeline,strength_+1,,3,820,0.4080000000000001,0,,0
SLICES_CA-RU-R_x_687_y_451_z_666_experiment,pipeline,strength_+1,,4,55,0.04200000000000001,0,,0
SLICES_CA-RU-R_x_687_y_451_z_666_experiment,pipeline,strength_+1,,5,939,0.37800000000000006,196,4,1
SLICES_CA-RU-R_x_687_y_451_z_666_experiment,pipeline,strength_+1,,6,1836,0.6660000000000001,1089,2;3,2
SLICES_CA-RU-R_x_687_y_451_z_666_experiment,pipeline,strength_+1,,7,609,0.23400000000000004,0,,0
SLICES_CA-RU-R_x_687_y_451_z_666_experiment,pipeline,strength_+1,,8,243,0.12000000000000002,0,,0
SLICES_CA-RU-R_x_687_y_451_z_666_experiment,pipeline,strength_+1,,9,69,0.030000000000000006,0,,0
SLICES_CA-RU-R_x_687_y_451_z_666_experiment,pipeline,strength_+1,,10,4161,1.7760000000000002,894,8;9,2
SLICES_CA-RU-R_x_687_y_451_z_666_experiment,pipeline,strength_+1,,11,2830,1.2480000000000002,145,11,1
SLICES_CA-RU-R_x_687_y_451_z_666_experiment,pipeline,strength_+1,,12,2328,1.1580000000000001,0,,0
SLICES_CA-RU-R_x_687_y_451_z_666_experiment,pipeline,strength_+1,,13,418,0.19800000000000004,77,5,1
SLICES_CA-RU-R_x_687_y_451_z_666_experiment,pipeline,strength_+1,,14,1223,0.4140000000000001,0,,0
SLICES_CA-RU-R_x_687_y_451_z_666_experiment,pipeline,strength_+1,,15,352,0.10800000000000001,0,,0
SLICES_CA-RU-R_x_687_y_451_z_666_experiment,pipeline,strength_+1,,16,535,0.276,0,,0
SLICES_CA-RU-R_x_687_y_451_z_666_experiment,pipeline,strength_+1,,17,396,0.12000000000000002,141,6;7,2
SLICES_CA-RU-R_x_687_y_451_z_666_experiment,pipeline,strength_+1,,18,345,0.19200000000000003,0,,0
SLICES_CA-RU-R_x_687_y_451_z_666_experiment,pipeline,strength_+1,,19,473,0.18000000000000002,0,,0
SLICES_CA-RU-R_x_687_y_451_z_666_experiment,pipeline,strength_+1,,20,410,0.15000000000000002,0,,0
SLICES_CA-RU-R_x_687_y_451_z_666_experiment,pipeline,strength_+1,,21,382,0.12600000000000003,0,,0
SLICES_CA-RU-R_x_687_y_451_z_666_experiment,pipeline,strength_+1,,22,646,0.25200000000000006,0,,0
SLICES_CA-RU-R_x_687_y_451_z_666_experiment,pipeline,strength_+1,,23,739,0.30000000000000004,0,,0
SLICES_CA-RU-R_x_687_y_451_z_666_experiment,pipeline,strength_+1,,24,108,0.054000000000000006,0,,0
SLICES_CA-RU-R_x_687_y_451_z_666_experiment,pipeline,strength_+1,,25,1069,0.43200000000000005,23,8,1
SLICES_CA-RU-R_x_687_y_451_z_666_experiment,pipeline,strength_+1,,26,12,0.012000000000000002,0,,0
SLICES_CA-RU-R_x_687_y_451_z_666_experiment,pipeline,strength_+1,,27,234,0.138,0,,0
SLICES_CA-RU-R_x_687_y_451_z_666_experiment,pipeline,strength_+1,,28,243,0.08400000000000002,0,,0
SLICES_CA-RU-R_x_687_y_451_z_666_experiment,pipeline,strength_+1,,29,1574,0.6900000000000002,0,,0
SLICES_CA-RU-R_x_687_y_451_z_666_experiment,pipeline,strength_+1,,30,682,0.276,0,,0
SLICES_CA-RU-R_x_687_y_451_z_666_experiment,pipeline,strength_+1,,31,476,0.19800000000000004,0,,0
SLICES_CA-RU-R_x_687_y_451_z_666_experiment,pipeline,strength_+1,,32,752,0.26400000000000007,0,,0
SLICES_CA-RU-R_x_687_y_451_z_666_experiment,pipeline,strength_+1,,33,1259,0.5700000000000001,0,,0
SLICES_CA-RU-R_x_687_y_451_z_666_experiment,pipeline,strength_+1,,34,86,0.036000000000000004,0,,0
SLICES_CA-RU-R_x_687_y_451_z_666_experiment,pipeline,strength_+1,,35,1308,0.552,0,,0
SLICES_CA-RU-R_x_687_y_451_z_666_experiment,pipeline,strength_+1,,36,53,0.006000000000000001,0,,0
SLICES_CA-RU-R_x_687_y_451_z_666_experiment,pipeline,strength_+1,,37,2077,0.8940000000000001,560,12,1
SLICES_CA-RU-R_x_687_y_451_z_666_experiment,pipeline,strength_+1,,38,45,0.0,0,,0
SLICES_CA-RU-R_x_687_y_451_z_666_experiment,pipeline,strength_+1,,39,42,0.012000000000000002,0,,0
SLICES_CA-RU-R_x_687_y_451_z_666_experiment,pipeline,strength_+1,,40,42,0.006000000000000001,0,,0
SLICES_CA-RU-R_x_687_y_451_z_666_experiment,pipeline,strength_+1,,41,2718,0.9240000000000002,0,,0
SLICES_CA-RU-R_x_687_y_451_z_666_experiment,pipeline,strength_+1,,42,710,0.27,0,,0
SLICES_CA-RU-R_x_687_y_451_z_666_experiment,pipeline,strength_+1,,43,256,0.09000000000000001,0,,0
SLICES_CA-RU-R_x_687_y_451_z_666_experiment,pipeline,strength_+1,,44,419,0.19200000000000003,0,,0
SLICES_CA-RU-R_x_687_y_451_z_666_experiment,pipeline,strength_+1,,45,1100,0.5640000000000001,202,10;18;19,3
SLICES_CA-RU-R_x_687_y_451_z_666_experiment,pipeline,strength_+1,,46,4352,1.8360000000000003,880,20;23;24,3
SLICES_CA-RU-R_x_687_y_451_z_666_experiment,pipeline,strength_+1,,47,399,0.15000000000000002,0,,0
SLICES_CA-RU-R_x_687_y_451_z_666_experiment,pipeline,strength_+1,,48,766,0.31200000000000006,0,,0
SLICES_CA-RU-R_x_687_y_451_z_666_experiment,pipeline,strength_+1,,49,617,0.24000000000000005,0,,0
SLICES_CA-RU-R_x_687_y_451_z_666_experiment,pipeline,strength_+1,,50,945,0.43200000000000005,0,,0
SLICES_CA-RU-R_x_687_y_451_z_666_experiment,pipeline,strength_+1,,51,337,0.12600000000000003,0,,0
SLICES_CA-RU-R_x_687_y_451_z_666_experiment,pipeline,strength_+1,,52,1239,0.5340000000000001,0,,0
SLICES_CA-RU-R_x_687_y_451_z_666_experiment,pipeline,strength_+1,,53,357,0.16200000000000003,0,,0
SLICES_CA-RU-R_x_687_y_451_z_666_experiment,pipeline,strength_+1,,54,471,0.21600000000000003,0,,0
SLICES_CA-RU-R_x_687_y_451_z_666_experiment,pipeline,strength_+1,,55,581,0.24000000000000005,0,,0
SLICES_CA-RU-R_x_687_y_451_z_666_experiment,pipeline,strength_+1,,56,141,0.036000000000000004,0,,0
SLICES_CA-RU-R_x_687_y_451_z_666_experiment,pipeline,strength_+1,,57,300,0.12000000000000002,0,,0
SLICES_CA-RU-R_x_687_y_451_z_666_experiment,pipeline,strength_+1,,58,275,0.10200000000000002,0,,0
SLICES_CA-RU-R_x_687_y_451_z_666_experiment,pipeline,strength_+1,,59,271,0.10200000000000002,0,,0
SLICES_CA-RU-R_x_687_y_451_z_666_experiment,pipeline,strength_+1,,60,1193,0.5700000000000001,0,,0
SLICES_CA-RU-R_x_687_y_451_z_666_experiment,pipeline,strength_+1,,61,779,0.38400000000000006,0,,0
SLICES_CA-RU-R_x_687_y_451_z_666_experiment,pipeline,strength_+1,,62,425,0.14400000000000002,0,,0
SLICES_CA-RU-R_x_687_y_451_z_666_experiment,pipeline,strength_+1,,63,565,0.19800000000000004,113,14,1
SLICES_CA-RU-R_x_687_y_451_z_666_experiment,pipeline,strength_+1,,64,487,0.19800000000000004,0,,0
SLICES_CA-RU-R_x_687_y_451_z_666_experiment,pipeline,strength_+1,,65,3638,1.6020000000000003,764,21,1
SLICES_CA-RU-R_x_687_y_451_z_666_experiment,pipeline,strength_+1,,66,1215,0.43800000000000006,0,,0
SLICES_CA-RU-R_x_687_y_451_z_666_experiment,pipeline,strength_+1,,67,1598,0.7320000000000001,0,,0
SLICES_CA-RU-R_x_687_y_451_z_666_experiment,pipeline,strength_+1,,68,1394,0.5940000000000001,107,13,1
SLICES_CA-RU-R_x_687_y_451_z_666_experiment,pipeline,strength_+1,,69,372,0.138,0,,0
SLICES_CA-RU-R_x_687_y_451_z_666_experiment,pipeline,strength_+1,,70,1475,0.6240000000000001,0,,0
SLICES_CA-RU-R_x_687_y_451_z_666_experiment,pipeline,strength_+1,,71,248,0.12600000000000003,0,,0
SLICES_CA-RU-R_x_687_y_451_z_666_experiment,pipeline,strength_+1,,72,19,0.012000000000000002,0,,0
SLICES_CA-RU-R_x_687_y_451_z_666_experiment,pipeline,strength_+1,,73,354,0.15600000000000003,0,,0
SLICES_CA-RU-R_x_687_y_451_z_666_experiment,pipeline,strength_+1,,74,437,0.22800000000000004,0,,0
SLICES_CA-RU-R_x_687_y_451_z_666_experiment,pipeline,strength_+1,,75,789,0.3420000000000001,0,,0
SLICES_CA-RU-R_x_687_y_451_z_666_experiment,pipeline,strength_+1,,76,447,0.18600000000000003,194,16,1
SLICES_CA-RU-R_x_687_y_451_z_666_experiment,pipeline,strength_+1,,77,1094,0.54,0,,0
SLICES_CA-RU-R_x_687_y_451_z_666_experiment,pipeline,strength_+1,,78,507,0.19200000000000003,0,,0
SLICES_CA-RU-R_x_687_y_451_z_666_experiment,pipeline,strength_+1,,79,2947,1.2960000000000003,0,,0
SLICES_CA-RU-R_x_687_y_451_z_666_experiment,pipeline,strength_+1,,80,1718,0.6180000000000001,227,15,1
SLICES_CA-RU-R_x_687_y_451_z_666_experiment,pipeline,strength_+1,,81,409,0.138,69,17,1
SLICES_CA-RU-R_x_687_y_451_z_666_experiment,pipeline,strength_+1,,82,554,0.21000000000000005,0,,0
SLICES_CA-RU-R_x_687_y_451_z_666_experiment,pipeline,strength_+1,,83,283,0.09600000000000002,0,,0
SLICES_CA-RU-R_x_687_y_451_z_666_experiment,pipeline,strength_+1,,84,202,0.09600000000000002,0,,0
SLICES_CA-RU-R_x_687_y_451_z_666_experiment,pipeline,strength_+1,,85,719,0.31200000000000006,0,,0
SLICES_CA-RU-R_x_687_y_451_z_666_experiment,pipeline,strength_+1,,86,524,0.22800000000000004,0,,0
SLICES_CA-RU-R_x_687_y_451_z_666_experiment,pipeline,strength_+1,,87,26,0.006000000000000001,0,,0
SLICES_CA-RU-R_x_687_y_451_z_666_experiment,pipeline,strength_+1,,88,337,0.18600000000000003,0,,0
SLICES_CA-RU-R_x_687_y_451_z_666_experiment,pipeline,strength_+1,,89,1513,0.6240000000000001,0,,0
SLICES_CA-RU-R_x_687_y_451_z_666_experiment,pipeline,strength_+1,,90,345,0.138,0,,0
SLICES_CA-RU-R_x_687_y_451_z_666_experiment,pipeline,strength_+1,,91,114,0.04200000000000001,0,,0
SLICES_CA-RU-R_x_687_y_451_z_666_experiment,pipeline,strength_+1,,92,7,0.012000000000000002,0,,0
SLICES_CA-RU-R_x_687_y_451_z_666_experiment,pipeline,strength_+1,,93,1982,0.8460000000000001,0,,0
SLICES_CA-RU-R_x_687_y_451_z_666_experiment,pipeline,strength_+1,,94,401,0.138,0,,0
SLICES_CA-RU-R_x_687_y_451_z_666_experiment,pipeline,strength_+1,,95,820,0.3360000000000001,0,,0
SLICES_CA-RU-R_x_687_y_451_z_666_experiment,pipeline,strength_+1,,96,861,0.276,0,,0
SLICES_CA-RU-R_x_687_y_451_z_666_experiment,pipeline,strength_+1,,97,849,0.35400000000000004,0,,0
SLICES_CA-RU-R_x_687_y_451_z_666_experiment,pipeline,strength_+1,,98,643,0.29400000000000004,0,,0
SLICES_CA-RU-R_x_687_y_451_z_666_experiment,pipeline,strength_+1,,99,2136,0.6240000000000001,0,,0
SLICES_CA-RU-R_x_687_y_451_z_666_experiment,pipeline,strength_+1,,100,19,0.012000000000000002,0,,0
SLICES_CA-RU-R_x_687_y_451_z_666_experiment,pipeline,strength_+1,,101,1239,0.32400000000000007,0,,0
SLICES_CA-RU-R_x_687_y_451_z_666_experiment,pipeline,strength_+1,,102,1019,0.43800000000000006,0,,0
SLICES_CA-RU-R_x_687_y_451_z_666_experiment,pipeline,strength_+1,,103,19,0.012000000000000002,0,,0
SLICES_CA-RU-R_x_687_y_451_z_666_experiment,pipeline,strength_+1,,104,165,0.06000000000000001,0,,0
SLICES_CA-RU-R_x_687_y_451_z_666_experiment,pipeline,strength_+1,,105,328,0.16200000000000003,0,,0
SLICES_CA-RU-R_x_687_y_451_z_666_experiment,pipeline,strength_+1,,106,986,0.4800000000000001,0,,0
SLICES_CA-RU-R_x_687_y_451_z_666_experiment,pipeline,strength_+1,,107,328,0.15000000000000002,0,,0
SLICES_CA-RU-R_x_687_y_451_z_666_experiment,pipeline,strength_+1,,108,1237,0.5340000000000001,0,,0
SLICES_CA-RU-R_x_687_y_451_z_666_experiment,pipeline,strength_+1,,109,354,0.10800000000000001,0,,0
SLICES_CA-RU-R_x_687_y_451_z_666_experiment,pipeline,strength_+1,,110,929,0.36000000000000004,0,,0
SLICES_CA-RU-R_x_687_y_451_z_666_experiment,pipeline,strength_+1,,111,3070,1.3380000000000003,0,,0
SLICES_CA-RU-R_x_687_y_451_z_666_experiment,pipeline,strength_+1,,112,262,0.09600000000000002,0,,0
SLICES_CA-RU-R_x_687_y_451_z_666_experiment,pipeline,strength_+1,,113,62,0.012000000000000002,0,,0
SLICES_CA-RU-R_x_687_y_451_z_666_experiment,pipeline,strength_+1,,114,328,0.13200000000000003,131,25,1
SLICES_CA-RU-R_x_687_y_451_z_666_experiment,pipeline,strength_+1,,115,1914,0.9540000000000002,100,26,1
SLICES_CA-RU-R_x_687_y_451_z_666_experiment,pipeline,strength_+1,,116,971,0.4140000000000001,0,,0
SLICES_CA-RU-R_x_687_y_451_z_666_experiment,pipeline,strength_+1,,117,372,0.138,0,,0
SLICES_CA-RU-R_x_687_y_451_z_666_experiment,pipeline,strength_+1,,118,753,0.37200000000000005,0,,0
SLICES_CA-RU-R_x_687_y_451_z_666_experiment,pipeline,strength_+1,,119,367,0.15600000000000003,0,,0
SLICES_CA-RU-R_x_687_y_451_z_666_experiment,pipeline,strength_+1,,120,374,0.16800000000000004,0,,0
SLICES_CA-RU-R_x_687_y_451_z_666_experiment,pipeline,strength_+1,,121,274,0.18000000000000002,0,,0
SLICES_CA-RU-R_x_687_y_451_z_666_experiment,pipeline,strength_+1,,122,1134,0.5160000000000001,0,,0
SLICES_CA-RU-R_x_687_y_451_z_666_experiment,pipeline,strength_+1,,123,337,0.138,179,27,1
SLICES_CA-RU-R_x_687_y_451_z_666_experiment,pipeline,strength_+1,,124,47,0.006000000000000001,0,,0
SLICES_CA-RU-R_x_687_y_451_z_666_experiment,pipeline,strength_+1,,125,1235,0.5220000000000001,0,,0
SLICES_CA-RU-R_x_687_y_451_z_666_experiment,pipeline,strength_+1,,126,2229,1.086,0,,0
SLICES_CA-RU-R_x_687_y_451_z_666_experiment,pipeline,strength_+1,,127,1671,0.7020000000000001,513,27;29;31,3
SLICES_CA-RU-R_x_687_y_451_z_666_experiment,pipeline,strength_+1,,128,30,0.012000000000000002,0,,0
SLICES_CA-RU-R_x_687_y_451_z_666_experiment,pipeline,strength_+1,,129,1049,0.4620000000000001,0,,0
SLICES_CA-RU-R_x_687_y_451_z_666_experiment,pipeline,strength_+1,,130,457,0.13200000000000003,0,,0
SLICES_CA-RU-R_x_687_y_451_z_666_experiment,pipeline,strength_+1,,131,372,0.11400000000000002,0,,0
SLICES_CA-RU-R_x_687_y_451_z_666_experiment,pipeline,strength_+1,,132,584,0.28800000000000003,0,,0
SLICES_CA-RU-R_x_687_y_451_z_666_experiment,pipeline,strength_+1,,133,3473,1.4280000000000002,878,28;30,2
SLICES_CA-RU-R_x_687_y_451_z_666_experiment,pipeline,strength_+1,,134,2049,0.8100000000000002,600,33;34,2
SLICES_CA-RU-R_x_687_y_451_z_666_experiment,pipeline,strength_+1,,135,1035,0.3960000000000001,0,,0
SLICES_CA-RU-R_x_687_y_451_z_666_experiment,pipeline,strength_+1,,136,472,0.18600000000000003,0,,0
SLICES_CA-RU-R_x_687_y_451_z_666_experiment,pipeline,strength_+1,,137,162,0.07800000000000001,0,,0
SLICES_CA-RU-R_x_687_y_451_z_666_experiment,pipeline,strength_+1,,138,1791,0.7080000000000001,103,32,1
SLICES_CA-RU-R_x_687_y_451_z_666_experiment,pipeline,strength_+1,,139,636,0.26400000000000007,0,,0
SLICES_CA-RU-R_x_687_y_451_z_666_experiment,pipeline,strength_+1,,140,12,0.012000000000000002,0,,0
SLICES_CA-RU-R_x_687_y_451_z_666_experiment,pipeline,strength_+1,,141,280,0.15600000000000003,0,,0
SLICES_CA-RU-R_x_687_y_451_z_666_experiment,pipeline,strength_+1,,142,2193,0.9000000000000001,0,,0
SLICES_CA-RU-R_x_687_y_451_z_666_experiment,pipeline,strength_+1,,143,192,0.08400000000000002,0,,0
SLICES_CA-RU-R_x_687_y_451_z_666_experiment,pipeline,strength_+1,,144,1102,0.4080000000000001,0,,0
SLICES_CA-RU-R_x_687_y_451_z_666_experiment,pipeline,strength_+1,,145,232,0.06000000000000001,0,,0
SLICES_CA-RU-R_x_687_y_451_z_666_experiment,pipeline,strength_+1,,146,4024,1.8240000000000003,165,35,1
SLICES_CA-RU-R_x_687_y_451_z_666_experiment,pipeline,strength_+1,,147,1114,0.54,0,,0
SLICES_CA-RU-R_x_687_y_451_z_666_experiment,pipeline,strength_+1,,148,14,0.006000000000000001,0,,0
SLICES_CA-RU-R_x_687_y_451_z_666_experiment,pipeline,strength_+1,,149,246,0.09000000000000001,0,,0
SLICES_CA-RU-R_x_687_y_451_z_666_experiment,pipeline,strength_+1,,150,66,0.04800000000000001,0,,0
SLICES_CA-RU-R_x_687_y_451_z_666_experiment,pipeline,strength_+1,,151,434,0.18000000000000002,0,,0
SLICES_CA-RU-R_x_687_y_451_z_666_experiment,pipeline,strength_+1,,152,849,0.3360000000000001,0,,0
SLICES_CA-RU-R_x_687_y_451_z_666_experiment,pipeline,strength_+1,,153,216,0.06600000000000002,0,,0
SLICES_CA-RU-R_x_687_y_451_z_666_experiment,pipeline,strength_+1,,154,1673,0.6960000000000001,0,,0
SLICES_CA-RU-R_x_687_y_451_z_666_experiment,pipeline,strength_+1,,155,447,0.13200000000000003,0,,0
SLICES_CA-RU-R_x_687_y_451_z_666_experiment,pipeline,strength_+1,,156,368,0.19800000000000004,0,,0
SLICES_CA-RU-R_x_687_y_451_z_666_experiment,pipeline,strength_+1,,157,321,0.13200000000000003,0,,0
SLICES_CA-RU-R_x_687_y_451_z_666_experiment,pipeline,strength_+1,,158,40,0.0,0,,0
SLICES_CA-RU-R_x_687_y_451_z_666_experiment,pipeline,strength_+1,,159,51,0.024000000000000004,0,,0
SLICES_CA-RU-R_x_687_y_451_z_666_experiment,pipeline,strength_+1,,160,205,0.08400000000000002,0,,0
SLICES_CA-RU-R_x_687_y_451_z_666_experiment,pipeline,strength_+1,,161,626,0.24000000000000005,0,,0
SLICES_CA-RU-R_x_687_y_451_z_666_experiment,pipeline,strength_+1,,162,943,0.31200000000000006,359,36,1
SLICES_CA-RU-R_x_687_y_451_z_666_experiment,pipeline,strength_+1,,163,1232,0.5820000000000001,268,36,1
SLICES_CA-RU-R_x_687_y_451_z_666_experiment,pipeline,strength_+1,,164,387,0.16200000000000003,0,,0
SLICES_CA-RU-R_x_687_y_451_z_666_experiment,pipeline,strength_+1,,165,99,0.04200000000000001,0,,0
SLICES_CA-RU-R_x_687_y_451_z_666_experiment,pipeline,strength_+1,,166,303,0.11400000000000002,0,,0
SLICES_CA-RU-R_x_687_y_451_z_666_experiment,pipeline,strength_+1,,167,435,0.15600000000000003,0,,0
SLICES_CA-RU-R_x_687_y_451_z_666_experiment,pipeline,strength_+1,,168,504,0.276,0,,0
SLICES_CA-RU-R_x_687_y_451_z_666_experiment,pipeline,strength_+1,,169,46,0.012000000000000002,0,,0
SLICES_CA-RU-R_x_687_y_451_z_666_experiment,pipeline,strength_+1,,170,376,0.15600000000000003,0,,0
SLICES_CA-RU-R_x_687_y_451_z_666_experiment,pipeline,strength_+1,,171,1038,0.3960000000000001,0,,0
SLICES_CA-RU-R_x_687_y_451_z_666_experiment,pipeline,strength_+1,,172,779,0.31200000000000006,0,,0
SLICES_CA-RU-R_x_687_y_451_z_666_experiment,pipeline,strength_+1,,173,53,0.024000000000000004,0,,0
SLICES_CA-RU-R_x_687_y_451_z_666_experiment,pipeline,strength_+1,,174,19,0.012000000000000002,0,,0
SLICES_CA-RU-R_x_687_y_451_z_666_experiment,pipeline,strength_+1,,175,202,0.07800000000000001,0,,0
SLICES_CA-RU-R_x_687_y_451_z_666_experiment,pipeline,strength_+1,,176,556,0.18000000000000002,0,,0
SLICES_CA-RU-R_x_687_y_451_z_666_experiment,pipeline,strength_+1,,177,204,0.13200000000000003,0,,0
SLICES_CA-RU-R_x_687_y_451_z_666_experiment,pipeline,strength_+1,,178,363,0.13200000000000003,0,,0
SLICES_CA-RU-R_x_687_y_451_z_666_experiment,pipeline,strength_+1,,179,350,0.10800000000000001,0,,0
SLICES_CA-RU-R_x_687_y_451_z_666_experiment,pipeline,strength_+1,,180,274,0.15000000000000002,0,,0
SLICES_CA-RU-R_x_687_y_451_z_666_experiment,pipeline,strength_+1,,181,117,0.06600000000000002,0,,0
SLICES_CA-RU-R_x_687_y_451_z_666_experiment,pipeline,strength_+1,,182,166,0.06000000000000001,0,,0
SLICES_CA-RU-R_x_687_y_451_z_666_experiment,pipeline,strength_+1,,183,76,0.030000000000000006,0,,0
SLICES_CA-RU-R_x_687_y_451_z_666_experiment,pipeline,strength_+1,,184,14,0.012000000000000002,0,,0
SLICES_CA-RU-R_x_687_y_451_z_666_experiment,pipeline,strength_+2,,1,365,0.15600000000000003,0,,0
SLICES_CA-RU-R_x_687_y_451_z_666_experiment,pipeline,strength_+2,,2,1587,0.558,138,1,1
SLICES_CA-RU-R_x_687_y_451_z_666_experiment,pipeline,strength_+2,,3,809,0.34800000000000003,0,,0
SLICES_CA-RU-R_x_687_y_451_z_666_experiment,pipeline,strength_+2,,4,83,0.04200000000000001,0,,0
SLICES_CA-RU-R_x_687_y_451_z_666_experiment,pipeline,strength_+2,,5,939,0.37800000000000006,196,4,1
SLICES_CA-RU-R_x_687_y_451_z_666_experiment,pipeline,strength_+2,,6,1836,0.6660000000000001,1089,2;3,2
SLICES_CA-RU-R_x_687_y_451_z_666_experiment,pipeline,strength_+2,,7,449,0.18000000000000002,0,,0
SLICES_CA-RU-R_x_687_y_451_z_666_experiment,pipeline,strength_+2,,8,243,0.12000000000000002,0,,0
SLICES_CA-RU-R_x_687_y_451_z_666_experiment,pipeline,strength_+2,,9,69,0.030000000000000006,0,,0
SLICES_CA-RU-R_x_687_y_451_z_666_experiment,pipeline,strength_+2,,10,6164,2.5860000000000003,968,8;9,2
SLICES_CA-RU-R_x_687_y_451_z_666_experiment,pipeline,strength_+2,,11,2850,1.2540000000000002,145,11,1
SLICES_CA-RU-R_x_687_y_451_z_666_experiment,pipeline,strength_+2,,12,2234,1.1460000000000001,0,,0
SLICES_CA-RU-R_x_687_y_451_z_666_experiment,pipeline,strength_+2,,13,418,0.19800000000000004,77,5,1
SLICES_CA-RU-R_x_687_y_451_z_666_experiment,pipeline,strength_+2,,14,1223,0.4140000000000001,0,,0
SLICES_CA-RU-R_x_687_y_451_z_666_experiment,pipeline,strength_+2,,15,352,0.10800000000000001,0,,0
SLICES_CA-RU-R_x_687_y_451_z_666_experiment,pipeline,strength_+2,,16,569,0.276,0,,0
SLICES_CA-RU-R_x_687_y_451_z_666_experiment,pipeline,strength_+2,,17,396,0.12000000000000002,141,6;7,2
SLICES_CA-RU-R_x_687_y_451_z_666_experiment,pipeline,strength_+2,,18,345,0.19200000000000003,0,,0
SLICES_CA-RU-R_x_687_y_451_z_666_experiment,pipeline,strength_+2,,19,443,0.18000000000000002,0,,0
SLICES_CA-RU-R_x_687_y_451_z_666_experiment,pipeline,strength_+2,,20,410,0.15000000000000002,0,,0
SLICES_CA-RU-R_x_687_y_451_z_666_experiment,pipeline,strength_+2,,21,382,0.12600000000000003,0,,0
SLICES_CA-RU-R_x_687_y_451_z_666_experiment,pipeline,strength_+2,,22,646,0.25200000000000006,0,,0
SLICES_CA-RU-R_x_687_y_451_z_666_experiment,pipeline,strength_+2,,23,739,0.30000000000000004,0,,0
SLICES_CA-RU-R_x_687_y_451_z_666_experiment,pipeline,strength_+2,,24,127,0.04800000000000001,0,,0
SLICES_CA-RU-R_x_687_y_451_z_666_experiment,pipeline,strength_+2,,25,304,0.13200000000000003,0,,0
SLICES_CA-RU-R_x_687_y_451_z_666_experiment,pipeline,strength_+2,,26,12,0.012000000000000002,0,,0
SLICES_CA-RU-R_x_687_y_451_z_666_experiment,pipeline,strength_+2,,27,234,0.138,0,,0
SLICES_CA-RU-R_x_687_y_451_z_666_experiment,pipeline,strength_+2,,28,243,0.08400000000000002,0,,0
SLICES_CA-RU-R_x_687_y_451_z_666_experiment,pipeline,strength_+2,,29,1053,0.5100000000000001,0,,0
SLICES_CA-RU-R_x_687_y_451_z_666_experiment,pipeline,strength_+2,,30,644,0.31200000000000006,0,,0
SLICES_CA-RU-R_x_687_y_451_z_666_experiment,pipeline,strength_+2,,31,476,0.19800000000000004,0,,0
SLICES_CA-RU-R_x_687_y_451_z_666_experiment,pipeline,strength_+2,,32,753,0.26400000000000007,0,,0
SLICES_CA-RU-R_x_687_y_451_z_666_experiment,pipeline,strength_+2,,33,1259,0.5700000000000001,0,,0
SLICES_CA-RU-R_x_687_y_451_z_666_experiment,pipeline,strength_+2,,34,86,0.036000000000000004,0,,0
SLICES_CA-RU-R_x_687_y_451_z_666_experiment,pipeline,strength_+2,,35,1310,0.546,0,,0
SLICES_CA-RU-R_x_687_y_451_z_666_experiment,pipeline,strength_+2,,36,41,0.024000000000000004,0,,0
SLICES_CA-RU-R_x_687_y_451_z_666_experiment,pipeline,strength_+2,,37,2085,0.9000000000000001,557,12,1
SLICES_CA-RU-R_x_687_y_451_z_666_experiment,pipeline,strength_+2,,38,45,0.0,0,,0
SLICES_CA-RU-R_x_687_y_451_z_666_experiment,pipeline,strength_+2,,39,42,0.012000000000000002,0,,0
SLICES_CA-RU-R_x_687_y_451_z_666_experiment,pipeline,strength_+2,,40,35,0.0,0,,0
SLICES_CA-RU-R_x_687_y_451_z_666_experiment,pipeline,strength_+2,,41,2729,0.9180000000000001,0,,0
SLICES_CA-RU-R_x_687_y_451_z_666_experiment,pipeline,strength_+2,,42,235,0.08400000000000002,0,,0
SLICES_CA-RU-R_x_687_y_451_z_666_experiment,pipeline,strength_+2,,43,439,0.18600000000000003,0,,0
SLICES_CA-RU-R_x_687_y_451_z_666_experiment,pipeline,strength_+2,,44,1100,0.5640000000000001,202,10;18;19,3
SLICES_CA-RU-R_x_687_y_451_z_666_experiment,pipeline,strength_+2,,45,396,0.15000000000000002,0,,0
SLICES_CA-RU-R_x_687_y_451_z_666_experiment,pipeline,strength_+2,,46,769,0.31200000000000006,0,,0
SLICES_CA-RU-R_x_687_y_451_z_666_experiment,pipeline,strength_+2,,47,997,0.4020000000000001,0,,0
SLICES_CA-RU-R_x_687_y_451_z_666_experiment,pipeline,strength_+2,,48,944,0.43200000000000005,0,,0
SLICES_CA-RU-R_x_687_y_451_z_666_experiment,pipeline,strength_+2,,49,337,0.12600000000000003,0,,0
SLICES_CA-RU-R_x_687_y_451_z_666_experiment,pipeline,strength_+2,,50,1224,0.5820000000000001,0,,0
SLICES_CA-RU-R_x_687_y_451_z_666_experiment,pipeline,strength_+2,,51,711,0.3960000000000001,0,,0
SLICES_CA-RU-R_x_687_y_451_z_666_experiment,pipeline,strength_+2,,52,373,0.16200000000000003,0,,0
SLICES_CA-RU-R_x_687_y_451_z_666_experiment,pipeline,strength_+2,,53,471,0.21600000000000003,0,,0
SLICES_CA-RU-R_x_687_y_451_z_666_experiment,pipeline,strength_+2,,54,581,0.24000000000000005,0,,0
SLICES_CA-RU-R_x_687_y_451_z_666_experiment,pipeline,strength_+2,,55,110,0.04200000000000001,0,,0
SLICES_CA-RU-R_x_687_y_451_z_666_experiment,pipeline,strength_+2,,56,288,0.12000000000000002,0,,0
SLICES_CA-RU-R_x_687_y_451_z_666_experiment,pipeline,strength_+2,,57,275,0.10200000000000002,0,,0
SLICES_CA-RU-R_x_687_y_451_z_666_experiment,pipeline,strength_+2,,58,271,0.10200000000000002,0,,0
SLICES_CA-RU-R_x_687_y_451_z_666_experiment,pipeline,strength_+2,,59,1169,0.5700000000000001,0,,0
SLICES_CA-RU-R_x_687_y_451_z_666_experiment,pipeline,strength_+2,,60,756,0.4080000000000001,0,,0
SLICES_CA-RU-R_x_687_y_451_z_666_experiment,pipeline,strength_+2,,61,425,0.14400000000000002,0,,0
SLICES_CA-RU-R_x_687_y_451_z_666_experiment,pipeline,strength_+2,,62,565,0.19800000000000004,113,14,1
SLICES_CA-RU-R_x_687_y_451_z_666_experiment,pipeline,strength_+2,,63,4217,1.7520000000000002,881,20;23;24,3
SLICES_CA-RU-R_x_687_y_451_z_666_experiment,pipeline,strength_+2,,64,484,0.20400000000000004,0,,0
SLICES_CA-RU-R_x_687_y_451_z_666_experiment,pipeline,strength_+2,,65,3655,1.6020000000000003,765,21,1
SLICES_CA-RU-R_x_687_y_451_z_666_experiment,pipeline,strength_+2,,66,1207,0.43800000000000006,0,,0
SLICES_CA-RU-R_x_687_y_451_z_666_experiment,pipeline,strength_+2,,67,1598,0.7320000000000001,0,,0
SLICES_CA-RU-R_x_687_y_451_z_666_experiment,pipeline,strength_+2,,68,1387,0.5940000000000001,107,13,1
SLICES_CA-RU-R_x_687_y_451_z_666_experiment,pipeline,strength_+2,,69,372,0.138,0,,0
SLICES_CA-RU-R_x_687_y_451_z_666_experiment,pipeline,strength_+2,,70,1467,0.6180000000000001,0,,0
SLICES_CA-RU-R_x_687_y_451_z_666_experiment,pipeline,strength_+2,,71,244,0.12600000000000003,0,,0
SLICES_CA-RU-R_x_687_y_451_z_666_experiment,pipeline,strength_+2,,72,19,0.012000000000000002,0,,0
SLICES_CA-RU-R_x_687_y_451_z_666_experiment,pipeline,strength_+2,,73,354,0.15600000000000003,0,,0
SLICES_CA-RU-R_x_687_y_451_z_666_experiment,pipeline,strength_+2,,74,410,0.22200000000000003,0,,0
SLICES_CA-RU-R_x_687_y_451_z_666_experiment,pipeline,strength_+2,,75,789,0.3420000000000001,0,,0
SLICES_CA-RU-R_x_687_y_451_z_666_experiment,pipeline,strength_+2,,76,59,0.04200000000000001,0,,0
SLICES_CA-RU-R_x_687_y_451_z_666_experiment,pipeline,strength_+2,,77,447,0.18600000000000003,194,16,1
SLICES_CA-RU-R_x_687_y_451_z_666_experiment,pipeline,strength_+2,,78,1094,0.54,0,,0
SLICES_CA-RU-R_x_687_y_451_z_666_experiment,pipeline,strength_+2,,79,572,0.21600000000000003,0,,0
SLICES_CA-RU-R_x_687_y_451_z_666_experiment,pipeline,strength_+2,,80,503,0.19800000000000004,0,,0
SLICES_CA-RU-R_x_687_y_451_z_666_experiment,pipeline,strength_+2,,81,2947,1.2960000000000003,0,,0
SLICES_CA-RU-R_x_687_y_451_z_666_experiment,pipeline,strength_+2,,82,1720,0.6180000000000001,227,15,1
SLICES_CA-RU-R_x_687_y_451_z_666_experiment,pipeline,strength_+2,,83,409,0.138,69,17,1
SLICES_CA-RU-R_x_687_y_451_z_666_experiment,pipeline,strength_+2,,84,556,0.21000000000000005,0,,0
SLICES_CA-RU-R_x_687_y_451_z_666_experiment,pipeline,strength_+2,,85,285,0.09600000000000002,0,,0
SLICES_CA-RU-R_x_687_y_451_z_666_experiment,pipeline,strength_+2,,86,202,0.09600000000000002,0,,0
SLICES_CA-RU-R_x_687_y_451_z_666_experiment,pipeline,strength_+2,,87,602,0.30600000000000005,0,,0
SLICES_CA-RU-R_x_687_y_451_z_666_experiment,pipeline,strength_+2,,88,524,0.22800000000000004,0,,0
SLICES_CA-RU-R_x_687_y_451_z_666_experiment,pipeline,strength_+2,,89,26,0.006000000000000001,0,,0
SLICES_CA-RU-R_x_687_y_451_z_666_experiment,pipeline,strength_+2,,90,328,0.18600000000000003,0,,0
SLICES_CA-RU-R_x_687_y_451_z_666_experiment,pipeline,strength_+2,,91,1466,0.6300000000000001,0,,0
SLICES_CA-RU-R_x_687_y_451_z_666_experiment,pipeline,strength_+2,,92,342,0.138,0,,0
SLICES_CA-RU-R_x_687_y_451_z_666_experiment,pipeline,strength_+2,,93,114,0.04200000000000001,0,,0
SLICES_CA-RU-R_x_687_y_451_z_666_experiment,pipeline,strength_+2,,94,7,0.012000000000000002,0,,0
SLICES_CA-RU-R_x_687_y_451_z_666_experiment,pipeline,strength_+2,,95,857,0.37200000000000005,0,,0
SLICES_CA-RU-R_x_687_y_451_z_666_experiment,pipeline,strength_+2,,96,1983,0.8520000000000001,0,,0
SLICES_CA-RU-R_x_687_y_451_z_666_experiment,pipeline,strength_+2,,97,147,0.054000000000000006,0,,0
SLICES_CA-RU-R_x_687_y_451_z_666_experiment,pipeline,strength_+2,,98,822,0.3360000000000001,0,,0
SLICES_CA-RU-R_x_687_y_451_z_666_experiment,pipeline,strength_+2,,99,865,0.28200000000000003,0,,0
SLICES_CA-RU-R_x_687_y_451_z_666_experiment,pipeline,strength_+2,,100,19,0.012000000000000002,0,,0
SLICES_CA-RU-R_x_687_y_451_z_666_experiment,pipeline,strength_+2,,101,2344,0.6960000000000001,0,,0
SLICES_CA-RU-R_x_687_y_451_z_666_experiment,pipeline,strength_+2,,102,849,0.35400000000000004,0,,0
SLICES_CA-RU-R_x_687_y_451_z_666_experiment,pipeline,strength_+2,,103,622,0.30600000000000005,0,,0
SLICES_CA-RU-R_x_687_y_451_z_666_experiment,pipeline,strength_+2,,104,1241,0.32400000000000007,0,,0
SLICES_CA-RU-R_x_687_y_451_z_666_experiment,pipeline,strength_+2,,105,481,0.23400000000000004,0,,0
SLICES_CA-RU-R_x_687_y_451_z_666_experiment,pipeline,strength_+2,,106,1014,0.43800000000000006,0,,0
SLICES_CA-RU-R_x_687_y_451_z_666_experiment,pipeline,strength_+2,,107,165,0.06000000000000001,0,,0
SLICES_CA-RU-R_x_687_y_451_z_666_experiment,pipeline,strength_+2,,108,986,0.4800000000000001,0,,0
SLICES_CA-RU-R_x_687_y_451_z_666_experiment,pipeline,strength_+2,,109,172,0.04200000000000001,0,,0
SLICES_CA-RU-R_x_687_y_451_z_666_experiment,pipeline,strength_+2,,110,1236,0.5340000000000001,0,,0
SLICES_CA-RU-R_x_687_y_451_z_666_experiment,pipeline,strength_+2,,111,351,0.10800000000000001,0,,0
SLICES_CA-RU-R_x_687_y_451_z_666_experiment,pipeline,strength_+2,,112,35,0.006000000000000001,0,,0
SLICES_CA-RU-R_x_687_y_451_z_666_experiment,pipeline,strength_+2,,113,929,0.36000000000000004,0,,0
SLICES_CA-RU-R_x_687_y_451_z_666_experiment,pipeline,strength_+2,,114,3068,1.3380000000000003,0,,0
SLICES_CA-RU-R_x_687_y_451_z_666_experiment,pipeline,strength_+2,,115,262,0.09600000000000002,0,,0
SLICES_CA-RU-R_x_687_y_451_z_666_experiment,pipeline,strength_+2,,116,62,0.012000000000000002,0,,0
SLICES_CA-RU-R_x_687_y_451_z_666_experiment,pipeline,strength_+2,,117,328,0.13200000000000003,131,25,1
SLICES_CA-RU-R_x_687_y_451_z_666_experiment,pipeline,strength_+2,,118,971,0.4140000000000001,0,,0
SLICES_CA-RU-R_x_687_y_451_z_666_experiment,pipeline,strength_+2,,119,359,0.138,0,,0
SLICES_CA-RU-R_x_687_y_451_z_666_experiment,pipeline,strength_+2,,120,610,0.26400000000000007,0,,0
SLICES_CA-RU-R_x_687_y_451_z_666_experiment,pipeline,strength_+2,,121,1540,0.7620000000000001,100,26,1
SLICES_CA-RU-R_x_687_y_451_z_666_experiment,pipeline,strength_+2,,122,348,0.15000000000000002,0,,0
SLICES_CA-RU-R_x_687_y_451_z_666_experiment,pipeline,strength_+2,,123,235,0.11400000000000002,0,,0
SLICES_CA-RU-R_x_687_y_451_z_666_experiment,pipeline,strength_+2,,124,83,0.036000000000000004,0,,0
SLICES_CA-RU-R_x_687_y_451_z_666_experiment,pipeline,strength_+2,,125,367,0.16800000000000004,0,,0
SLICES_CA-RU-R_x_687_y_451_z_666_experiment,pipeline,strength_+2,,126,276,0.18000000000000002,0,,0
SLICES_CA-RU-R_x_687_y_451_z_666_experiment,pipeline,strength_+2,,127,1118,0.5220000000000001,0,,0
SLICES_CA-RU-R_x_687_y_451_z_666_experiment,pipeline,strength_+2,,128,337,0.138,179,27,1
SLICES_CA-RU-R_x_687_y_451_z_666_experiment,pipeline,strength_+2,,129,47,0.006000000000000001,0,,0
SLICES_CA-RU-R_x_687_y_451_z_666_experiment,pipeline,strength_+2,,130,1232,0.5220000000000001,0,,0
SLICES_CA-RU-R_x_687_y_451_z_666_experiment,pipeline,strength_+2,,131,2241,1.098,0,,0
SLICES_CA-RU-R_x_687_y_451_z_666_experiment,pipeline,strength_+2,,132,1680,0.7020000000000001,518,27;29;31,3
SLICES_CA-RU-R_x_687_y_451_z_666_experiment,pipeline,strength_+2,,133,35,0.006000000000000001,0,,0
SLICES_CA-RU-R_x_687_y_451_z_666_experiment,pipeline,strength_+2,,134,1050,0.4620000000000001,0,,0
SLICES_CA-RU-R_x_687_y_451_z_666_experiment,pipeline,strength_+2,,135,457,0.13200000000000003,0,,0
SLICES_CA-RU-R_x_687_y_451_z_666_experiment,pipeline,strength_+2,,136,365,0.10200000000000002,0,,0
SLICES_CA-RU-R_x_687_y_451_z_666_experiment,pipeline,strength_+2,,137,522,0.28200000000000003,0,,0
SLICES_CA-RU-R_x_687_y_451_z_666_experiment,pipeline,strength_+2,,138,1516,0.7560000000000001,0,,0
SLICES_CA-RU-R_x_687_y_451_z_666_experiment,pipeline,strength_+2,,139,3737,1.5600000000000003,874,28;30,2
SLICES_CA-RU-R_x_687_y_451_z_666_experiment,pipeline,strength_+2,,140,2049,0.8100000000000002,600,33;34,2
SLICES_CA-RU-R_x_687_y_451_z_666_experiment,pipeline,strength_+2,,141,1228,0.5640000000000001,0,,0
SLICES_CA-RU-R_x_687_y_451_z_666_experiment,pipeline,strength_+2,,142,1026,0.3960000000000001,0,,0
SLICES_CA-RU-R_x_687_y_451_z_666_experiment,pipeline,strength_+2,,143,365,0.16200000000000003,0,,0
SLICES_CA-RU-R_x_687_y_451_z_666_experiment,pipeline,strength_+2,,144,472,0.18600000000000003,0,,0
SLICES_CA-RU-R_x_687_y_451_z_666_experiment,pipeline,strength_+2,,145,154,0.07800000000000001,0,,0
SLICES_CA-RU-R_x_687_y_451_z_666_experiment,pipeline,strength_+2,,146,1293,0.4920000000000001,103,32,1
SLICES_CA-RU-R_x_687_y_451_z_666_experiment,pipeline,strength_+2,,147,644,0.26400000000000007,0,,0
SLICES_CA-RU-R_x_687_y_451_z_666_experiment,pipeline,strength_+2,,148,12,0.012000000000000002,0,,0
SLICES_CA-RU-R_x_687_y_451_z_666_experiment,pipeline,strength_+2,,149,273,0.15600000000000003,0,,0
SLICES_CA-RU-R_x_687_y_451_z_666_experiment,pipeline,strength_+2,,150,2121,0.9060000000000001,0,,0
SLICES_CA-RU-R_x_687_y_451_z_666_experiment,pipeline,strength_+2,,151,192,0.08400000000000002,0,,0
SLICES_CA-RU-R_x_687_y_451_z_666_experiment,pipeline,strength_+2,,152,1102,0.4080000000000001,0,,0
SLICES_CA-RU-R_x_687_y_451_z_666_experiment,pipeline,strength_+2,,153,232,0.06000000000000001,0,,0
SLICES_CA-RU-R_x_687_y_451_z_666_experiment,pipeline,strength_+2,,154,4036,1.8240000000000003,164,35,1
SLICES_CA-RU-R_x_687_y_451_z_666_experiment,pipeline,strength_+2,,155,14,0.006000000000000001,0,,0
SLICES_CA-RU-R_x_687_y_451_z_666_experiment,pipeline,strength_+2,,156,246,0.09000000000000001,0,,0
SLICES_CA-RU-R_x_687_y_451_z_666_experiment,pipeline,strength_+2,,157,66,0.04800000000000001,0,,0
SLICES_CA-RU-R_x_687_y_451_z_666_experiment,pipeline,strength_+2,,158,603,0.23400000000000004,0,,0
SLICES_CA-RU-R_x_687_y_451_z_666_experiment,pipeline,strength_+2,,159,162,0.06000000000000001,0,,0
SLICES_CA-RU-R_x_687_y_451_z_666_experiment,pipeline,strength_+2,,160,216,0.06600000000000002,0,,0
SLICES_CA-RU-R_x_687_y_451_z_666_experiment,pipeline,strength_+2,,161,1717,0.7500000000000001,0,,0
SLICES_CA-RU-R_x_687_y_451_z_666_experiment,pipeline,strength_+2,,162,447,0.13200000000000003,0,,0
SLICES_CA-RU-R_x_687_y_451_z_666_experiment,pipeline,strength_+2,,163,369,0.19800000000000004,0,,0
SLICES_CA-RU-R_x_687_y_451_z_666_experiment,pipeline,strength_+2,,164,195,0.07800000000000001,0,,0
SLICES_CA-RU-R_x_687_y_451_z_666_experiment,pipeline,strength_+2,,165,290,0.12000000000000002,0,,0
SLICES_CA-RU-R_x_687_y_451_z_666_experiment,pipeline,strength_+2,,166,173,0.06000000000000001,0,,0
SLICES_CA-RU-R_x_687_y_451_z_666_experiment,pipeline,strength_+2,,167,51,0.024000000000000004,0,,0
SLICES_CA-RU-R_x_687_y_451_z_666_experiment,pipeline,strength_+2,,168,199,0.07800000000000001,0,,0
SLICES_CA-RU-R_x_687_y_451_z_666_experiment,pipeline,strength_+2,,169,626,0.24000000000000005,0,,0
SLICES_CA-RU-R_x_687_y_451_z_666_experiment,pipeline,strength_+2,,170,939,0.31200000000000006,355,36,1
SLICES_CA-RU-R_x_687_y_451_z_666_experiment,pipeline,strength_+2,,171,1229,0.5700000000000001,267,36,1
SLICES_CA-RU-R_x_687_y_451_z_666_experiment,pipeline,strength_+2,,172,387,0.16200000000000003,0,,0
SLICES_CA-RU-R_x_687_y_451_z_666_experiment,pipeline,strength_+2,,173,69,0.04200000000000001,0,,0
SLICES_CA-RU-R_x_687_y_451_z_666_experiment,pipeline,strength_+2,,174,200,0.07200000000000001,0,,0
SLICES_CA-RU-R_x_687_y_451_z_666_experiment,pipeline,strength_+2,,175,303,0.11400000000000002,0,,0
SLICES_CA-RU-R_x_687_y_451_z_666_experiment,pipeline,strength_+2,,176,433,0.15600000000000003,0,,0
SLICES_CA-RU-R_x_687_y_451_z_666_experiment,pipeline,strength_+2,,177,504,0.276,0,,0
SLICES_CA-RU-R_x_687_y_451_z_666_experiment,pipeline,strength_+2,,178,46,0.012000000000000002,0,,0
SLICES_CA-RU-R_x_687_y_451_z_666_experiment,pipeline,strength_+2,,179,376,0.15600000000000003,0,,0
SLICES_CA-RU-R_x_687_y_451_z_666_experiment,pipeline,strength_+2,,180,1037,0.3960000000000001,0,,0
SLICES_CA-RU-R_x_687_y_451_z_666_experiment,pipeline,strength_+2,,181,779,0.31200000000000006,0,,0
SLICES_CA-RU-R_x_687_y_451_z_666_experiment,pipeline,strength_+2,,182,53,0.024000000000000004,0,,0
SLICES_CA-RU-R_x_687_y_451_z_666_experiment,pipeline,strength_+2,,183,45,0.006000000000000001,0,,0
SLICES_CA-RU-R_x_687_y_451_z_666_experiment,pipeline,strength_+2,,184,215,0.07800000000000001,0,,0
SLICES_CA-RU-R_x_687_y_451_z_666_experiment,pipeline,strength_+2,,185,556,0.18000000000000002,0,,0
SLICES_CA-RU-R_x_687_y_451_z_666_experiment,pipeline,strength_+2,,186,204,0.13200000000000003,0,,0
SLICES_CA-RU-R_x_687_y_451_z_666_experiment,pipeline,strength_+2,,187,366,0.13200000000000003,0,,0
SLICES_CA-RU-R_x_687_y_451_z_666_experiment,pipeline,strength_+2,,188,351,0.10800000000000001,0,,0
SLICES_CA-RU-R_x_687_y_451_z_666_experiment,pipeline,strength_+2,,189,274,0.15000000000000002,0,,0
SLICES_CA-RU-R_x_687_y_451_z_666_experiment,pipeline,strength_+2,,190,117,0.06600000000000002,0,,0
SLICES_CA-RU-R_x_687_y_451_z_666_experiment,pipeline,strength_+2,,191,152,0.06000000000000001,0,,0
SLICES_CA-RU-R_x_687_y_451_z_666_experiment,pipeline,strength_+2,,192,76,0.030000000000000006,0,,0
SLICES_CA-RU-R_x_687_y_451_z_666_experiment,pipeline,strength_+2,,193,14,0.012000000000000002,0,,0
SLICES_CA-RU-R_x_687_y_451_z_666_experiment,pipeline,strength_+3,,1,378,0.15000000000000002,0,,0
SLICES_CA-RU-R_x_687_y_451_z_666_experiment,pipeline,strength_+3,,2,1602,0.5880000000000001,144,1,1
SLICES_CA-RU-R_x_687_y_451_z_666_experiment,pipeline,strength_+3,,3,820,0.4080000000000001,0,,0
SLICES_CA-RU-R_x_687_y_451_z_666_experiment,pipeline,strength_+3,,4,55,0.04200000000000001,0,,0
SLICES_CA-RU-R_x_687_y_451_z_666_experiment,pipeline,strength_+3,,5,939,0.37800000000000006,196,4,1
SLICES_CA-RU-R_x_687_y_451_z_666_experiment,pipeline,strength_+3,,6,1836,0.6660000000000001,1089,2;3,2
SLICES_CA-RU-R_x_687_y_451_z_666_experiment,pipeline,strength_+3,,7,609,0.23400000000000004,0,,0
SLICES_CA-RU-R_x_687_y_451_z_666_experiment,pipeline,strength_+3,,8,243,0.12000000000000002,0,,0
SLICES_CA-RU-R_x_687_y_451_z_666_experiment,pipeline,strength_+3,,9,69,0.030000000000000006,0,,0
SLICES_CA-RU-R_x_687_y_451_z_666_experiment,pipeline,strength_+3,,10,4161,1.7760000000000002,894,8;9,2
SLICES_CA-RU-R_x_687_y_451_z_666_experiment,pipeline,strength_+3,,11,2830,1.2480000000000002,145,11,1
SLICES_CA-RU-R_x_687_y_451_z_666_experiment,pipeline,strength_+3,,12,2328,1.1580000000000001,0,,0
SLICES_CA-RU-R_x_687_y_451_z_666_experiment,pipeline,strength_+3,,13,418,0.19800000000000004,77,5,1
SLICES_CA-RU-R_x_687_y_451_z_666_experiment,pipeline,strength_+3,,14,1223,0.4140000000000001,0,,0
SLICES_CA-RU-R_x_687_y_451_z_666_experiment,pipeline,strength_+3,,15,352,0.10800000000000001,0,,0
SLICES_CA-RU-R_x_687_y_451_z_666_experiment,pipeline,strength_+3,,16,535,0.276,0,,0
SLICES_CA-RU-R_x_687_y_451_z_666_experiment,pipeline,strength_+3,,17,396,0.12000000000000002,141,6;7,2
SLICES_CA-RU-R_x_687_y_451_z_666_experiment,pipeline,strength_+3,,18,345,0.19200000000000003,0,,0
SLICES_CA-RU-R_x_687_y_451_z_666_experiment,pipeline,strength_+3,,19,473,0.18000000000000002,0,,0
SLICES_CA-RU-R_x_687_y_451_z_666_experiment,pipeline,strength_+3,,20,410,0.15000000000000002,0,,0
SLICES_CA-RU-R_x_687_y_451_z_666_experiment,pipeline,strength_+3,,21,382,0.12600000000000003,0,,0
SLICES_CA-RU-R_x_687_y_451_z_666_experiment,pipeline,strength_+3,,22,646,0.25200000000000006,0,,0
SLICES_CA-RU-R_x_687_y_451_z_666_experiment,pipeline,strength_+3,,23,739,0.30000000000000004,0,,0
SLICES_CA-RU-R_x_687_y_451_z_666_experiment,pipeline,strength_+3,,24,108,0.054000000000000006,0,,0
SLICES_CA-RU-R_x_687_y_451_z_666_experiment,pipeline,strength_+3,,25,1069,0.43200000000000005,23,8,1
SLICES_CA-RU-R_x_687_y_451_z_666_experiment,pipeline,strength_+3,,26,12,0.012000000000000002,0,,0
SLICES_CA-RU-R_x_687_y_451_z_666_experiment,pipeline,strength_+3,,27,234,0.138,0,,0
SLICES_CA-RU-R_x_687_y_451_z_666_experiment,pipeline,strength_+3,,28,243,0.08400000000000002,0,,0
SLICES_CA-RU-R_x_687_y_451_z_666_experiment,pipeline,strength_+3,,29,1574,0.6900000000000002,0,,0
SLICES_CA-RU-R_x_687_y_451_z_666_experiment,pipeline,strength_+3,,30,682,0.276,0,,0
SLICES_CA-RU-R_x_687_y_451_z_666_experiment,pipeline,strength_+3,,31,476,0.19800000000000004,0,,0
SLICES_CA-RU-R_x_687_y_451_z_666_experiment,pipeline,strength_+3,,32,752,0.26400000000000007,0,,0
SLICES_CA-RU-R_x_687_y_451_z_666_experiment,pipeline,strength_+3,,33,1259,0.5700000000000001,0,,0
SLICES_CA-RU-R_x_687_y_451_z_666_experiment,pipeline,strength_+3,,34,86,0.036000000000000004,0,,0
SLICES_CA-RU-R_x_687_y_451_z_666_experiment,pipeline,strength_+3,,35,1308,0.552,0,,0
SLICES_CA-RU-R_x_687_y_451_z_666_experiment,pipeline,strength_+3,,36,53,0.006000000000000001,0,,0
SLICES_CA-RU-R_x_687_y_451_z_666_experiment,pipeline,strength_+3,,37,2077,0.8940000000000001,560,12,1
SLICES_CA-RU-R_x_687_y_451_z_666_experiment,pipeline,strength_+3,,38,45,0.0,0,,0
SLICES_CA-RU-R_x_687_y_451_z_666_experiment,pipeline,strength_+3,,39,42,0.012000000000000002,0,,0
SLICES_CA-RU-R_x_687_y_451_z_666_experiment,pipeline,strength_+3,,40,42,0.006000000000000001,0,,0
SLICES_CA-RU-R_x_687_y_451_z_666_experiment,pipeline,strength_+3,,41,2718,0.9240000000000002,0,,0
SLICES_CA-RU-R_x_687_y_451_z_666_experiment,pipeline,strength_+3,,42,710,0.27,0,,0
SLICES_CA-RU-R_x_687_y_451_z_666_experiment,pipeline,strength_+3,,43,256,0.09000000000000001,0,,0
SLICES_CA-RU-R_x_687_y_451_z_666_experiment,pipeline,strength_+3,,44,419,0.19200000000000003,0,,0
SLICES_CA-RU-R_x_687_y_451_z_666_experiment,pipeline,strength_+3,,45,1100,0.5640000000000001,202,10;18;19,3
SLICES_CA-RU-R_x_687_y_451_z_666_experiment,pipeline,strength_+3,,46,4352,1.8360000000000003,880,20;23;24,3
SLICES_CA-RU-R_x_687_y_451_z_666_experiment,pipeline,strength_+3,,47,399,0.15000000000000002,0,,0
SLICES_CA-RU-R_x_687_y_451_z_666_experiment,pipeline,strength_+3,,48,766,0.31200000000000006,0,,0
SLICES_CA-RU-R_x_687_y_451_z_666_experiment,pipeline,strength_+3,,49,617,0.24000000000000005,0,,0
SLICES_CA-RU-R_x_687_y_451_z_666_experiment,pipeline,strength_+3,,50,945,0.43200000000000005,0,,0
SLICES_CA-RU-R_x_687_y_451_z_666_experiment,pipeline,strength_+3,,51,337,0.12600000000000003,0,,0
SLICES_CA-RU-R_x_687_y_451_z_666_experiment,pipeline,strength_+3,,52,1239,0.5340000000000001,0,,0
SLICES_CA-RU-R_x_687_y_451_z_666_experiment,pipeline,strength_+3,,53,357,0.16200000000000003,0,,0
SLICES_CA-RU-R_x_687_y_451_z_666_experiment,pipeline,strength_+3,,54,471,0.21600000000000003,0,,0
SLICES_CA-RU-R_x_687_y_451_z_666_experiment,pipeline,strength_+3,,55,581,0.24000000000000005,0,,0
SLICES_CA-RU-R_x_687_y_451_z_666_experiment,pipeline,strength_+3,,56,141,0.036000000000000004,0,,0
SLICES_CA-RU-R_x_687_y_451_z_666_experiment,pipeline,strength_+3,,57,300,0.12000000000000002,0,,0
SLICES_CA-RU-R_x_687_y_451_z_666_experiment,pipeline,strength_+3,,58,275,0.10200000000000002,0,,0
SLICES_CA-RU-R_x_687_y_451_z_666_experiment,pipeline,strength_+3,,59,271,0.10200000000000002,0,,0
SLICES_CA-RU-R_x_687_y_451_z_666_experiment,pipeline,strength_+3,,60,1193,0.5700000000000001,0,,0
SLICES_CA-RU-R_x_687_y_451_z_666_experiment,pipeline,strength_+3,,61,779,0.38400000000000006,0,,0
SLICES_CA-RU-R_x_687_y_451_z_666_experiment,pipeline,strength_+3,,62,425,0.14400000000000002,0,,0
SLICES_CA-RU-R_x_687_y_451_z_666_experiment,pipeline,strength_+3,,63,565,0.19800000000000004,113,14,1
SLICES_CA-RU-R_x_687_y_451_z_666_experiment,pipeline,strength_+3,,64,487,0.19800000000000004,0,,0
SLICES_CA-RU-R_x_687_y_451_z_666_experiment,pipeline,strength_+3,,65,3638,1.6020000000000003,764,21,1
SLICES_CA-RU-R_x_687_y_451_z_666_experiment,pipeline,strength_+3,,66,1215,0.43800000000000006,0,,0
SLICES_CA-RU-R_x_687_y_451_z_666_experiment,pipeline,strength_+3,,67,1598,0.7320000000000001,0,,0
SLICES_CA-RU-R_x_687_y_451_z_666_experiment,pipeline,strength_+3,,68,1394,0.5940000000000001,107,13,1
SLICES_CA-RU-R_x_687_y_451_z_666_experiment,pipeline,strength_+3,,69,372,0.138,0,,0
SLICES_CA-RU-R_x_687_y_451_z_666_experiment,pipeline,strength_+3,,70,1475,0.6240000000000001,0,,0
SLICES_CA-RU-R_x_687_y_451_z_666_experiment,pipeline,strength_+3,,71,270,0.12000000000000002,0,,0
SLICES_CA-RU-R_x_687_y_451_z_666_experiment,pipeline,strength_+3,,72,19,0.012000000000000002,0,,0
SLICES_CA-RU-R_x_687_y_451_z_666_experiment,pipeline,strength_+3,,73,354,0.15600000000000003,0,,0
SLICES_CA-RU-R_x_687_y_451_z_666_experiment,pipeline,strength_+3,,74,437,0.22800000000000004,0,,0
SLICES_CA-RU-R_x_687_y_451_z_666_experiment,pipeline,strength_+3,,75,789,0.3420000000000001,0,,0
SLICES_CA-RU-R_x_687_y_451_z_666_experiment,pipeline,strength_+3,,76,447,0.18600000000000003,194,16,1
SLICES_CA-RU-R_x_687_y_451_z_666_experiment,pipeline,strength_+3,,77,1094,0.54,0,,0
SLICES_CA-RU-R_x_687_y_451_z_666_experiment,pipeline,strength_+3,,78,507,0.19200000000000003,0,,0
SLICES_CA-RU-R_x_687_y_451_z_666_experiment,pipeline,strength_+3,,79,2947,1.2960000000000003,0,,0
SLICES_CA-RU-R_x_687_y_451_z_666_experiment,pipeline,strength_+3,,80,1718,0.6180000000000001,227,15,1
SLICES_CA-RU-R_x_687_y_451_z_666_experiment,pipeline,strength_+3,,81,409,0.138,69,17,1
SLICES_CA-RU-R_x_687_y_451_z_666_experiment,pipeline,strength_+3,,82,554,0.21000000000000005,0,,0
SLICES_CA-RU-R_x_687_y_451_z_666_experiment,pipeline,strength_+3,,83,283,0.09600000000000002,0,,0
SLICES_CA-RU-R_x_687_y_451_z_666_experiment,pipeline,strength_+3,,84,202,0.09600000000000002,0,,0
SLICES_CA-RU-R_x_687_y_451_z_666_experiment,pipeline,strength_+3,,85,719,0.31200000000000006,0,,0
SLICES_CA-RU-R_x_687_y_451_z_666_experiment,pipeline,strength_+3,,86,524,0.22800000000000004,0,,0
SLICES_CA-RU-R_x_687_y_451_z_666_experiment,pipeline,strength_+3,,87,26,0.006000000000000001,0,,0
SLICES_CA-RU-R_x_687_y_451_z_666_experiment,pipeline,strength_+3,,88,337,0.18600000000000003,0,,0
SLICES_CA-RU-R_x_687_y_451_z_666_experiment,pipeline,strength_+3,,89,1513,0.6240000000000001,0,,0
SLICES_CA-RU-R_x_687_y_451_z_666_experiment,pipeline,strength_+3,,90,345,0.138,0,,0
SLICES_CA-RU-R_x_687_y_451_z_666_experiment,pipeline,strength_+3,,91,114,0.04200000000000001,0,,0
SLICES_CA-RU-R_x_687_y_451_z_666_experiment,pipeline,strength_+3,,92,7,0.012000000000000002,0,,0
SLICES_CA-RU-R_x_687_y_451_z_666_experiment,pipeline,strength_+3,,93,1982,0.8460000000000001,0,,0
SLICES_CA-RU-R_x_687_y_451_z_666_experiment,pipeline,strength_+3,,94,401,0.138,0,,0
SLICES_CA-RU-R_x_687_y_451_z_666_experiment,pipeline,strength_+3,,95,820,0.3360000000000001,0,,0
SLICES_CA-RU-R_x_687_y_451_z_666_experiment,pipeline,strength_+3,,96,861,0.276,0,,0
SLICES_CA-RU-R_x_687_y_451_z_666_experiment,pipeline,strength_+3,,97,849,0.35400000000000004,0,,0
SLICES_CA-RU-R_x_687_y_451_z_666_experiment,pipeline,strength_+3,,98,643,0.29400000000000004,0,,0
SLICES_CA-RU-R_x_687_y_451_z_666_experiment,pipeline,strength_+3,,99,2136,0.6240000000000001,0,,0
SLICES_CA-RU-R_x_687_y_451_z_666_experiment,pipeline,strength_+3,,100,19,0.012000000000000002,0,,0
SLICES_CA-RU-R_x_687_y_451_z_666_experiment,pipeline,strength_+3,,101,1239,0.32400000000000007,0,,0
SLICES_CA-RU-R_x_687_y_451_z_666_experiment,pipeline,strength_+3,,102,1019,0.43800000000000006,0,,0
SLICES_CA-RU-R_x_687_y_451_z_666_experiment,pipeline,strength_+3,,103,19,0.012000000000000002,0,,0
SLICES_CA-RU-R_x_687_y_451_z_666_experiment,pipeline,strength_+3,,104,165,0.06000000000000001,0,,0
SLICES_CA-RU-R_x_687_y_451_z_666_experiment,pipeline,strength_+3,,105,328,0.16200000000000003,0,,0
SLICES_CA-RU-R_x_687_y_451_z_666_experiment,pipeline,strength_+3,,106,986,0.4800000000000001,0,,0
SLICES_CA-RU-R_x_687_y_451_z_666_experiment,pipeline,strength_+3,,107,328,0.15000000000000002,0,,0
SLICES_CA-RU-R_x_687_y_451_z_666_experiment,pipeline,strength_+3,,108,1237,0.5340000000000001,0,,0
SLICES_CA-RU-R_x_687_y_451_z_666_experiment,pipeline,strength_+3,,109,354,0.10800000000000001,0,,0
SLICES_CA-RU-R_x_687_y_451_z_666_experiment,pipeline,strength_+3,,110,929,0.36000000000000004,0,,0
SLICES_CA-RU-R_x_687_y_451_z_666_experiment,pipeline,strength_+3,,111,3070,1.3380000000000003,0,,0
SLICES_CA-RU-R_x_687_y_451_z_666_experiment,pipeline,strength_+3,,112,262,0.09600000000000002,0,,0
SLICES_CA-RU-R_x_687_y_451_z_666_experiment,pipeline,strength_+3,,113,62,0.012000000000000002,0,,0
SLICES_CA-RU-R_x_687_y_451_z_666_experiment,pipeline,strength_+3,,114,328,0.13200000000000003,131,25,1
SLICES_CA-RU-R_x_687_y_451_z_666_experiment,pipeline,strength_+3,,115,1914,0.9540000000000002,100,26,1
SLICES_CA-RU-R_x_687_y_451_z_666_experiment,pipeline,strength_+3,,116,971,0.4140000000000001,0,,0
SLICES_CA-RU-R_x_687_y_451_z_666_experiment,pipeline,strength_+3,,117,372,0.138,0,,0
SLICES_CA-RU-R_x_687_y_451_z_666_experiment,pipeline,strength_+3,,118,753,0.37200000000000005,0,,0
SLICES_CA-RU-R_x_687_y_451_z_666_experiment,pipeline,strength_+3,,119,367,0.15600000000000003,0,,0
SLICES_CA-RU-R_x_687_y_451_z_666_experiment,pipeline,strength_+3,,120,374,0.16800000000000004,0,,0
SLICES_CA-RU-R_x_687_y_451_z_666_experiment,pipeline,strength_+3,,121,274,0.18000000000000002,0,,0
SLICES_CA-RU-R_x_687_y_451_z_666_experiment,pipeline,strength_+3,,122,1134,0.5160000000000001,0,,0
SLICES_CA-RU-R_x_687_y_451_z_666_experiment,pipeline,strength_+3,,123,337,0.138,179,27,1
SLICES_CA-RU-R_x_687_y_451_z_666_experiment,pipeline,strength_+3,,124,47,0.006000000000000001,0,,0
SLICES_CA-RU-R_x_687_y_451_z_666_experiment,pipeline,strength_+3,,125,1235,0.5220000000000001,0,,0
SLICES_CA-RU-R_x_687_y_451_z_666_experiment,pipeline,strength_+3,,126,2229,1.086,0,,0
SLICES_CA-RU-R_x_687_y_451_z_666_experiment,pipeline,strength_+3,,127,1671,0.7020000000000001,513,27;29;31,3
SLICES_CA-RU-R_x_687_y_451_z_666_experiment,pipeline,strength_+3,,128,30,0.012000000000000002,0,,0
SLICES_CA-RU-R_x_687_y_451_z_666_experiment,pipeline,strength_+3,,129,1049,0.4620000000000001,0,,0
SLICES_CA-RU-R_x_687_y_451_z_666_experiment,pipeline,strength_+3,,130,457,0.13200000000000003,0,,0
SLICES_CA-RU-R_x_687_y_451_z_666_experiment,pipeline,strength_+3,,131,372,0.11400000000000002,0,,0
SLICES_CA-RU-R_x_687_y_451_z_666_experiment,pipeline,strength_+3,,132,584,0.28800000000000003,0,,0
SLICES_CA-RU-R_x_687_y_451_z_666_experiment,pipeline,strength_+3,,133,3473,1.4280000000000002,878,28;30,2
SLICES_CA-RU-R_x_687_y_451_z_666_experiment,pipeline,strength_+3,,134,2049,0.8100000000000002,600,33;34,2
SLICES_CA-RU-R_x_687_y_451_z_666_experiment,pipeline,strength_+3,,135,1035,0.3960000000000001,0,,0
SLICES_CA-RU-R_x_687_y_451_z_666_experiment,pipeline,strength_+3,,136,472,0.18600000000000003,0,,0
SLICES_CA-RU-R_x_687_y_451_z_666_experiment,pipeline,strength_+3,,137,162,0.07800000000000001,0,,0
SLICES_CA-RU-R_x_687_y_451_z_666_experiment,pipeline,strength_+3,,138,1791,0.7080000000000001,103,32,1
SLICES_CA-RU-R_x_687_y_451_z_666_experiment,pipeline,strength_+3,,139,636,0.26400000000000007,0,,0
SLICES_CA-RU-R_x_687_y_451_z_666_experiment,pipeline,strength_+3,,140,12,0.012000000000000002,0,,0
SLICES_CA-RU-R_x_687_y_451_z_666_experiment,pipeline,strength_+3,,141,280,0.15600000000000003,0,,0
SLICES_CA-RU-R_x_687_y_451_z_666_experiment,pipeline,strength_+3,,142,2193,0.9000000000000001,0,,0
SLICES_CA-RU-R_x_687_y_451_z_666_experiment,pipeline,strength_+3,,143,192,0.08400000000000002,0,,0
SLICES_CA-RU-R_x_687_y_451_z_666_experiment,pipeline,strength_+3,,144,1102,0.4080000000000001,0,,0
SLICES_CA-RU-R_x_687_y_451_z_666_experiment,pipeline,strength_+3,,145,232,0.06000000000000001,0,,0
SLICES_CA-RU-R_x_687_y_451_z_666_experiment,pipeline,strength_+3,,146,4024,1.8240000000000003,165,35,1
SLICES_CA-RU-R_x_687_y_451_z_666_experiment,pipeline,strength_+3,,147,1114,0.54,0,,0
SLICES_CA-RU-R_x_687_y_451_z_666_experiment,pipeline,strength_+3,,148,14,0.006000000000000001,0,,0
SLICES_CA-RU-R_x_687_y_451_z_666_experiment,pipeline,strength_+3,,149,246,0.09000000000000001,0,,0
SLICES_CA-RU-R_x_687_y_451_z_666_experiment,pipeline,strength_+3,,150,66,0.04800000000000001,0,,0
SLICES_CA-RU-R_x_687_y_451_z_666_experiment,pipeline,strength_+3,,151,434,0.18000000000000002,0,,0
SLICES_CA-RU-R_x_687_y_451_z_666_experiment,pipeline,strength_+3,,152,849,0.3360000000000001,0,,0
SLICES_CA-RU-R_x_687_y_451_z_666_experiment,pipeline,strength_+3,,153,216,0.06600000000000002,0,,0
SLICES_CA-RU-R_x_687_y_451_z_666_experiment,pipeline,strength_+3,,154,1673,0.6960000000000001,0,,0
SLICES_CA-RU-R_x_687_y_451_z_666_experiment,pipeline,strength_+3,,155,447,0.13200000000000003,0,,0
SLICES_CA-RU-R_x_687_y_451_z_666_experiment,pipeline,strength_+3,,156,368,0.19800000000000004,0,,0
SLICES_CA-RU-R_x_687_y_451_z_666_experiment,pipeline,strength_+3,,157,321,0.13200000000000003,0,,0
SLICES_CA-RU-R_x_687_y_451_z_666_experiment,pipeline,strength_+3,,158,40,0.0,0,,0
SLICES_CA-RU-R_x_687_y_451_z_666_experiment,pipeline,strength_+3,,159,51,0.024000000000000004,0,,0
SLICES_CA-RU-R_x_687_y_451_z_666_experiment,pipeline,strength_+3,,160,205,0.08400000000000002,0,,0
SLICES_CA-RU-R_x_687_y_451_z_666_experiment,pipeline,strength_+3,,161,626,0.24000000000000005,0,,0
SLICES_CA-RU-R_x_687_y_451_z_666_experiment,pipeline,strength_+3,,162,943,0.31200000000000006,359,36,1
SLICES_CA-RU-R_x_687_y_451_z_666_experiment,pipeline,strength_+3,,163,1232,0.5820000000000001,268,36,1
SLICES_CA-RU-R_x_687_y_451_z_666_experiment,pipeline,strength_+3,,164,387,0.16200000000000003,0,,0
SLICES_CA-RU-R_x_687_y_451_z_666_experiment,pipeline,strength_+3,,165,99,0.04200000000000001,0,,0
SLICES_CA-RU-R_x_687_y_451_z_666_experiment,pipeline,strength_+3,,166,303,0.11400000000000002,0,,0
SLICES_CA-RU-R_x_687_y_451_z_666_experiment,pipeline,strength_+3,,167,435,0.15600000000000003,0,,0
SLICES_CA-RU-R_x_687_y_451_z_666_experiment,pipeline,strength_+3,,168,504,0.276,0,,0
SLICES_CA-RU-R_x_687_y_451_z_666_experiment,pipeline,strength_+3,,169,46,0.012000000000000002,0,,0
SLICES_CA-RU-R_x_687_y_451_z_666_experiment,pipeline,strength_+3,,170,376,0.15600000000000003,0,,0
SLICES_CA-RU-R_x_687_y_451_z_666_experiment,pipeline,strength_+3,,171,1038,0.3960000000000001,0,,0
SLICES_CA-RU-R_x_687_y_451_z_666_experiment,pipeline,strength_+3,,172,779,0.31200000000000006,0,,0
SLICES_CA-RU-R_x_687_y_451_z_666_experiment,pipeline,strength_+3,,173,53,0.024000000000000004,0,,0
SLICES_CA-RU-R_x_687_y_451_z_666_experiment,pipeline,strength_+3,,174,19,0.012000000000000002,0,,0
SLICES_CA-RU-R_x_687_y_451_z_666_experiment,pipeline,strength_+3,,175,202,0.07800000000000001,0,,0
SLICES_CA-RU-R_x_687_y_451_z_666_experiment,pipeline,strength_+3,,176,556,0.18000000000000002,0,,0
SLICES_CA-RU-R_x_687_y_451_z_666_experiment,pipeline,strength_+3,,177,204,0.13200000000000003,0,,0
SLICES_CA-RU-R_x_687_y_451_z_666_experiment,pipeline,strength_+3,,178,363,0.13200000000000003,0,,0
SLICES_CA-RU-R_x_687_y_451_z_666_experiment,pipeline,strength_+3,,179,350,0.10800000000000001,0,,0
SLICES_CA-RU-R_x_687_y_451_z_666_experiment,pipeline,strength_+3,,180,274,0.15000000000000002,0,,0
SLICES_CA-RU-R_x_687_y_451_z_666_experiment,pipeline,strength_+3,,181,117,0.06600000000000002,0,,0
SLICES_CA-RU-R_x_687_y_451_z_666_experiment,pipeline,strength_+3,,182,166,0.06000000000000001,0,,0
SLICES_CA-RU-R_x_687_y_451_z_666_experiment,pipeline,strength_+3,,183,76,0.030000000000000006,0,,0
SLICES_CA-RU-R_x_687_y_451_z_666_experiment,pipeline,strength_+3,,184,14,0.012000000000000002,0,,0
