label,type,threshold_value,elapsed_s,vessel_seeds_correct,vessel_seeds_total,bg_seeds_correct,bg_seeds_total,pred_gt_dice,pred_gt_cldice,pred_gt_iou,pred_gt_precision,pred_gt_recall,pred_gt_vol,tp,fp,tn,fn,gt_voxels,pred_voxels,cl_len_gt_mm,cl_len_pred_mm,cl_match_pred_mm,variant,vessel_size,vessel_std,structure_strength,ridge_threshold,ridge_iterations,auto_seed_rounds,auto_seed_max
default_frangi_0.000,frangi,0.0,0.00,27,27,8,11,0.0769,0.0817,0.0400,0.0404,0.8074,19.997,88404,2101086,8770432,21086,109490,2189490,26.99,391.29,16.79,default,4,3,4,0.01,3,2,200
default_frangi_0.020,frangi,0.02,0.00,27,27,8,11,0.0828,0.0784,0.0432,0.0436,0.8034,18.416,87967,1928405,8943113,21523,109490,2016372,26.99,413.09,16.97,default,4,3,4,0.01,3,2,200
default_frangi_0.040,frangi,0.04,0.00,27,27,8,11,0.0934,0.0786,0.0490,0.0496,0.7949,16.016,87037,1666540,9204978,22453,109490,1753577,26.99,410.39,16.91,default,4,3,4,0.01,3,2,200
default_frangi_0.060,frangi,0.06,0.00,26,27,8,11,0.1069,0.0818,0.0564,0.0573,0.7825,13.645,85677,1408346,9463172,23813,109490,1494023,26.99,402.28,17.32,default,4,3,4,0.01,3,2,200
default_frangi_0.080,frangi,0.08,0.00,26,27,9,11,0.1221,0.0828,0.0650,0.0664,0.7675,11.567,84034,1182393,9689125,25456,109490,1266427,26.99,391.87,17.09,default,4,3,4,0.01,3,2,200
default_frangi_0.100,frangi,0.1,0.00,26,27,9,11,0.1395,0.0889,0.0750,0.0769,0.7509,9.765,82220,986973,9884545,27270,109490,1069193,26.99,364.67,17.18,default,4,3,4,0.01,3,2,200
default_frangi_0.120,frangi,0.12,0.00,26,27,10,11,0.1593,0.0996,0.0865,0.0893,0.7337,8.213,80337,818890,10052628,29153,109490,899227,26.99,322.78,17.18,default,4,3,4,0.01,3,2,200
default_frangi_0.140,frangi,0.14,0.00,26,27,10,11,0.1815,0.1138,0.0998,0.1039,0.7157,6.887,78367,675722,10195796,31123,109490,754089,26.99,283.51,17.45,default,4,3,4,0.01,3,2,200
default_frangi_0.160,frangi,0.16,0.00,26,27,10,11,0.2062,0.1346,0.1149,0.1210,0.6968,5.759,76292,554222,10317296,33198,109490,630514,26.99,244.37,18.10,default,4,3,4,0.01,3,2,200
default_frangi_0.180,frangi,0.18,0.00,26,27,10,11,0.2328,0.1634,0.1317,0.1406,0.6764,4.811,74059,452689,10418829,35431,109490,526748,26.99,205.13,18.91,default,4,3,4,0.01,3,2,200
default_frangi_0.200,frangi,0.2,0.00,26,27,11,11,0.2611,0.1842,0.1501,0.1630,0.6555,4.022,71774,368605,10502913,37716,109490,440379,26.99,171.56,18.21,default,4,3,4,0.01,3,2,200
default_frangi_0.220,frangi,0.22,0.00,26,27,11,11,0.2890,0.2128,0.1689,0.1873,0.6332,3.381,69324,300871,10570647,40166,109490,370195,26.99,141.39,17.86,default,4,3,4,0.01,3,2,200
default_frangi_0.240,frangi,0.24,0.00,26,27,11,11,0.3165,0.2450,0.1880,0.2136,0.6107,2.860,66865,246238,10625280,42625,109490,313103,26.99,118.18,17.81,default,4,3,4,0.01,3,2,200
default_frangi_0.260,frangi,0.26,0.00,26,27,11,11,0.3426,0.2683,0.2067,0.2415,0.5889,2.438,64478,202482,10669036,45012,109490,266960,26.99,98.60,16.80,default,4,3,4,0.01,3,2,200
default_frangi_0.280,frangi,0.28,0.00,26,27,11,11,0.3658,0.3082,0.2238,0.2700,0.5669,2.099,62066,167782,10703736,47424,109490,229848,26.99,82.63,17.05,default,4,3,4,0.01,3,2,200
default_frangi_0.300,frangi,0.3,0.00,26,27,11,11,0.3860,0.3346,0.2392,0.2985,0.5462,1.830,59801,140523,10730995,49689,109490,200324,26.99,69.01,16.15,default,4,3,4,0.01,3,2,200
default_frangi_0.320,frangi,0.32,0.00,26,27,11,11,0.4028,0.3643,0.2522,0.3264,0.5260,1.612,57591,118869,10752649,51899,109490,176460,26.99,58.61,15.73,default,4,3,4,0.01,3,2,200
default_frangi_0.340,frangi,0.34,0.00,26,27,11,11,0.4141,0.3839,0.2611,0.3510,0.5048,1.438,55270,102202,10769316,54220,109490,157472,26.99,51.41,15.19,default,4,3,4,0.01,3,2,200
default_frangi_0.360,frangi,0.36,0.00,26,27,11,11,0.4224,0.4024,0.2677,0.3743,0.4846,1.295,53062,88717,10782801,56428,109490,141779,26.99,45.43,14.75,default,4,3,4,0.01,3,2,200
default_frangi_0.380,frangi,0.38,0.00,25,27,11,11,0.4277,0.4096,0.2720,0.3953,0.4659,1.179,51011,78034,10793484,58479,109490,129045,26.99,39.42,13.57,default,4,3,4,0.01,3,2,200
default_frangi_0.400,frangi,0.4,0.00,25,27,11,11,0.4306,0.4169,0.2743,0.4145,0.4479,1.081,49046,69286,10802232,60444,109490,118332,26.99,35.56,12.95,default,4,3,4,0.01,3,2,200
default_frangi_0.420,frangi,0.42,0.00,25,27,11,11,0.4305,0.4239,0.2743,0.4308,0.4302,0.999,47105,62230,10809288,62385,109490,109335,26.99,31.54,12.19,default,4,3,4,0.01,3,2,200
default_frangi_0.440,frangi,0.44,0.00,25,27,11,11,0.4286,0.4299,0.2727,0.4448,0.4135,0.930,45272,56506,10815012,64218,109490,101778,26.99,29.22,11.95,default,4,3,4,0.01,3,2,200
default_frangi_0.460,frangi,0.46,0.00,25,27,11,11,0.4245,0.4264,0.2695,0.4567,0.3966,0.869,43428,51671,10819847,66062,109490,95099,26.99,27.25,11.40,default,4,3,4,0.01,3,2,200
default_frangi_0.480,frangi,0.48,0.00,25,27,11,11,0.4199,0.4232,0.2658,0.4678,0.3810,0.814,41712,47456,10824062,67778,109490,89168,26.99,26.42,11.38,default,4,3,4,0.01,3,2,200
default_frangi_0.500,frangi,0.5,0.00,25,27,11,11,0.4140,0.4191,0.2610,0.4767,0.3659,0.767,40059,43967,10827551,69431,109490,84026,26.99,24.78,10.88,default,4,3,4,0.01,3,2,200
default_frangi_0.520,frangi,0.52,0.00,25,27,11,11,0.4077,0.4033,0.2561,0.4851,0.3516,0.725,38499,40865,10830653,70991,109490,79364,26.99,23.72,10.01,default,4,3,4,0.01,3,2,200
default_frangi_0.540,frangi,0.54,0.00,23,27,11,11,0.4008,0.3935,0.2506,0.4925,0.3379,0.686,36996,38123,10833395,72494,109490,75119,26.99,22.43,9.49,default,4,3,4,0.01,3,2,200
default_frangi_0.560,frangi,0.56,0.00,23,27,11,11,0.3938,0.3855,0.2451,0.4995,0.3250,0.651,35582,35654,10835864,73908,109490,71236,26.99,21.15,8.98,default,4,3,4,0.01,3,2,200
default_frangi_0.580,frangi,0.58,0.00,21,27,11,11,0.3860,0.3802,0.2391,0.5060,0.3120,0.617,34158,33354,10838164,75332,109490,67512,26.99,20.09,8.74,default,4,3,4,0.01,3,2,200
default_frangi_0.600,frangi,0.6,0.00,20,27,11,11,0.3780,0.3738,0.2331,0.5114,0.2998,0.586,32828,31368,10840150,76662,109490,64196,26.99,19.06,8.42,default,4,3,4,0.01,3,2,200
default_frangi_0.620,frangi,0.62,0.00,19,27,11,11,0.3708,0.3646,0.2276,0.5177,0.2889,0.558,31627,29465,10842053,77863,109490,61092,26.99,18.17,8.00,default,4,3,4,0.01,3,2,200
default_frangi_0.640,frangi,0.64,0.00,18,27,11,11,0.3627,0.3555,0.2215,0.5229,0.2776,0.531,30396,27733,10843785,79094,109490,58129,26.99,17.51,7.83,default,4,3,4,0.01,3,2,200
default_frangi_0.660,frangi,0.66,0.00,18,27,11,11,0.3544,0.3475,0.2154,0.5278,0.2668,0.505,29211,26131,10845387,80279,109490,55342,26.99,16.86,7.72,default,4,3,4,0.01,3,2,200
default_frangi_0.680,frangi,0.68,0.00,18,27,11,11,0.3469,0.3371,0.2098,0.5336,0.2569,0.482,28133,24590,10846928,81357,109490,52723,26.99,15.69,7.18,default,4,3,4,0.01,3,2,200
default_frangi_0.700,frangi,0.7,0.00,17,27,11,11,0.3389,0.3231,0.2040,0.5379,0.2474,0.460,27083,23263,10848255,82407,109490,50346,26.99,15.72,6.93,default,4,3,4,0.01,3,2,200
default_frangi_0.720,frangi,0.72,0.00,17,27,11,11,0.3315,0.3164,0.1987,0.5428,0.2387,0.440,26130,22013,10849505,83360,109490,48143,26.99,15.40,6.91,default,4,3,4,0.01,3,2,200
default_frangi_0.740,frangi,0.74,0.00,17,27,11,11,0.3238,0.3062,0.1932,0.5467,0.2301,0.421,25190,20890,10850628,84300,109490,46080,26.99,15.20,6.74,default,4,3,4,0.01,3,2,200
default_frangi_0.760,frangi,0.76,0.00,17,27,11,11,0.3168,0.2967,0.1882,0.5510,0.2223,0.404,24345,19838,10851680,85145,109490,44183,26.99,13.88,6.14,default,4,3,4,0.01,3,2,200
default_frangi_0.780,frangi,0.78,0.00,16,27,11,11,0.3099,0.2911,0.1834,0.5555,0.2149,0.387,23534,18834,10852684,85956,109490,42368,26.99,13.62,6.10,default,4,3,4,0.01,3,2,200
default_frangi_0.800,frangi,0.8,0.00,16,27,11,11,0.3030,0.2816,0.1786,0.5598,0.2077,0.371,22743,17882,10853636,86747,109490,40625,26.99,12.72,5.57,default,4,3,4,0.01,3,2,200
default_frangi_0.820,frangi,0.82,0.00,16,27,11,11,0.2968,0.2745,0.1742,0.5647,0.2013,0.356,22037,16986,10854532,87453,109490,39023,26.99,12.20,5.35,default,4,3,4,0.01,3,2,200
default_frangi_0.840,frangi,0.84,0.00,16,27,11,11,0.2902,0.2688,0.1697,0.5692,0.1947,0.342,21323,16137,10855381,88167,109490,37460,26.99,11.99,5.29,default,4,3,4,0.01,3,2,200
default_frangi_0.860,frangi,0.86,0.00,14,27,11,11,0.2842,0.2638,0.1656,0.5734,0.1889,0.329,20686,15389,10856129,88804,109490,36075,26.99,11.72,5.24,default,4,3,4,0.01,3,2,200
default_frangi_0.880,frangi,0.88,0.00,14,27,11,11,0.2779,0.2587,0.1614,0.5770,0.1830,0.317,20037,14688,10856830,89453,109490,34725,26.99,11.52,5.13,default,4,3,4,0.01,3,2,200
default_frangi_0.900,frangi,0.9,0.00,14,27,11,11,0.2719,0.2573,0.1574,0.5809,0.1775,0.306,19435,14020,10857498,90055,109490,33455,26.99,10.93,5.07,default,4,3,4,0.01,3,2,200
default_frangi_0.920,frangi,0.92,0.00,14,27,11,11,0.2660,0.2515,0.1534,0.5847,0.1722,0.295,18853,13392,10858126,90637,109490,32245,26.99,10.54,4.96,default,4,3,4,0.01,3,2,200
default_frangi_0.940,frangi,0.94,0.00,14,27,11,11,0.2608,0.2452,0.1499,0.5886,0.1675,0.285,18337,12814,10858704,91153,109490,31151,26.99,10.48,4.91,default,4,3,4,0.01,3,2,200
default_frangi_0.960,frangi,0.96,0.00,14,27,11,11,0.2555,0.2404,0.1465,0.5939,0.1628,0.274,17821,12188,10859330,91669,109490,30009,26.99,10.04,4.69,default,4,3,4,0.01,3,2,200
default_frangi_0.980,frangi,0.98,0.00,14,27,11,11,0.2509,0.2359,0.1435,0.5989,0.1587,0.265,17378,11640,10859878,92112,109490,29018,26.99,9.47,4.52,default,4,3,4,0.01,3,2,200
vsize_-1_frangi_0.000,frangi,0.0,0.00,27,27,8,11,0.0787,0.0836,0.0409,0.0414,0.8010,19.366,87704,2032634,8838884,21786,109490,2120338,26.99,379.64,16.69,vsize_-1,3,3,4,0.01,3,2,200
vsize_-1_frangi_0.020,frangi,0.02,0.00,27,27,8,11,0.0845,0.0802,0.0441,0.0446,0.7970,17.867,87267,1868985,9002533,22223,109490,1956252,26.99,400.81,16.88,vsize_-1,3,3,4,0.01,3,2,200
vsize_-1_frangi_0.040,frangi,0.04,0.00,27,27,8,11,0.0952,0.0801,0.0500,0.0506,0.7886,15.571,86343,1618487,9253031,23147,109490,1704830,26.99,399.69,16.82,vsize_-1,3,3,4,0.01,3,2,200
vsize_-1_frangi_0.060,frangi,0.06,0.00,26,27,8,11,0.1089,0.0828,0.0576,0.0586,0.7765,13.260,85014,1366831,9504687,24476,109490,1451845,26.99,394.47,17.19,vsize_-1,3,3,4,0.01,3,2,200
vsize_-1_frangi_0.080,frangi,0.08,0.00,26,27,9,11,0.1246,0.0833,0.0664,0.0678,0.7615,11.229,83382,1146060,9725458,26108,109490,1229442,26.99,385.97,16.95,vsize_-1,3,3,4,0.01,3,2,200
vsize_-1_frangi_0.100,frangi,0.1,0.00,26,27,9,11,0.1423,0.0898,0.0766,0.0787,0.7448,9.468,81553,955056,9916462,27937,109490,1036609,26.99,358.13,17.05,vsize_-1,3,3,4,0.01,3,2,200
vsize_-1_frangi_0.120,frangi,0.12,0.00,26,27,10,11,0.1625,0.0987,0.0885,0.0915,0.7274,7.951,79646,790863,10080655,29844,109490,870509,26.99,317.15,16.72,vsize_-1,3,3,4,0.01,3,2,200
vsize_-1_frangi_0.140,frangi,0.14,0.00,26,27,10,11,0.1853,0.1153,0.1021,0.1066,0.7093,6.654,77663,650912,10220606,31827,109490,728575,26.99,278.78,17.41,vsize_-1,3,3,4,0.01,3,2,200
vsize_-1_frangi_0.160,frangi,0.16,0.00,26,27,10,11,0.2107,0.1385,0.1178,0.1243,0.6904,5.553,75590,532397,10339121,33900,109490,607987,26.99,237.46,18.16,vsize_-1,3,3,4,0.01,3,2,200
vsize_-1_frangi_0.180,frangi,0.18,0.00,26,27,10,11,0.2380,0.1653,0.1351,0.1447,0.6697,4.628,73320,433400,10438118,36170,109490,506720,26.99,199.77,18.67,vsize_-1,3,3,4,0.01,3,2,200
vsize_-1_frangi_0.200,frangi,0.2,0.00,26,27,11,11,0.2666,0.1913,0.1538,0.1678,0.6484,3.864,70998,352116,10519402,38492,109490,423114,26.99,165.44,18.37,vsize_-1,3,3,4,0.01,3,2,200
vsize_-1_frangi_0.220,frangi,0.22,0.00,26,27,11,11,0.2949,0.2148,0.1729,0.1929,0.6257,3.244,68509,286655,10584863,40981,109490,355164,26.99,135.71,17.36,vsize_-1,3,3,4,0.01,3,2,200
vsize_-1_frangi_0.240,frangi,0.24,0.00,26,27,11,11,0.3226,0.2501,0.1923,0.2202,0.6035,2.741,66077,234062,10637456,43413,109490,300139,26.99,114.93,17.81,vsize_-1,3,3,4,0.01,3,2,200
vsize_-1_frangi_0.260,frangi,0.26,0.00,26,27,11,11,0.3486,0.2794,0.2111,0.2489,0.5815,2.336,63673,192131,10679387,45817,109490,255804,26.99,94.72,17.03,vsize_-1,3,3,4,0.01,3,2,200
vsize_-1_frangi_0.280,frangi,0.28,0.00,26,27,11,11,0.3716,0.3172,0.2282,0.2781,0.5596,2.012,61272,159056,10712462,48218,109490,220328,26.99,79.81,17.17,vsize_-1,3,3,4,0.01,3,2,200
vsize_-1_frangi_0.300,frangi,0.3,0.00,26,27,11,11,0.3912,0.3429,0.2432,0.3072,0.5386,1.753,58966,132993,10738525,50524,109490,191959,26.99,66.61,16.18,vsize_-1,3,3,4,0.01,3,2,200
vsize_-1_frangi_0.320,frangi,0.32,0.00,26,27,11,11,0.4068,0.3688,0.2554,0.3349,0.5180,1.547,56718,112623,10758895,52772,109490,169341,26.99,57.00,15.65,vsize_-1,3,3,4,0.01,3,2,200
vsize_-1_frangi_0.340,frangi,0.34,0.00,26,27,11,11,0.4174,0.3918,0.2637,0.3599,0.4967,1.380,54382,96723,10774795,55108,109490,151105,26.99,49.37,15.16,vsize_-1,3,3,4,0.01,3,2,200
vsize_-1_frangi_0.360,frangi,0.36,0.00,25,27,11,11,0.4252,0.4047,0.2700,0.3835,0.4771,1.244,52236,83971,10787547,57254,109490,136207,26.99,42.72,14.12,vsize_-1,3,3,4,0.01,3,2,200
vsize_-1_frangi_0.380,frangi,0.38,0.00,25,27,11,11,0.4294,0.4086,0.2734,0.4040,0.4582,1.134,50171,74023,10797495,59319,109490,124194,26.99,38.69,13.36,vsize_-1,3,3,4,0.01,3,2,200
vsize_-1_frangi_0.400,frangi,0.4,0.00,25,27,11,11,0.4309,0.4154,0.2746,0.4224,0.4396,1.041,48136,65809,10805709,61354,109490,113945,26.99,34.58,12.68,vsize_-1,3,3,4,0.01,3,2,200
vsize_-1_frangi_0.420,frangi,0.42,0.00,25,27,11,11,0.4305,0.4248,0.2743,0.4389,0.4224,0.963,46253,59133,10812385,63237,109490,105386,26.99,31.65,12.44,vsize_-1,3,3,4,0.01,3,2,200
vsize_-1_frangi_0.440,frangi,0.44,0.00,25,27,11,11,0.4280,0.4273,0.2723,0.4527,0.4059,0.897,44441,53729,10817789,65049,109490,98170,26.99,28.99,11.87,vsize_-1,3,3,4,0.01,3,2,200
vsize_-1_frangi_0.460,frangi,0.46,0.00,25,27,11,11,0.4232,0.4245,0.2684,0.4641,0.3889,0.838,42586,49174,10822344,66904,109490,91760,26.99,26.65,11.28,vsize_-1,3,3,4,0.01,3,2,200
vsize_-1_frangi_0.480,frangi,0.48,0.00,25,27,11,11,0.4175,0.4197,0.2638,0.4742,0.3729,0.786,40834,45279,10826239,68656,109490,86113,26.99,25.51,10.99,vsize_-1,3,3,4,0.01,3,2,200
vsize_-1_frangi_0.500,frangi,0.5,0.00,25,27,11,11,0.4116,0.4103,0.2591,0.4835,0.3583,0.741,39226,41897,10829621,70264,109490,81123,26.99,23.83,10.22,vsize_-1,3,3,4,0.01,3,2,200
vsize_-1_frangi_0.520,frangi,0.52,0.00,25,27,11,11,0.4052,0.3993,0.2540,0.4918,0.3445,0.700,37718,38979,10832539,71772,109490,76697,26.99,22.99,9.77,vsize_-1,3,3,4,0.01,3,2,200
vsize_-1_frangi_0.540,frangi,0.54,0.00,23,27,11,11,0.3975,0.3909,0.2481,0.4986,0.3305,0.663,36188,36386,10835132,73302,109490,72574,26.99,22.03,9.39,vsize_-1,3,3,4,0.01,3,2,200
vsize_-1_frangi_0.560,frangi,0.56,0.00,22,27,11,11,0.3903,0.3826,0.2425,0.5057,0.3179,0.629,34802,34020,10837498,74688,109490,68822,26.99,20.68,8.86,vsize_-1,3,3,4,0.01,3,2,200
vsize_-1_frangi_0.580,frangi,0.58,0.00,21,27,11,11,0.3821,0.3812,0.2362,0.5118,0.3049,0.596,33382,31847,10839671,76108,109490,65229,26.99,19.69,8.83,vsize_-1,3,3,4,0.01,3,2,200
vsize_-1_frangi_0.600,frangi,0.6,0.00,20,27,11,11,0.3743,0.3719,0.2302,0.5180,0.2930,0.566,32084,29858,10841660,77406,109490,61942,26.99,19.03,8.50,vsize_-1,3,3,4,0.01,3,2,200
vsize_-1_frangi_0.620,frangi,0.62,0.00,19,27,11,11,0.3670,0.3592,0.2248,0.5245,0.2823,0.538,30908,28026,10843492,78582,109490,58934,26.99,18.29,8.02,vsize_-1,3,3,4,0.01,3,2,200
vsize_-1_frangi_0.640,frangi,0.64,0.00,18,27,11,11,0.3584,0.3542,0.2183,0.5289,0.2710,0.512,29677,26431,10845087,79813,109490,56108,26.99,16.67,7.72,vsize_-1,3,3,4,0.01,3,2,200
vsize_-1_frangi_0.660,frangi,0.66,0.00,18,27,11,11,0.3503,0.3412,0.2123,0.5338,0.2606,0.488,28538,24920,10846598,80952,109490,53458,26.99,16.15,7.45,vsize_-1,3,3,4,0.01,3,2,200
vsize_-1_frangi_0.680,frangi,0.68,0.00,17,27,11,11,0.3424,0.3284,0.2066,0.5391,0.2509,0.465,27469,23481,10848037,82021,109490,50950,26.99,15.91,7.08,vsize_-1,3,3,4,0.01,3,2,200
vsize_-1_frangi_0.700,frangi,0.7,0.00,17,27,11,11,0.3346,0.3162,0.2009,0.5439,0.2416,0.444,26453,22182,10849336,83037,109490,48635,26.99,15.83,6.86,vsize_-1,3,3,4,0.01,3,2,200
vsize_-1_frangi_0.720,frangi,0.72,0.00,17,27,11,11,0.3267,0.3111,0.1953,0.5480,0.2328,0.425,25484,21018,10850500,84006,109490,46502,26.99,14.82,6.71,vsize_-1,3,3,4,0.01,3,2,200
vsize_-1_frangi_0.740,frangi,0.74,0.00,17,27,11,11,0.3192,0.3017,0.1899,0.5518,0.2245,0.407,24584,19972,10851546,84906,109490,44556,26.99,14.33,6.47,vsize_-1,3,3,4,0.01,3,2,200
vsize_-1_frangi_0.760,frangi,0.76,0.00,16,27,11,11,0.3122,0.2914,0.1850,0.5565,0.2170,0.390,23754,18934,10852584,85736,109490,42688,26.99,13.59,5.97,vsize_-1,3,3,4,0.01,3,2,200
vsize_-1_frangi_0.780,frangi,0.78,0.00,16,27,11,11,0.3053,0.2847,0.1802,0.5611,0.2097,0.374,22962,17960,10853558,86528,109490,40922,26.99,12.97,5.72,vsize_-1,3,3,4,0.01,3,2,200
vsize_-1_frangi_0.800,frangi,0.8,0.00,16,27,11,11,0.2989,0.2782,0.1757,0.5658,0.2031,0.359,22240,17065,10854453,87250,109490,39305,26.99,12.29,5.46,vsize_-1,3,3,4,0.01,3,2,200
vsize_-1_frangi_0.820,frangi,0.82,0.00,16,27,11,11,0.2923,0.2727,0.1712,0.5699,0.1966,0.345,21522,16242,10855276,87968,109490,37764,26.99,11.64,5.23,vsize_-1,3,3,4,0.01,3,2,200
vsize_-1_frangi_0.840,frangi,0.84,0.00,14,27,11,11,0.2859,0.2636,0.1668,0.5745,0.1903,0.331,20832,15431,10856087,88658,109490,36263,26.99,11.83,5.23,vsize_-1,3,3,4,0.01,3,2,200
vsize_-1_frangi_0.860,frangi,0.86,0.00,14,27,11,11,0.2794,0.2586,0.1624,0.5780,0.1842,0.319,20170,14728,10856790,89320,109490,34898,26.99,11.44,5.02,vsize_-1,3,3,4,0.01,3,2,200
vsize_-1_frangi_0.880,frangi,0.88,0.00,14,27,11,11,0.2732,0.2568,0.1582,0.5818,0.1785,0.307,19546,14050,10857468,89944,109490,33596,26.99,11.30,5.11,vsize_-1,3,3,4,0.01,3,2,200
vsize_-1_frangi_0.900,frangi,0.9,0.00,14,27,11,11,0.2676,0.2525,0.1545,0.5858,0.1734,0.296,18988,13424,10858094,90502,109490,32412,26.99,10.65,4.93,vsize_-1,3,3,4,0.01,3,2,200
vsize_-1_frangi_0.920,frangi,0.92,0.00,14,27,11,11,0.2618,0.2462,0.1506,0.5899,0.1682,0.285,18416,12805,10858713,91074,109490,31221,26.99,10.57,4.91,vsize_-1,3,3,4,0.01,3,2,200
vsize_-1_frangi_0.940,frangi,0.94,0.00,14,27,11,11,0.2569,0.2435,0.1474,0.5953,0.1638,0.275,17934,12194,10859324,91556,109490,30128,26.99,9.92,4.69,vsize_-1,3,3,4,0.01,3,2,200
vsize_-1_frangi_0.960,frangi,0.96,0.00,14,27,11,11,0.2518,0.2374,0.1440,0.5995,0.1594,0.266,17449,11659,10859859,92041,109490,29108,26.99,9.85,4.66,vsize_-1,3,3,4,0.01,3,2,200
vsize_-1_frangi_0.980,frangi,0.98,0.00,14,27,11,11,0.2471,0.2351,0.1410,0.6050,0.1553,0.257,16999,11098,10860420,92491,109490,28097,26.99,9.41,4.56,vsize_-1,3,3,4,0.01,3,2,200
vsize_-2_std_-1_frangi_0.000,frangi,0.0,0.00,27,27,8,11,0.0824,0.0862,0.0429,0.0435,0.7862,18.093,86083,1894961,8976557,23407,109490,1981044,26.99,357.91,16.26,vsize_-2_std_-1,2,2,4,0.01,3,2,200
vsize_-2_std_-1_frangi_0.020,frangi,0.02,0.00,27,27,8,11,0.0882,0.0823,0.0462,0.0468,0.7823,16.730,85650,1746071,9125447,23840,109490,1831721,26.99,376.84,16.33,vsize_-2_std_-1,2,2,4,0.01,3,2,200
vsize_-2_std_-1_frangi_0.040,frangi,0.04,0.00,27,27,8,11,0.0992,0.0821,0.0522,0.0530,0.7744,14.615,84790,1515448,9356070,24700,109490,1600238,26.99,378.17,16.35,vsize_-2_std_-1,2,2,4,0.01,3,2,200
vsize_-2_std_-1_frangi_0.060,frangi,0.06,0.00,26,27,8,11,0.1135,0.0821,0.0602,0.0613,0.7621,12.428,83438,1277303,9594215,26052,109490,1360741,26.99,387.52,16.76,vsize_-2_std_-1,2,2,4,0.01,3,2,200
vsize_-2_std_-1_frangi_0.080,frangi,0.08,0.00,26,27,9,11,0.1302,0.0823,0.0696,0.0713,0.7476,10.487,81851,1066349,9805169,27639,109490,1148200,26.99,386.45,16.76,vsize_-2_std_-1,2,2,4,0.01,3,2,200
vsize_-2_std_-1_frangi_0.100,frangi,0.1,0.00,26,27,9,11,0.1490,0.0890,0.0805,0.0829,0.7306,8.809,79995,884517,9987001,29495,109490,964512,26.99,354.58,16.73,vsize_-2_std_-1,2,2,4,0.01,3,2,200
vsize_-2_std_-1_frangi_0.120,frangi,0.12,0.00,26,27,10,11,0.1703,0.1030,0.0931,0.0967,0.7124,7.366,77997,728513,10143005,31493,109490,806510,26.99,303.93,16.79,vsize_-2_std_-1,2,2,4,0.01,3,2,200
vsize_-2_std_-1_frangi_0.140,frangi,0.14,0.00,26,27,10,11,0.1944,0.1221,0.1077,0.1130,0.6941,6.140,75993,596284,10275234,33497,109490,672277,26.99,265.99,17.69,vsize_-2_std_-1,2,2,4,0.01,3,2,200
vsize_-2_std_-1_frangi_0.160,frangi,0.16,0.00,26,27,10,11,0.2210,0.1464,0.1242,0.1322,0.6745,5.104,73851,484939,10386579,35639,109490,558790,26.99,222.53,18.13,vsize_-2_std_-1,2,2,4,0.01,3,2,200
vsize_-2_std_-1_frangi_0.180,frangi,0.18,0.00,26,27,10,11,0.2497,0.1785,0.1426,0.1543,0.6535,4.235,71551,392100,10479418,37939,109490,463651,26.99,185.32,18.95,vsize_-2_std_-1,2,2,4,0.01,3,2,200
vsize_-2_std_-1_frangi_0.200,frangi,0.2,0.00,26,27,11,11,0.2790,0.2052,0.1621,0.1791,0.6313,3.525,69118,316822,10554696,40372,109490,385940,26.99,153.70,18.59,vsize_-2_std_-1,2,2,4,0.01,3,2,200
vsize_-2_std_-1_frangi_0.220,frangi,0.22,0.00,26,27,11,11,0.3078,0.2342,0.1819,0.2061,0.6084,2.952,66610,256644,10614874,42880,109490,323254,26.99,125.39,17.87,vsize_-2_std_-1,2,2,4,0.01,3,2,200
vsize_-2_std_-1_frangi_0.240,frangi,0.24,0.00,26,27,11,11,0.3360,0.2621,0.2019,0.2355,0.5861,2.489,64174,208380,10663138,45316,109490,272554,26.99,104.07,17.18,vsize_-2_std_-1,2,2,4,0.01,3,2,200
vsize_-2_std_-1_frangi_0.260,frangi,0.26,0.00,26,27,11,11,0.3609,0.2955,0.2202,0.2655,0.5635,2.122,61695,170666,10700852,47795,109490,232361,26.99,87.31,17.00,vsize_-2_std_-1,2,2,4,0.01,3,2,200
vsize_-2_std_-1_frangi_0.280,frangi,0.28,0.00,26,27,11,11,0.3833,0.3319,0.2371,0.2966,0.5419,1.827,59331,140728,10730790,50159,109490,200059,26.99,73.27,16.93,vsize_-2_std_-1,2,2,4,0.01,3,2,200
vsize_-2_std_-1_frangi_0.300,frangi,0.3,0.00,26,27,11,11,0.4014,0.3650,0.2511,0.3266,0.5207,1.595,57012,117570,10753948,52478,109490,174582,26.99,61.85,16.66,vsize_-2_std_-1,2,2,4,0.01,3,2,200
vsize_-2_std_-1_frangi_0.320,frangi,0.32,0.00,26,27,11,11,0.4144,0.3804,0.2614,0.3539,0.4998,1.412,54723,99894,10771624,54767,109490,154617,26.99,53.21,15.52,vsize_-2_std_-1,2,2,4,0.01,3,2,200
vsize_-2_std_-1_frangi_0.340,frangi,0.34,0.00,26,27,11,11,0.4234,0.3993,0.2685,0.3794,0.4788,1.262,52422,85741,10785777,57068,109490,138163,26.99,44.86,14.44,vsize_-2_std_-1,2,2,4,0.01,3,2,200
vsize_-2_std_-1_frangi_0.360,frangi,0.36,0.00,25,27,11,11,0.4290,0.4063,0.2731,0.4026,0.4592,1.140,50275,74590,10796928,59215,109490,124865,26.99,39.40,13.39,vsize_-2_std_-1,2,2,4,0.01,3,2,200
vsize_-2_std_-1_frangi_0.380,frangi,0.38,0.00,25,27,11,11,0.4315,0.4145,0.2751,0.4230,0.4403,1.041,48205,65750,10805768,61285,109490,113955,26.99,36.07,13.06,vsize_-2_std_-1,2,2,4,0.01,3,2,200
vsize_-2_std_-1_frangi_0.400,frangi,0.4,0.00,25,27,11,11,0.4314,0.4250,0.2750,0.4409,0.4223,0.958,46236,58630,10812888,63254,109490,104866,26.99,32.60,12.73,vsize_-2_std_-1,2,2,4,0.01,3,2,200
vsize_-2_std_-1_frangi_0.420,frangi,0.42,0.00,25,27,11,11,0.4289,0.4273,0.2730,0.4560,0.4049,0.888,44334,52893,10818625,65156,109490,97227,26.99,30.98,12.62,vsize_-2_std_-1,2,2,4,0.01,3,2,200
vsize_-2_std_-1_frangi_0.440,frangi,0.44,0.00,25,27,11,11,0.4243,0.4269,0.2693,0.4685,0.3877,0.827,42451,48150,10823368,67039,109490,90601,26.99,27.89,11.83,vsize_-2_std_-1,2,2,4,0.01,3,2,200
vsize_-2_std_-1_frangi_0.460,frangi,0.46,0.00,25,27,11,11,0.4187,0.4218,0.2648,0.4798,0.3715,0.774,40671,44095,10827423,68819,109490,84766,26.99,26.68,11.57,vsize_-2_std_-1,2,2,4,0.01,3,2,200
vsize_-2_std_-1_frangi_0.480,frangi,0.48,0.00,25,27,11,11,0.4118,0.4082,0.2593,0.4889,0.3558,0.728,38955,40731,10830787,70535,109490,79686,26.99,25.12,10.60,vsize_-2_std_-1,2,2,4,0.01,3,2,200
vsize_-2_std_-1_frangi_0.500,frangi,0.5,0.00,25,27,11,11,0.4053,0.4016,0.2542,0.4978,0.3419,0.687,37431,37765,10833753,72059,109490,75196,26.99,23.47,10.01,vsize_-2_std_-1,2,2,4,0.01,3,2,200
vsize_-2_std_-1_frangi_0.520,frangi,0.52,0.00,23,27,11,11,0.3981,0.3919,0.2485,0.5057,0.3282,0.649,35937,35120,10836398,73553,109490,71057,26.99,22.10,9.51,vsize_-2_std_-1,2,2,4,0.01,3,2,200
vsize_-2_std_-1_frangi_0.540,frangi,0.54,0.00,22,27,11,11,0.3901,0.3840,0.2423,0.5128,0.3148,0.614,34467,32743,10838775,75023,109490,67210,26.99,20.57,8.93,vsize_-2_std_-1,2,2,4,0.01,3,2,200
vsize_-2_std_-1_frangi_0.560,frangi,0.56,0.00,20,27,11,11,0.3815,0.3832,0.2357,0.5193,0.3015,0.581,33015,30566,10840952,76475,109490,63581,26.99,19.36,8.85,vsize_-2_std_-1,2,2,4,0.01,3,2,200
vsize_-2_std_-1_frangi_0.580,frangi,0.58,0.00,20,27,11,11,0.3733,0.3704,0.2295,0.5253,0.2896,0.551,31703,28651,10842867,77787,109490,60354,26.99,19.46,8.73,vsize_-2_std_-1,2,2,4,0.01,3,2,200
vsize_-2_std_-1_frangi_0.600,frangi,0.6,0.00,19,27,11,11,0.3654,0.3579,0.2236,0.5316,0.2784,0.524,30482,26857,10844661,79008,109490,57339,26.99,18.44,8.12,vsize_-2_std_-1,2,2,4,0.01,3,2,200
vsize_-2_std_-1_frangi_0.620,frangi,0.62,0.00,18,27,11,11,0.3566,0.3521,0.2170,0.5368,0.2670,0.497,29232,25228,10846290,80258,109490,54460,26.99,16.58,7.64,vsize_-2_std_-1,2,2,4,0.01,3,2,200
vsize_-2_std_-1_frangi_0.640,frangi,0.64,0.00,18,27,11,11,0.3481,0.3375,0.2107,0.5414,0.2565,0.474,28088,23788,10847730,81402,109490,51876,26.99,16.22,7.37,vsize_-2_std_-1,2,2,4,0.01,3,2,200
vsize_-2_std_-1_frangi_0.660,frangi,0.66,0.00,17,27,11,11,0.3400,0.3280,0.2048,0.5473,0.2466,0.451,27002,22333,10849185,82488,109490,49335,26.99,15.55,7.01,vsize_-2_std_-1,2,2,4,0.01,3,2,200
vsize_-2_std_-1_frangi_0.680,frangi,0.68,0.00,17,27,11,11,0.3318,0.3168,0.1989,0.5518,0.2373,0.430,25978,21103,10850415,83512,109490,47081,26.99,15.46,6.84,vsize_-2_std_-1,2,2,4,0.01,3,2,200
vsize_-2_std_-1_frangi_0.700,frangi,0.7,0.00,17,27,11,11,0.3236,0.3078,0.1930,0.5553,0.2283,0.411,25002,20023,10851495,84488,109490,45025,26.99,14.75,6.61,vsize_-2_std_-1,2,2,4,0.01,3,2,200
vsize_-2_std_-1_frangi_0.720,frangi,0.72,0.00,17,27,11,11,0.3164,0.3016,0.1879,0.5595,0.2206,0.394,24151,19016,10852502,85339,109490,43167,26.99,13.21,6.11,vsize_-2_std_-1,2,2,4,0.01,3,2,200
vsize_-2_std_-1_frangi_0.740,frangi,0.74,0.00,16,27,11,11,0.3087,0.2916,0.1826,0.5639,0.2126,0.377,23273,17995,10853523,86217,109490,41268,26.99,13.36,6.01,vsize_-2_std_-1,2,2,4,0.01,3,2,200
vsize_-2_std_-1_frangi_0.760,frangi,0.76,0.00,16,27,11,11,0.3019,0.2823,0.1778,0.5691,0.2054,0.361,22494,17033,10854485,86996,109490,39527,26.99,12.76,5.65,vsize_-2_std_-1,2,2,4,0.01,3,2,200
vsize_-2_std_-1_frangi_0.780,frangi,0.78,0.00,16,27,11,11,0.2952,0.2758,0.1732,0.5733,0.1988,0.347,21766,16203,10855315,87724,109490,37969,26.99,12.07,5.41,vsize_-2_std_-1,2,2,4,0.01,3,2,200
vsize_-2_std_-1_frangi_0.800,frangi,0.8,0.00,16,27,11,11,0.2885,0.2732,0.1685,0.5785,0.1921,0.332,21036,15327,10856191,88454,109490,36363,26.99,11.24,5.30,vsize_-2_std_-1,2,2,4,0.01,3,2,200
vsize_-2_std_-1_frangi_0.820,frangi,0.82,0.00,14,27,11,11,0.2822,0.2650,0.1643,0.5825,0.1862,0.320,20388,14613,10856905,89102,109490,35001,26.99,11.39,5.21,vsize_-2_std_-1,2,2,4,0.01,3,2,200
vsize_-2_std_-1_frangi_0.840,frangi,0.84,0.00,14,27,11,11,0.2755,0.2591,0.1598,0.5861,0.1801,0.307,19718,13925,10857593,89772,109490,33643,26.99,11.22,5.09,vsize_-2_std_-1,2,2,4,0.01,3,2,200
vsize_-2_std_-1_frangi_0.860,frangi,0.86,0.00,14,27,11,11,0.2698,0.2555,0.1559,0.5903,0.1748,0.296,19144,13288,10858230,90346,109490,32432,26.99,10.71,4.92,vsize_-2_std_-1,2,2,4,0.01,3,2,200
vsize_-2_std_-1_frangi_0.880,frangi,0.88,0.00,14,27,11,11,0.2636,0.2500,0.1518,0.5938,0.1694,0.285,18550,12688,10858830,90940,109490,31238,26.99,10.28,4.84,vsize_-2_std_-1,2,2,4,0.01,3,2,200
vsize_-2_std_-1_frangi_0.900,frangi,0.9,0.00,14,27,11,11,0.2581,0.2449,0.1482,0.5977,0.1646,0.275,18024,12133,10859385,91466,109490,30157,26.99,10.25,4.84,vsize_-2_std_-1,2,2,4,0.01,3,2,200
vsize_-2_std_-1_frangi_0.920,frangi,0.92,0.00,14,27,11,11,0.2528,0.2400,0.1447,0.6030,0.1599,0.265,17509,11526,10859992,91981,109490,29035,26.99,9.61,4.67,vsize_-2_std_-1,2,2,4,0.01,3,2,200
vsize_-2_std_-1_frangi_0.940,frangi,0.94,0.00,14,27,11,11,0.2481,0.2372,0.1416,0.6078,0.1558,0.256,17063,11009,10860509,92427,109490,28072,26.99,8.86,4.44,vsize_-2_std_-1,2,2,4,0.01,3,2,200
vsize_-2_std_-1_frangi_0.960,frangi,0.96,0.00,14,27,11,11,0.2434,0.2336,0.1385,0.6136,0.1518,0.247,16618,10464,10861054,92872,109490,27082,26.99,8.44,4.27,vsize_-2_std_-1,2,2,4,0.01,3,2,200
vsize_-2_std_-1_frangi_0.980,frangi,0.98,0.00,14,27,11,11,0.2390,0.2333,0.1357,0.6191,0.1481,0.239,16216,9977,10861541,93274,109490,26193,26.99,7.96,4.17,vsize_-2_std_-1,2,2,4,0.01,3,2,200
vsize_+1_frangi_0.000,frangi,0.0,0.00,27,27,8,11,0.0760,0.0818,0.0395,0.0399,0.8095,20.291,88634,2133032,8738486,20856,109490,2221666,26.99,389.53,16.75,vsize_+1,5,3,4,0.01,3,2,200
vsize_+1_frangi_0.020,frangi,0.02,0.00,27,27,8,11,0.0822,0.0783,0.0429,0.0433,0.8057,18.607,88220,1949093,8922425,21270,109490,2037313,26.99,410.34,16.85,vsize_+1,5,3,4,0.01,3,2,200
vsize_+1_frangi_0.040,frangi,0.04,0.00,27,27,8,11,0.0932,0.0789,0.0489,0.0495,0.7969,16.107,87251,1676302,9195216,22239,109490,1763553,26.99,406.01,16.81,vsize_+1,5,3,4,0.01,3,2,200
vsize_+1_frangi_0.060,frangi,0.06,0.00,27,27,8,11,0.1068,0.0827,0.0564,0.0573,0.7844,13.689,85887,1412925,9458593,23603,109490,1498812,26.99,398.03,17.33,vsize_+1,5,3,4,0.01,3,2,200
vsize_+1_frangi_0.080,frangi,0.08,0.00,26,27,9,11,0.1223,0.0848,0.0651,0.0664,0.7693,11.577,84227,1183338,9688180,25263,109490,1267565,26.99,386.99,17.32,vsize_+1,5,3,4,0.01,3,2,200
vsize_+1_frangi_0.100,frangi,0.1,0.00,26,27,9,11,0.1399,0.0898,0.0752,0.0771,0.7525,9.757,82388,985868,9885650,27102,109490,1068256,26.99,358.82,17.08,vsize_+1,5,3,4,0.01,3,2,200
vsize_+1_frangi_0.120,frangi,0.12,0.00,26,27,10,11,0.1598,0.0994,0.0868,0.0897,0.7348,8.195,80448,816876,10054642,29042,109490,897324,26.99,315.57,16.75,vsize_+1,5,3,4,0.01,3,2,200
vsize_+1_frangi_0.140,frangi,0.14,0.00,26,27,10,11,0.1822,0.1132,0.1002,0.1044,0.7164,6.864,78439,673062,10198456,31051,109490,751501,26.99,276.92,16.94,vsize_+1,5,3,4,0.01,3,2,200
vsize_+1_frangi_0.160,frangi,0.16,0.00,26,27,10,11,0.2070,0.1367,0.1155,0.1216,0.6973,5.736,76352,551715,10319803,33138,109490,628067,26.99,237.33,17.88,vsize_+1,5,3,4,0.01,3,2,200
vsize_+1_frangi_0.180,frangi,0.18,0.00,26,27,10,11,0.2339,0.1622,0.1324,0.1414,0.6772,4.791,74150,450391,10421127,35340,109490,524541,26.99,200.07,18.29,vsize_+1,5,3,4,0.01,3,2,200
vsize_+1_frangi_0.200,frangi,0.2,0.00,26,27,11,11,0.2622,0.1861,0.1509,0.1639,0.6561,4.004,71839,366589,10504929,37651,109490,438428,26.99,164.77,17.71,vsize_+1,5,3,4,0.01,3,2,200
vsize_+1_frangi_0.220,frangi,0.22,0.00,26,27,11,11,0.2903,0.2140,0.1698,0.1882,0.6341,3.369,69432,299437,10572081,40058,109490,368869,26.99,136.81,17.41,vsize_+1,5,3,4,0.01,3,2,200
vsize_+1_frangi_0.240,frangi,0.24,0.00,26,27,11,11,0.3174,0.2480,0.1887,0.2144,0.6115,2.853,66956,245411,10626107,42534,109490,312367,26.99,115.09,17.62,vsize_+1,5,3,4,0.01,3,2,200
vsize_+1_frangi_0.260,frangi,0.26,0.00,26,27,11,11,0.3434,0.2797,0.2073,0.2423,0.5897,2.434,64568,201955,10669563,44922,109490,266523,26.99,95.74,17.22,vsize_+1,5,3,4,0.01,3,2,200
vsize_+1_frangi_0.280,frangi,0.28,0.00,26,27,11,11,0.3662,0.3112,0.2241,0.2703,0.5676,2.100,62145,167774,10703744,47345,109490,229919,26.99,79.50,16.63,vsize_+1,5,3,4,0.01,3,2,200
vsize_+1_frangi_0.300,frangi,0.3,0.00,26,27,11,11,0.3862,0.3356,0.2393,0.2984,0.5472,1.834,59913,140855,10730663,49577,109490,200768,26.99,66.93,15.74,vsize_+1,5,3,4,0.01,3,2,200
vsize_+1_frangi_0.320,frangi,0.32,0.00,26,27,11,11,0.4019,0.3625,0.2515,0.3251,0.5262,1.619,57616,119616,10751902,51874,109490,177232,26.99,57.05,15.23,vsize_+1,5,3,4,0.01,3,2,200
vsize_+1_frangi_0.340,frangi,0.34,0.00,26,27,11,11,0.4134,0.3883,0.2606,0.3498,0.5054,1.445,55334,102871,10768647,54156,109490,158205,26.99,50.09,15.13,vsize_+1,5,3,4,0.01,3,2,200
vsize_+1_frangi_0.360,frangi,0.36,0.00,25,27,11,11,0.4216,0.4014,0.2671,0.3727,0.4854,1.302,53147,89462,10782056,56343,109490,142609,26.99,43.65,14.20,vsize_+1,5,3,4,0.01,3,2,200
vsize_+1_frangi_0.380,frangi,0.38,0.00,25,27,11,11,0.4265,0.4074,0.2710,0.3927,0.4666,1.188,51084,79002,10792516,58406,109490,130086,26.99,38.87,13.31,vsize_+1,5,3,4,0.01,3,2,200
vsize_+1_frangi_0.400,frangi,0.4,0.00,25,27,11,11,0.4284,0.4121,0.2726,0.4105,0.4480,1.091,49056,70447,10801071,60434,109490,119503,26.99,35.90,12.91,vsize_+1,5,3,4,0.01,3,2,200
vsize_+1_frangi_0.420,frangi,0.42,0.00,25,27,11,11,0.4290,0.4198,0.2731,0.4271,0.4309,1.009,47183,63289,10808229,62307,109490,110472,26.99,31.68,12.13,vsize_+1,5,3,4,0.01,3,2,200
vsize_+1_frangi_0.440,frangi,0.44,0.00,25,27,11,11,0.4271,0.4303,0.2715,0.4410,0.4141,0.939,45340,57483,10814035,64150,109490,102823,26.99,28.85,11.90,vsize_+1,5,3,4,0.01,3,2,200
vsize_+1_frangi_0.460,frangi,0.46,0.00,25,27,11,11,0.4232,0.4290,0.2684,0.4523,0.3976,0.879,43528,52709,10818809,65962,109490,96237,26.99,25.68,10.95,vsize_+1,5,3,4,0.01,3,2,200
vsize_+1_frangi_0.480,frangi,0.48,0.00,25,27,11,11,0.4184,0.4231,0.2645,0.4630,0.3816,0.824,41778,48455,10823063,67712,109490,90233,26.99,25.39,11.03,vsize_+1,5,3,4,0.01,3,2,200
vsize_+1_frangi_0.500,frangi,0.5,0.00,25,27,11,11,0.4132,0.4169,0.2604,0.4727,0.3670,0.776,40182,44816,10826702,69308,109490,84998,26.99,24.19,10.62,vsize_+1,5,3,4,0.01,3,2,200
vsize_+1_frangi_0.520,frangi,0.52,0.00,25,27,11,11,0.4068,0.4043,0.2553,0.4805,0.3527,0.734,38616,41744,10829774,70874,109490,80360,26.99,23.40,10.06,vsize_+1,5,3,4,0.01,3,2,200
vsize_+1_frangi_0.540,frangi,0.54,0.00,24,27,11,11,0.4004,0.3965,0.2503,0.4882,0.3394,0.695,37156,38951,10832567,72334,109490,76107,26.99,22.01,9.53,vsize_+1,5,3,4,0.01,3,2,200
vsize_+1_frangi_0.560,frangi,0.56,0.00,23,27,11,11,0.3930,0.3867,0.2446,0.4950,0.3259,0.658,35680,36396,10835122,73810,109490,72076,26.99,21.34,9.23,vsize_+1,5,3,4,0.01,3,2,200
vsize_+1_frangi_0.580,frangi,0.58,0.00,21,27,11,11,0.3854,0.3776,0.2387,0.5017,0.3129,0.624,34264,34035,10837483,75226,109490,68299,26.99,20.06,8.70,vsize_+1,5,3,4,0.01,3,2,200
vsize_+1_frangi_0.600,frangi,0.6,0.00,21,27,11,11,0.3778,0.3705,0.2329,0.5074,0.3009,0.593,32951,31984,10839534,76539,109490,64935,26.99,19.16,8.44,vsize_+1,5,3,4,0.01,3,2,200
vsize_+1_frangi_0.620,frangi,0.62,0.00,20,27,11,11,0.3701,0.3653,0.2271,0.5132,0.2894,0.564,31689,30058,10841460,77801,109490,61747,26.99,18.47,8.27,vsize_+1,5,3,4,0.01,3,2,200
vsize_+1_frangi_0.640,frangi,0.64,0.00,19,27,11,11,0.3625,0.3560,0.2214,0.5186,0.2786,0.537,30507,28316,10843202,78983,109490,58823,26.99,17.16,7.80,vsize_+1,5,3,4,0.01,3,2,200
vsize_+1_frangi_0.660,frangi,0.66,0.00,18,27,11,11,0.3544,0.3430,0.2154,0.5235,0.2679,0.512,29329,26700,10844818,80161,109490,56029,26.99,16.51,7.39,vsize_+1,5,3,4,0.01,3,2,200
vsize_+1_frangi_0.680,frangi,0.68,0.00,18,27,11,11,0.3471,0.3335,0.2100,0.5289,0.2583,0.488,28286,25196,10846322,81204,109490,53482,26.99,15.70,7.04,vsize_+1,5,3,4,0.01,3,2,200
vsize_+1_frangi_0.700,frangi,0.7,0.00,17,27,11,11,0.3397,0.3282,0.2046,0.5346,0.2489,0.466,27256,23727,10847791,82234,109490,50983,26.99,15.11,6.86,vsize_+1,5,3,4,0.01,3,2,200
vsize_+1_frangi_0.720,frangi,0.72,0.00,17,27,11,11,0.3321,0.3200,0.1991,0.5392,0.2400,0.445,26274,22455,10849063,83216,109490,48729,26.99,15.15,6.95,vsize_+1,5,3,4,0.01,3,2,200
vsize_+1_frangi_0.740,frangi,0.74,0.00,17,27,11,11,0.3249,0.3024,0.1940,0.5439,0.2317,0.426,25367,21276,10850242,84123,109490,46643,26.99,14.54,6.34,vsize_+1,5,3,4,0.01,3,2,200
vsize_+1_frangi_0.760,frangi,0.76,0.00,16,27,11,11,0.3173,0.2933,0.1885,0.5476,0.2233,0.408,24451,20197,10851321,85039,109490,44648,26.99,13.96,5.98,vsize_+1,5,3,4,0.01,3,2,200
vsize_+1_frangi_0.780,frangi,0.78,0.00,16,27,11,11,0.3101,0.2848,0.1835,0.5517,0.2157,0.391,23613,19189,10852329,85877,109490,42802,26.99,13.34,5.77,vsize_+1,5,3,4,0.01,3,2,200
vsize_+1_frangi_0.800,frangi,0.8,0.00,16,27,11,11,0.3040,0.2761,0.1792,0.5569,0.2091,0.375,22890,18216,10853302,86600,109490,41106,26.99,12.81,5.41,vsize_+1,5,3,4,0.01,3,2,200
vsize_+1_frangi_0.820,frangi,0.82,0.00,16,27,11,11,0.2983,0.2732,0.1753,0.5622,0.2030,0.361,22223,17308,10854210,87267,109490,39531,26.99,12.32,5.26,vsize_+1,5,3,4,0.01,3,2,200
vsize_+1_frangi_0.840,frangi,0.84,0.00,15,27,11,11,0.2914,0.2681,0.1706,0.5657,0.1963,0.347,21491,16502,10855016,87999,109490,37993,26.99,11.87,5.30,vsize_+1,5,3,4,0.01,3,2,200
vsize_+1_frangi_0.860,frangi,0.86,0.00,15,27,11,11,0.2850,0.2611,0.1662,0.5697,0.1901,0.334,20811,15719,10855799,88679,109490,36530,26.99,11.76,5.18,vsize_+1,5,3,4,0.01,3,2,200
vsize_+1_frangi_0.880,frangi,0.88,0.00,14,27,11,11,0.2793,0.2557,0.1623,0.5740,0.1846,0.322,20207,14998,10856520,89283,109490,35205,26.99,11.61,5.09,vsize_+1,5,3,4,0.01,3,2,200
vsize_+1_frangi_0.900,frangi,0.9,0.00,14,27,11,11,0.2729,0.2510,0.1580,0.5775,0.1787,0.309,19566,14313,10857205,89924,109490,33879,26.99,11.29,5.00,vsize_+1,5,3,4,0.01,3,2,200
vsize_+1_frangi_0.920,frangi,0.92,0.00,14,27,11,11,0.2675,0.2478,0.1544,0.5821,0.1736,0.298,19012,13648,10857870,90478,109490,32660,26.99,10.73,4.92,vsize_+1,5,3,4,0.01,3,2,200
vsize_+1_frangi_0.940,frangi,0.94,0.00,14,27,11,11,0.2612,0.2455,0.1502,0.5853,0.1681,0.287,18407,13040,10858478,91083,109490,31447,26.99,10.32,4.88,vsize_+1,5,3,4,0.01,3,2,200
vsize_+1_frangi_0.960,frangi,0.96,0.00,14,27,11,11,0.2564,0.2387,0.1471,0.5903,0.1638,0.277,17934,12448,10859070,91556,109490,30382,26.99,9.85,4.57,vsize_+1,5,3,4,0.01,3,2,200
vsize_+1_frangi_0.980,frangi,0.98,0.00,14,27,11,11,0.2517,0.2354,0.1440,0.5957,0.1596,0.268,17470,11856,10859662,92020,109490,29326,26.99,9.11,4.33,vsize_+1,5,3,4,0.01,3,2,200
vsize_+2_std_+1_frangi_0.000,frangi,0.0,0.00,27,27,8,11,0.0729,0.0796,0.0378,0.0382,0.8179,21.434,89555,2257208,8614310,19935,109490,2346763,26.99,408.61,17.06,vsize_+2_std_+1,6,4,4,0.01,3,2,200
vsize_+2_std_+1_frangi_0.020,frangi,0.02,0.00,27,27,8,11,0.0792,0.0760,0.0412,0.0416,0.8137,19.540,89091,2050319,8821199,20399,109490,2139410,26.99,431.13,17.16,vsize_+2_std_+1,6,4,4,0.01,3,2,200
vsize_+2_std_+1_frangi_0.040,frangi,0.04,0.00,27,27,8,11,0.0901,0.0774,0.0472,0.0477,0.8050,16.864,88141,1758336,9113182,21349,109490,1846477,26.99,426.64,17.32,vsize_+2_std_+1,6,4,4,0.01,3,2,200
vsize_+2_std_+1_frangi_0.060,frangi,0.06,0.00,27,27,8,11,0.1033,0.0811,0.0545,0.0553,0.7928,14.342,86805,1483534,9387984,22685,109490,1570339,26.99,415.31,17.70,vsize_+2_std_+1,6,4,4,0.01,3,2,200
vsize_+2_std_+1_frangi_0.080,frangi,0.08,0.00,27,27,9,11,0.1182,0.0823,0.0628,0.0640,0.7777,12.159,85152,1246094,9625424,24338,109490,1331246,26.99,400.67,17.37,vsize_+2_std_+1,6,4,4,0.01,3,2,200
vsize_+2_std_+1_frangi_0.100,frangi,0.1,0.00,27,27,9,11,0.1350,0.0873,0.0724,0.0741,0.7608,10.273,83304,1041481,9830037,26186,109490,1124785,26.99,374.56,17.29,vsize_+2_std_+1,6,4,4,0.01,3,2,200
vsize_+2_std_+1_frangi_0.120,frangi,0.12,0.00,26,27,10,11,0.1540,0.0960,0.0834,0.0859,0.7431,8.651,81360,865847,10005671,28130,109490,947207,26.99,333.68,17.06,vsize_+2_std_+1,6,4,4,0.01,3,2,200
vsize_+2_std_+1_frangi_0.140,frangi,0.14,0.00,26,27,10,11,0.1754,0.1100,0.0961,0.0998,0.7251,7.268,79393,716434,10155084,30097,109490,795827,26.99,290.13,17.21,vsize_+2_std_+1,6,4,4,0.01,3,2,200
vsize_+2_std_+1_frangi_0.160,frangi,0.16,0.00,26,27,10,11,0.1992,0.1308,0.1106,0.1159,0.7067,6.096,77379,590055,10281463,32111,109490,667434,26.99,248.50,17.81,vsize_+2_std_+1,6,4,4,0.01,3,2,200
vsize_+2_std_+1_frangi_0.180,frangi,0.18,0.00,26,27,10,11,0.2249,0.1564,0.1267,0.1344,0.6867,5.108,75182,484053,10387465,34308,109490,559235,26.99,211.69,18.56,vsize_+2_std_+1,6,4,4,0.01,3,2,200
vsize_+2_std_+1_frangi_0.200,frangi,0.2,0.00,26,27,11,11,0.2521,0.1766,0.1443,0.1555,0.6662,4.285,72945,396183,10475335,36545,109490,469128,26.99,176.66,17.84,vsize_+2_std_+1,6,4,4,0.01,3,2,200
vsize_+2_std_+1_frangi_0.220,frangi,0.22,0.00,26,27,11,11,0.2795,0.2045,0.1624,0.1784,0.6447,3.614,70585,325059,10546459,38905,109490,395644,26.99,145.15,17.48,vsize_+2_std_+1,6,4,4,0.01,3,2,200
vsize_+2_std_+1_frangi_0.240,frangi,0.24,0.00,26,27,11,11,0.3065,0.2341,0.1810,0.2032,0.6228,3.065,68195,267345,10604173,41295,109490,335540,26.99,122.93,17.48,vsize_+2_std_+1,6,4,4,0.01,3,2,200
vsize_+2_std_+1_frangi_0.260,frangi,0.26,0.00,26,27,11,11,0.3321,0.2718,0.1991,0.2295,0.6011,2.620,65817,221020,10650498,43673,109490,286837,26.99,102.50,17.69,vsize_+2_std_+1,6,4,4,0.01,3,2,200
vsize_+2_std_+1_frangi_0.280,frangi,0.28,0.00,26,27,11,11,0.3553,0.2971,0.2161,0.2562,0.5794,2.261,63439,184134,10687384,46051,109490,247573,26.99,85.91,16.84,vsize_+2_std_+1,6,4,4,0.01,3,2,200
vsize_+2_std_+1_frangi_0.300,frangi,0.3,0.00,26,27,11,11,0.3761,0.3252,0.2316,0.2834,0.5587,1.971,61175,154681,10716837,48315,109490,215856,26.99,72.34,16.19,vsize_+2_std_+1,6,4,4,0.01,3,2,200
vsize_+2_std_+1_frangi_0.320,frangi,0.32,0.00,26,27,11,11,0.3932,0.3522,0.2447,0.3096,0.5386,1.740,58967,131495,10740023,50523,109490,190462,26.99,61.29,15.56,vsize_+2_std_+1,6,4,4,0.01,3,2,200
vsize_+2_std_+1_frangi_0.340,frangi,0.34,0.00,26,27,11,11,0.4062,0.3787,0.2549,0.3341,0.5181,1.551,56729,113085,10758433,52761,109490,169814,26.99,52.54,15.11,vsize_+2_std_+1,6,4,4,0.01,3,2,200
vsize_+2_std_+1_frangi_0.360,frangi,0.36,0.00,25,27,11,11,0.4153,0.3916,0.2621,0.3563,0.4977,1.397,54492,98426,10773092,54998,109490,152918,26.99,46.50,14.36,vsize_+2_std_+1,6,4,4,0.01,3,2,200
vsize_+2_std_+1_frangi_0.380,frangi,0.38,0.00,25,27,11,11,0.4219,0.4044,0.2674,0.3771,0.4788,1.270,52427,86588,10784930,57063,109490,139015,26.99,41.54,13.85,vsize_+2_std_+1,6,4,4,0.01,3,2,200
vsize_+2_std_+1_frangi_0.400,frangi,0.4,0.00,25,27,11,11,0.4254,0.4149,0.2702,0.3953,0.4604,1.164,50406,77092,10794426,59084,109490,127498,26.99,37.60,13.42,vsize_+2_std_+1,6,4,4,0.01,3,2,200
vsize_+2_std_+1_frangi_0.420,frangi,0.42,0.00,25,27,11,11,0.4271,0.4206,0.2715,0.4123,0.4429,1.074,48496,69123,10802395,60994,109490,117619,26.99,34.36,12.98,vsize_+2_std_+1,6,4,4,0.01,3,2,200
vsize_+2_std_+1_frangi_0.440,frangi,0.44,0.00,25,27,11,11,0.4264,0.4316,0.2709,0.4266,0.4262,0.999,46660,62722,10808796,62830,109490,109382,26.99,30.73,12.53,vsize_+2_std_+1,6,4,4,0.01,3,2,200
vsize_+2_std_+1_frangi_0.460,frangi,0.46,0.00,25,27,11,11,0.4237,0.4288,0.2688,0.4388,0.4097,0.934,44854,57370,10814148,64636,109490,102224,26.99,27.97,11.66,vsize_+2_std_+1,6,4,4,0.01,3,2,200
vsize_+2_std_+1_frangi_0.480,frangi,0.48,0.00,25,27,11,11,0.4194,0.4291,0.2654,0.4494,0.3933,0.875,43057,52759,10818759,66433,109490,95816,26.99,26.05,11.32,vsize_+2_std_+1,6,4,4,0.01,3,2,200
vsize_+2_std_+1_frangi_0.500,frangi,0.5,0.00,25,27,11,11,0.4152,0.4153,0.2620,0.4598,0.3785,0.823,41446,48699,10822819,68044,109490,90145,26.99,25.45,10.77,vsize_+2_std_+1,6,4,4,0.01,3,2,200
vsize_+2_std_+1_frangi_0.520,frangi,0.52,0.00,25,27,11,11,0.4103,0.4095,0.2581,0.4687,0.3648,0.778,39938,45268,10826250,69552,109490,85206,26.99,24.26,10.38,vsize_+2_std_+1,6,4,4,0.01,3,2,200
vsize_+2_std_+1_frangi_0.540,frangi,0.54,0.00,25,27,11,11,0.4039,0.3987,0.2530,0.4762,0.3507,0.736,38394,42240,10829278,71096,109490,80634,26.99,23.23,9.83,vsize_+2_std_+1,6,4,4,0.01,3,2,200
vsize_+2_std_+1_frangi_0.560,frangi,0.56,0.00,23,27,11,11,0.3979,0.3914,0.2483,0.4841,0.3377,0.698,36976,39411,10832107,72514,109490,76387,26.99,22.27,9.47,vsize_+2_std_+1,6,4,4,0.01,3,2,200
vsize_+2_std_+1_frangi_0.580,frangi,0.58,0.00,23,27,11,11,0.3909,0.3841,0.2430,0.4907,0.3249,0.662,35573,36926,10834592,73917,109490,72499,26.99,20.98,9.02,vsize_+2_std_+1,6,4,4,0.01,3,2,200
vsize_+2_std_+1_frangi_0.600,frangi,0.6,0.00,21,27,11,11,0.3840,0.3776,0.2377,0.4974,0.3128,0.629,34246,34610,10836908,75244,109490,68856,26.99,19.81,8.66,vsize_+2_std_+1,6,4,4,0.01,3,2,200
vsize_+2_std_+1_frangi_0.620,frangi,0.62,0.00,21,27,11,11,0.3765,0.3694,0.2319,0.5029,0.3008,0.598,32938,32552,10838966,76552,109490,65490,26.99,19.18,8.50,vsize_+2_std_+1,6,4,4,0.01,3,2,200
vsize_+2_std_+1_frangi_0.640,frangi,0.64,0.00,19,27,11,11,0.3687,0.3660,0.2260,0.5085,0.2892,0.569,31664,30601,10840917,77826,109490,62265,26.99,18.16,8.22,vsize_+2_std_+1,6,4,4,0.01,3,2,200
vsize_+2_std_+1_frangi_0.660,frangi,0.66,0.00,18,27,11,11,0.3616,0.3544,0.2207,0.5139,0.2789,0.543,30537,28890,10842628,78953,109490,59427,26.99,17.26,7.83,vsize_+2_std_+1,6,4,4,0.01,3,2,200
vsize_+2_std_+1_frangi_0.680,frangi,0.68,0.00,18,27,11,11,0.3537,0.3423,0.2148,0.5187,0.2683,0.517,29377,27262,10844256,80113,109490,56639,26.99,16.46,7.36,vsize_+2_std_+1,6,4,4,0.01,3,2,200
vsize_+2_std_+1_frangi_0.700,frangi,0.7,0.00,18,27,11,11,0.3466,0.3328,0.2096,0.5238,0.2590,0.494,28353,25776,10845742,81137,109490,54129,26.99,15.41,6.91,vsize_+2_std_+1,6,4,4,0.01,3,2,200
vsize_+2_std_+1_frangi_0.720,frangi,0.72,0.00,17,27,11,11,0.3394,0.3251,0.2044,0.5294,0.2498,0.472,27349,24310,10847208,82141,109490,51659,26.99,15.50,6.89,vsize_+2_std_+1,6,4,4,0.01,3,2,200
vsize_+2_std_+1_frangi_0.740,frangi,0.74,0.00,17,27,11,11,0.3324,0.3193,0.1993,0.5344,0.2412,0.451,26407,23007,10848511,83083,109490,49414,26.99,15.31,7.01,vsize_+2_std_+1,6,4,4,0.01,3,2,200
vsize_+2_std_+1_frangi_0.760,frangi,0.76,0.00,17,27,11,11,0.3252,0.3055,0.1942,0.5389,0.2329,0.432,25496,21814,10849704,83994,109490,47310,26.99,14.99,6.65,vsize_+2_std_+1,6,4,4,0.01,3,2,200
vsize_+2_std_+1_frangi_0.780,frangi,0.78,0.00,16,27,11,11,0.3180,0.2942,0.1890,0.5431,0.2248,0.414,24610,20702,10850816,84880,109490,45312,26.99,14.23,6.06,vsize_+2_std_+1,6,4,4,0.01,3,2,200
vsize_+2_std_+1_frangi_0.800,frangi,0.8,0.00,16,27,11,11,0.3112,0.2858,0.1843,0.5475,0.2174,0.397,23801,19672,10851846,85689,109490,43473,26.99,13.64,5.86,vsize_+2_std_+1,6,4,4,0.01,3,2,200
vsize_+2_std_+1_frangi_0.820,frangi,0.82,0.00,16,27,11,11,0.3052,0.2766,0.1801,0.5525,0.2108,0.382,23085,18695,10852823,86405,109490,41780,26.99,13.18,5.50,vsize_+2_std_+1,6,4,4,0.01,3,2,200
vsize_+2_std_+1_frangi_0.840,frangi,0.84,0.00,16,27,11,11,0.2994,0.2714,0.1760,0.5576,0.2046,0.367,22403,17775,10853743,87087,109490,40178,26.99,12.85,5.29,vsize_+2_std_+1,6,4,4,0.01,3,2,200
vsize_+2_std_+1_frangi_0.860,frangi,0.86,0.00,15,27,11,11,0.2926,0.2695,0.1714,0.5613,0.1979,0.353,21666,16935,10854583,87824,109490,38601,26.99,12.01,5.31,vsize_+2_std_+1,6,4,4,0.01,3,2,200
vsize_+2_std_+1_frangi_0.880,frangi,0.88,0.00,15,27,11,11,0.2864,0.2627,0.1671,0.5651,0.1918,0.339,20997,16159,10855359,88493,109490,37156,26.99,11.74,5.15,vsize_+2_std_+1,6,4,4,0.01,3,2,200
vsize_+2_std_+1_frangi_0.900,frangi,0.9,0.00,14,27,11,11,0.2807,0.2568,0.1633,0.5693,0.1863,0.327,20397,15429,10856089,89093,109490,35826,26.99,11.64,5.07,vsize_+2_std_+1,6,4,4,0.01,3,2,200
vsize_+2_std_+1_frangi_0.920,frangi,0.92,0.00,14,27,11,11,0.2745,0.2530,0.1591,0.5731,0.1805,0.315,19764,14722,10856796,89726,109490,34486,26.99,11.28,5.00,vsize_+2_std_+1,6,4,4,0.01,3,2,200
vsize_+2_std_+1_frangi_0.940,frangi,0.94,0.00,14,27,11,11,0.2691,0.2494,0.1555,0.5779,0.1754,0.304,19207,14029,10857489,90283,109490,33236,26.99,10.63,4.87,vsize_+2_std_+1,6,4,4,0.01,3,2,200
vsize_+2_std_+1_frangi_0.960,frangi,0.96,0.00,14,27,11,11,0.2634,0.2460,0.1517,0.5818,0.1702,0.293,18639,13399,10858119,90851,109490,32038,26.99,10.33,4.79,vsize_+2_std_+1,6,4,4,0.01,3,2,200
vsize_+2_std_+1_frangi_0.980,frangi,0.98,0.00,14,27,11,11,0.2584,0.2394,0.1483,0.5867,0.1656,0.282,18137,12778,10858740,91353,109490,30915,26.99,10.05,4.60,vsize_+2_std_+1,6,4,4,0.01,3,2,200
vsize_+4_std_+3_frangi_0.000,frangi,0.0,0.00,27,27,8,11,0.0681,0.0749,0.0352,0.0355,0.8286,23.337,90719,2464406,8407112,18771,109490,2555125,26.99,445.03,17.44,vsize_+4_std_+3,8,6,4,0.01,3,2,200
vsize_+4_std_+3_frangi_0.020,frangi,0.02,0.00,27,27,8,11,0.0749,0.0723,0.0389,0.0392,0.8240,21.012,90216,2210395,8661123,19274,109490,2300611,26.99,464.35,17.53,vsize_+4_std_+3,8,6,4,0.01,3,2,200
vsize_+4_std_+3_frangi_0.040,frangi,0.04,0.00,27,27,8,11,0.0854,0.0756,0.0446,0.0451,0.8145,18.069,89179,1889170,8982348,20311,109490,1978349,26.99,455.12,18.02,vsize_+4_std_+3,8,6,4,0.01,3,2,200
vsize_+4_std_+3_frangi_0.060,frangi,0.06,0.00,27,27,8,11,0.0980,0.0791,0.0515,0.0522,0.8017,15.367,87780,1594803,9276715,21710,109490,1682583,26.99,437.62,18.17,vsize_+4_std_+3,8,6,4,0.01,3,2,200
vsize_+4_std_+3_frangi_0.080,frangi,0.08,0.00,27,27,9,11,0.1120,0.0803,0.0593,0.0603,0.7870,13.048,86173,1342489,9529029,23317,109490,1428662,26.99,422.14,17.83,vsize_+4_std_+3,8,6,4,0.01,3,2,200
vsize_+4_std_+3_frangi_0.100,frangi,0.1,0.00,27,27,9,11,0.1277,0.0862,0.0682,0.0696,0.7699,11.055,84297,1126090,9745428,25193,109490,1210387,26.99,392.42,17.87,vsize_+4_std_+3,8,6,4,0.01,3,2,200
vsize_+4_std_+3_frangi_0.120,frangi,0.12,0.00,27,27,10,11,0.1456,0.0934,0.0785,0.0806,0.7527,9.339,82413,940069,9931449,27077,109490,1022482,26.99,351.00,17.43,vsize_+4_std_+3,8,6,4,0.01,3,2,200
vsize_+4_std_+3_frangi_0.140,frangi,0.14,0.00,26,27,10,11,0.1656,0.1051,0.0903,0.0933,0.7353,7.881,80505,782378,10089140,28985,109490,862883,26.99,306.30,17.27,vsize_+4_std_+3,8,6,4,0.01,3,2,200
vsize_+4_std_+3_frangi_0.160,frangi,0.16,0.00,26,27,10,11,0.1879,0.1236,0.1037,0.1081,0.7174,6.637,78547,648176,10223342,30943,109490,726723,26.99,267.34,18.00,vsize_+4_std_+3,8,6,4,0.01,3,2,200
vsize_+4_std_+3_frangi_0.180,frangi,0.18,0.00,26,27,10,11,0.2119,0.1447,0.1185,0.1249,0.6984,5.593,76464,535914,10335604,33026,109490,612378,26.99,229.40,18.41,vsize_+4_std_+3,8,6,4,0.01,3,2,200
vsize_+4_std_+3_frangi_0.200,frangi,0.2,0.00,26,27,11,11,0.2373,0.1675,0.1346,0.1438,0.6780,4.713,74235,441833,10429685,35255,109490,516068,26.99,193.48,18.37,vsize_+4_std_+3,8,6,4,0.01,3,2,200
vsize_+4_std_+3_frangi_0.220,frangi,0.22,0.00,26,27,11,11,0.2635,0.1893,0.1517,0.1647,0.6574,3.991,71983,364971,10506547,37507,109490,436954,26.99,161.19,17.68,vsize_+4_std_+3,8,6,4,0.01,3,2,200
vsize_+4_std_+3_frangi_0.240,frangi,0.24,0.00,26,27,11,11,0.2893,0.2156,0.1691,0.1872,0.6364,3.399,69676,302465,10569053,39814,109490,372141,26.99,136.58,17.55,vsize_+4_std_+3,8,6,4,0.01,3,2,200
vsize_+4_std_+3_frangi_0.260,frangi,0.26,0.00,26,27,11,11,0.3143,0.2459,0.1864,0.2111,0.6153,2.915,67367,251825,10619693,42123,109490,319192,26.99,116.15,17.61,vsize_+4_std_+3,8,6,4,0.01,3,2,200
vsize_+4_std_+3_frangi_0.280,frangi,0.28,0.00,26,27,11,11,0.3378,0.2678,0.2032,0.2359,0.5942,2.519,65063,210704,10660814,44427,109490,275767,26.99,98.41,16.74,vsize_+4_std_+3,8,6,4,0.01,3,2,200
vsize_+4_std_+3_frangi_0.300,frangi,0.3,0.00,26,27,11,11,0.3587,0.3000,0.2185,0.2609,0.5735,2.198,62789,177843,10693675,46701,109490,240632,26.99,82.43,16.41,vsize_+4_std_+3,8,6,4,0.01,3,2,200
vsize_+4_std_+3_frangi_0.320,frangi,0.32,0.00,26,27,11,11,0.3774,0.3297,0.2326,0.2861,0.5541,1.936,60668,151348,10720170,48822,109490,212016,26.99,69.57,15.94,vsize_+4_std_+3,8,6,4,0.01,3,2,200
vsize_+4_std_+3_frangi_0.340,frangi,0.34,0.00,26,27,11,11,0.3923,0.3583,0.2440,0.3100,0.5340,1.722,58463,130118,10741400,51027,109490,188581,26.99,59.26,15.49,vsize_+4_std_+3,8,6,4,0.01,3,2,200
vsize_+4_std_+3_frangi_0.360,frangi,0.36,0.00,26,27,11,11,0.4035,0.3819,0.2527,0.3321,0.5140,1.548,56282,113194,10758324,53208,109490,169476,26.99,51.43,15.05,vsize_+4_std_+3,8,6,4,0.01,3,2,200
vsize_+4_std_+3_frangi_0.380,frangi,0.38,0.00,25,27,11,11,0.4120,0.3979,0.2595,0.3529,0.4949,1.402,54191,99361,10772157,55299,109490,153552,26.99,45.22,14.39,vsize_+4_std_+3,8,6,4,0.01,3,2,200
vsize_+4_std_+3_frangi_0.400,frangi,0.4,0.00,25,27,11,11,0.4179,0.4025,0.2641,0.3718,0.4769,1.283,52218,88223,10783295,57272,109490,140441,26.99,40.90,13.61,vsize_+4_std_+3,8,6,4,0.01,3,2,200
vsize_+4_std_+3_frangi_0.420,frangi,0.42,0.00,25,27,11,11,0.4208,0.4082,0.2664,0.3885,0.4589,1.181,50241,79074,10792444,59249,109490,129315,26.99,37.43,13.07,vsize_+4_std_+3,8,6,4,0.01,3,2,200
vsize_+4_std_+3_frangi_0.440,frangi,0.44,0.00,25,27,11,11,0.4227,0.4201,0.2680,0.4046,0.4424,1.094,48443,71285,10800233,61047,109490,119728,26.99,33.73,12.74,vsize_+4_std_+3,8,6,4,0.01,3,2,200
vsize_+4_std_+3_frangi_0.460,frangi,0.46,0.00,25,27,11,11,0.4220,0.4309,0.2674,0.4179,0.4261,1.020,46656,64987,10806531,62834,109490,111643,26.99,30.93,12.57,vsize_+4_std_+3,8,6,4,0.01,3,2,200
vsize_+4_std_+3_frangi_0.480,frangi,0.48,0.00,25,27,11,11,0.4194,0.4268,0.2653,0.4293,0.4099,0.955,44882,59661,10811857,64608,109490,104543,26.99,28.21,11.65,vsize_+4_std_+3,8,6,4,0.01,3,2,200
vsize_+4_std_+3_frangi_0.500,frangi,0.5,0.00,25,27,11,11,0.4156,0.4249,0.2623,0.4396,0.3941,0.896,43148,55004,10816514,66342,109490,98152,26.99,26.58,11.34,vsize_+4_std_+3,8,6,4,0.01,3,2,200
vsize_+4_std_+3_frangi_0.520,frangi,0.52,0.00,25,27,11,11,0.4119,0.4112,0.2593,0.4496,0.3800,0.845,41604,50939,10820579,67886,109490,92543,26.99,25.66,10.64,vsize_+4_std_+3,8,6,4,0.01,3,2,200
vsize_+4_std_+3_frangi_0.540,frangi,0.54,0.00,25,27,11,11,0.4074,0.4046,0.2558,0.4587,0.3664,0.799,40115,47346,10824172,69375,109490,87461,26.99,24.90,10.40,vsize_+4_std_+3,8,6,4,0.01,3,2,200
vsize_+4_std_+3_frangi_0.560,frangi,0.56,0.00,25,27,11,11,0.4015,0.3972,0.2512,0.4659,0.3528,0.757,38631,44294,10827224,70859,109490,82925,26.99,23.32,9.77,vsize_+4_std_+3,8,6,4,0.01,3,2,200
vsize_+4_std_+3_frangi_0.580,frangi,0.58,0.00,23,27,11,11,0.3961,0.3901,0.2470,0.4737,0.3403,0.718,37263,41396,10830122,72227,109490,78659,26.99,22.44,9.43,vsize_+4_std_+3,8,6,4,0.01,3,2,200
vsize_+4_std_+3_frangi_0.600,frangi,0.6,0.00,23,27,11,11,0.3900,0.3876,0.2422,0.4807,0.3281,0.683,35923,38815,10832703,73567,109490,74738,26.99,21.14,9.19,vsize_+4_std_+3,8,6,4,0.01,3,2,200
vsize_+4_std_+3_frangi_0.620,frangi,0.62,0.00,21,27,11,11,0.3835,0.3790,0.2373,0.4874,0.3161,0.649,34614,36402,10835116,74876,109490,71016,26.99,20.33,8.90,vsize_+4_std_+3,8,6,4,0.01,3,2,200
vsize_+4_std_+3_frangi_0.640,frangi,0.64,0.00,21,27,11,11,0.3767,0.3695,0.2320,0.4932,0.3047,0.618,33362,34282,10837236,76128,109490,67644,26.99,19.43,8.49,vsize_+4_std_+3,8,6,4,0.01,3,2,200
vsize_+4_std_+3_frangi_0.660,frangi,0.66,0.00,19,27,11,11,0.3695,0.3670,0.2266,0.4989,0.2934,0.588,32126,32262,10839256,77364,109490,64388,26.99,18.74,8.44,vsize_+4_std_+3,8,6,4,0.01,3,2,200
vsize_+4_std_+3_frangi_0.680,frangi,0.68,0.00,19,27,11,11,0.3626,0.3562,0.2214,0.5044,0.2830,0.561,30983,30443,10841075,78507,109490,61426,26.99,17.71,8.02,vsize_+4_std_+3,8,6,4,0.01,3,2,200
vsize_+4_std_+3_frangi_0.700,frangi,0.7,0.00,18,27,11,11,0.3553,0.3433,0.2160,0.5098,0.2727,0.535,29854,28704,10842814,79636,109490,58558,26.99,16.97,7.51,vsize_+4_std_+3,8,6,4,0.01,3,2,200
vsize_+4_std_+3_frangi_0.720,frangi,0.72,0.00,18,27,11,11,0.3486,0.3347,0.2111,0.5151,0.2634,0.511,28843,27147,10844371,80647,109490,55990,26.99,16.16,7.19,vsize_+4_std_+3,8,6,4,0.01,3,2,200
vsize_+4_std_+3_frangi_0.740,frangi,0.74,0.00,17,27,11,11,0.3420,0.3242,0.2063,0.5210,0.2545,0.489,27868,25622,10845896,81622,109490,53490,26.99,15.78,6.79,vsize_+4_std_+3,8,6,4,0.01,3,2,200
vsize_+4_std_+3_frangi_0.760,frangi,0.76,0.00,17,27,11,11,0.3352,0.3214,0.2013,0.5259,0.2460,0.468,26931,24281,10847237,82559,109490,51212,26.99,15.71,7.11,vsize_+4_std_+3,8,6,4,0.01,3,2,200
vsize_+4_std_+3_frangi_0.780,frangi,0.78,0.00,17,27,11,11,0.3286,0.3099,0.1966,0.5310,0.2379,0.448,26044,23000,10848518,83446,109490,49044,26.99,15.25,6.82,vsize_+4_std_+3,8,6,4,0.01,3,2,200
vsize_+4_std_+3_frangi_0.800,frangi,0.8,0.00,16,27,11,11,0.3216,0.2986,0.1916,0.5353,0.2299,0.429,25167,21850,10849668,84323,109490,47017,26.99,14.41,6.23,vsize_+4_std_+3,8,6,4,0.01,3,2,200
vsize_+4_std_+3_frangi_0.820,frangi,0.82,0.00,16,27,11,11,0.3149,0.2894,0.1869,0.5395,0.2223,0.412,24343,20776,10850742,85147,109490,45119,26.99,14.18,6.10,vsize_+4_std_+3,8,6,4,0.01,3,2,200
vsize_+4_std_+3_frangi_0.840,frangi,0.84,0.00,16,27,11,11,0.3090,0.2838,0.1827,0.5442,0.2157,0.396,23618,19779,10851739,85872,109490,43397,26.99,13.62,5.82,vsize_+4_std_+3,8,6,4,0.01,3,2,200
vsize_+4_std_+3_frangi_0.860,frangi,0.86,0.00,16,27,11,11,0.3035,0.2730,0.1789,0.5499,0.2095,0.381,22943,18779,10852739,86547,109490,41722,26.99,13.42,5.47,vsize_+4_std_+3,8,6,4,0.01,3,2,200
vsize_+4_std_+3_frangi_0.880,frangi,0.88,0.00,15,27,11,11,0.2977,0.2728,0.1749,0.5547,0.2035,0.367,22277,17884,10853634,87213,109490,40161,26.99,12.50,5.41,vsize_+4_std_+3,8,6,4,0.01,3,2,200
vsize_+4_std_+3_frangi_0.900,frangi,0.9,0.00,15,27,11,11,0.2912,0.2680,0.1704,0.5590,0.1969,0.352,21561,17011,10854507,87929,109490,38572,26.99,11.98,5.33,vsize_+4_std_+3,8,6,4,0.01,3,2,200
vsize_+4_std_+3_frangi_0.920,frangi,0.92,0.00,14,27,11,11,0.2855,0.2593,0.1665,0.5627,0.1912,0.340,20938,16272,10855246,88552,109490,37210,26.99,11.81,5.12,vsize_+4_std_+3,8,6,4,0.01,3,2,200
vsize_+4_std_+3_frangi_0.940,frangi,0.94,0.00,14,27,11,11,0.2797,0.2578,0.1626,0.5665,0.1857,0.328,20333,15559,10855959,89157,109490,35892,26.99,11.30,4.99,vsize_+4_std_+3,8,6,4,0.01,3,2,200
vsize_+4_std_+3_frangi_0.960,frangi,0.96,0.00,14,27,11,11,0.2742,0.2529,0.1589,0.5708,0.1804,0.316,19753,14850,10856668,89737,109490,34603,26.99,11.14,4.96,vsize_+4_std_+3,8,6,4,0.01,3,2,200
vsize_+4_std_+3_frangi_0.980,frangi,0.98,0.00,14,27,11,11,0.2690,0.2519,0.1554,0.5756,0.1755,0.305,19216,14168,10857350,90274,109490,33384,26.99,10.32,4.88,vsize_+4_std_+3,8,6,4,0.01,3,2,200
vsize_+6_std_+4_frangi_0.000,frangi,0.0,0.00,27,27,9,11,0.0661,0.0735,0.0342,0.0344,0.8282,24.058,90682,2543383,8328135,18808,109490,2634065,26.99,446.13,17.15,vsize_+6_std_+4,10,7,4,0.01,3,2,200
vsize_+6_std_+4_frangi_0.020,frangi,0.02,0.00,27,27,9,11,0.0734,0.0726,0.0381,0.0384,0.8232,21.439,90131,2257277,8614241,19359,109490,2347408,26.99,463.75,17.59,vsize_+6_std_+4,10,7,4,0.01,3,2,200
vsize_+6_std_+4_frangi_0.040,frangi,0.04,0.00,27,27,9,11,0.0840,0.0746,0.0438,0.0443,0.8133,18.362,89044,1921378,8950140,20446,109490,2010422,26.99,454.73,17.76,vsize_+6_std_+4,10,7,4,0.01,3,2,200
vsize_+6_std_+4_frangi_0.060,frangi,0.06,0.00,27,27,9,11,0.0966,0.0787,0.0508,0.0514,0.8000,15.557,87596,1615723,9255795,21894,109490,1703319,26.99,438.37,18.12,vsize_+6_std_+4,10,7,4,0.01,3,2,200
vsize_+6_std_+4_frangi_0.080,frangi,0.08,0.00,27,27,9,11,0.1109,0.0809,0.0587,0.0596,0.7849,13.159,85939,1354823,9516695,23551,109490,1440762,26.99,420.10,17.89,vsize_+6_std_+4,10,7,4,0.01,3,2,200
vsize_+6_std_+4_frangi_0.100,frangi,0.1,0.00,27,27,9,11,0.1267,0.0862,0.0676,0.0690,0.7675,11.116,84037,1133020,9738498,25453,109490,1217057,26.99,388.30,17.69,vsize_+6_std_+4,10,7,4,0.01,3,2,200
vsize_+6_std_+4_frangi_0.120,frangi,0.12,0.00,27,27,10,11,0.1448,0.0966,0.0780,0.0801,0.7506,9.371,82188,943804,9927714,27302,109490,1025992,26.99,345.86,17.81,vsize_+6_std_+4,10,7,4,0.01,3,2,200
vsize_+6_std_+4_frangi_0.140,frangi,0.14,0.00,26,27,10,11,0.1649,0.1089,0.0899,0.0929,0.7330,7.891,80258,783687,10087831,29232,109490,863945,26.99,299.27,17.54,vsize_+6_std_+4,10,7,4,0.01,3,2,200
vsize_+6_std_+4_frangi_0.160,frangi,0.16,0.00,26,27,10,11,0.1871,0.1291,0.1032,0.1076,0.7149,6.644,78277,649155,10222363,31213,109490,727432,26.99,262.48,18.55,vsize_+6_std_+4,10,7,4,0.01,3,2,200
vsize_+6_std_+4_frangi_0.180,frangi,0.18,0.00,26,27,11,11,0.2111,0.1519,0.1180,0.1244,0.6957,5.590,76169,535911,10335607,33321,109490,612080,26.99,222.65,18.88,vsize_+6_std_+4,10,7,4,0.01,3,2,200
vsize_+6_std_+4_frangi_0.200,frangi,0.2,0.00,26,27,11,11,0.2363,0.1668,0.1340,0.1432,0.6755,4.717,73965,442472,10429046,35525,109490,516437,26.99,187.16,17.71,vsize_+6_std_+4,10,7,4,0.01,3,2,200
vsize_+6_std_+4_frangi_0.220,frangi,0.22,0.00,26,27,11,11,0.2623,0.1930,0.1509,0.1640,0.6552,3.996,71738,365754,10505764,37752,109490,437492,26.99,155.70,17.50,vsize_+6_std_+4,10,7,4,0.01,3,2,200
vsize_+6_std_+4_frangi_0.240,frangi,0.24,0.00,26,27,11,11,0.2880,0.2196,0.1682,0.1863,0.6346,3.407,69482,303517,10568001,40008,109490,372999,26.99,131.56,17.31,vsize_+6_std_+4,10,7,4,0.01,3,2,200
vsize_+6_std_+4_frangi_0.260,frangi,0.26,0.00,26,27,11,11,0.3119,0.2493,0.1847,0.2092,0.6128,2.930,67091,253679,10617839,42399,109490,320770,26.99,111.35,17.20,vsize_+6_std_+4,10,7,4,0.01,3,2,200
vsize_+6_std_+4_frangi_0.280,frangi,0.28,0.00,26,27,11,11,0.3349,0.2776,0.2011,0.2334,0.5925,2.538,64876,213050,10658468,44614,109490,277926,26.99,94.14,16.80,vsize_+6_std_+4,10,7,4,0.01,3,2,200
vsize_+6_std_+4_frangi_0.300,frangi,0.3,0.00,26,27,11,11,0.3549,0.3014,0.2157,0.2574,0.5714,2.220,62558,180514,10691004,46932,109490,243072,26.99,80.97,16.27,vsize_+6_std_+4,10,7,4,0.01,3,2,200
vsize_+6_std_+4_frangi_0.320,frangi,0.32,0.00,26,27,11,11,0.3727,0.3326,0.2290,0.2814,0.5518,1.961,60419,154307,10717211,49071,109490,214726,26.99,69.02,16.07,vsize_+6_std_+4,10,7,4,0.01,3,2,200
vsize_+6_std_+4_frangi_0.340,frangi,0.34,0.00,26,27,11,11,0.3871,0.3549,0.2400,0.3042,0.5320,1.749,58244,133203,10738315,51246,109490,191447,26.99,60.53,15.70,vsize_+6_std_+4,10,7,4,0.01,3,2,200
vsize_+6_std_+4_frangi_0.360,frangi,0.36,0.00,25,27,11,11,0.3977,0.3718,0.2482,0.3253,0.5116,1.573,56020,116192,10755326,53470,109490,172212,26.99,52.09,14.74,vsize_+6_std_+4,10,7,4,0.01,3,2,200
vsize_+6_std_+4_frangi_0.380,frangi,0.38,0.01,25,27,11,11,0.4058,0.3798,0.2546,0.3449,0.4929,1.429,53963,102477,10769041,55527,109490,156440,26.99,45.16,13.48,vsize_+6_std_+4,10,7,4,0.01,3,2,200
vsize_+6_std_+4_frangi_0.400,frangi,0.4,0.00,25,27,11,11,0.4115,0.3944,0.2590,0.3632,0.4745,1.307,51958,91098,10780420,57532,109490,143056,26.99,40.49,13.15,vsize_+6_std_+4,10,7,4,0.01,3,2,200
vsize_+6_std_+4_frangi_0.420,frangi,0.42,0.00,25,27,11,11,0.4150,0.4096,0.2618,0.3799,0.4573,1.204,50068,81739,10789779,59422,109490,131807,26.99,36.78,13.00,vsize_+6_std_+4,10,7,4,0.01,3,2,200
vsize_+6_std_+4_frangi_0.440,frangi,0.44,0.00,25,27,11,11,0.4164,0.4206,0.2630,0.3946,0.4408,1.117,48258,74026,10797492,61232,109490,122284,26.99,33.53,12.82,vsize_+6_std_+4,10,7,4,0.01,3,2,200
vsize_+6_std_+4_frangi_0.460,frangi,0.46,0.00,25,27,11,11,0.4160,0.4209,0.2626,0.4079,0.4245,1.041,46478,67472,10804046,63012,109490,113950,26.99,30.62,12.08,vsize_+6_std_+4,10,7,4,0.01,3,2,200
vsize_+6_std_+4_frangi_0.480,frangi,0.48,0.00,25,27,11,11,0.4137,0.4168,0.2608,0.4190,0.4087,0.975,44746,62059,10809459,64744,109490,106805,26.99,28.99,11.62,vsize_+6_std_+4,10,7,4,0.01,3,2,200
vsize_+6_std_+4_frangi_0.500,frangi,0.5,0.00,25,27,11,11,0.4108,0.4096,0.2585,0.4294,0.3937,0.917,43101,57263,10814255,66389,109490,100364,26.99,27.26,10.94,vsize_+6_std_+4,10,7,4,0.01,3,2,200
vsize_+6_std_+4_frangi_0.520,frangi,0.52,0.00,25,27,11,11,0.4067,0.4047,0.2552,0.4394,0.3785,0.862,41447,52890,10818628,68043,109490,94337,26.99,26.10,10.69,vsize_+6_std_+4,10,7,4,0.01,3,2,200
vsize_+6_std_+4_frangi_0.540,frangi,0.54,0.00,25,27,11,11,0.4026,0.3977,0.2520,0.4484,0.3653,0.815,39996,49206,10822312,69494,109490,89202,26.99,24.93,10.24,vsize_+6_std_+4,10,7,4,0.01,3,2,200
vsize_+6_std_+4_frangi_0.560,frangi,0.56,0.01,25,27,11,11,0.3971,0.3922,0.2477,0.4559,0.3516,0.771,38502,45942,10825576,70988,109490,84444,26.99,23.67,9.91,vsize_+6_std_+4,10,7,4,0.01,3,2,200
vsize_+6_std_+4_frangi_0.580,frangi,0.58,0.00,24,27,11,11,0.3918,0.3888,0.2436,0.4636,0.3392,0.732,37142,42977,10828541,72348,109490,80119,26.99,21.93,9.44,vsize_+6_std_+4,10,7,4,0.01,3,2,200
vsize_+6_std_+4_frangi_0.600,frangi,0.6,0.01,23,27,11,11,0.3861,0.3852,0.2392,0.4709,0.3271,0.695,35816,40242,10831276,73674,109490,76058,26.99,20.87,9.25,vsize_+6_std_+4,10,7,4,0.01,3,2,200
vsize_+6_std_+4_frangi_0.620,frangi,0.62,0.00,21,27,11,11,0.3799,0.3751,0.2345,0.4778,0.3154,0.660,34528,37734,10833784,74962,109490,72262,26.99,19.74,8.65,vsize_+6_std_+4,10,7,4,0.01,3,2,200
vsize_+6_std_+4_frangi_0.640,frangi,0.64,0.00,21,27,11,11,0.3735,0.3675,0.2296,0.4839,0.3041,0.628,33296,35516,10836002,76194,109490,68812,26.99,19.65,8.62,vsize_+6_std_+4,10,7,4,0.01,3,2,200
vsize_+6_std_+4_frangi_0.660,frangi,0.66,0.00,21,27,11,11,0.3675,0.3605,0.2251,0.4907,0.2937,0.599,32162,33380,10838138,77328,109490,65542,26.99,18.40,8.21,vsize_+6_std_+4,10,7,4,0.01,3,2,200
vsize_+6_std_+4_frangi_0.680,frangi,0.68,0.00,19,27,11,11,0.3609,0.3493,0.2202,0.4967,0.2835,0.571,31036,31447,10840071,78454,109490,62483,26.99,17.92,7.91,vsize_+6_std_+4,10,7,4,0.01,3,2,200
vsize_+6_std_+4_frangi_0.700,frangi,0.7,0.01,19,27,11,11,0.3540,0.3392,0.2151,0.5020,0.2734,0.545,29939,29706,10841812,79551,109490,59645,26.99,17.44,7.68,vsize_+6_std_+4,10,7,4,0.01,3,2,200
vsize_+6_std_+4_frangi_0.720,frangi,0.72,0.00,18,27,11,11,0.3478,0.3314,0.2105,0.5081,0.2643,0.520,28943,28019,10843499,80547,109490,56962,26.99,16.43,7.23,vsize_+6_std_+4,10,7,4,0.01,3,2,200
vsize_+6_std_+4_frangi_0.740,frangi,0.74,0.00,17,27,11,11,0.3411,0.3210,0.2056,0.5131,0.2555,0.498,27975,26545,10844973,81515,109490,54520,26.99,15.92,6.86,vsize_+6_std_+4,10,7,4,0.01,3,2,200
vsize_+6_std_+4_frangi_0.760,frangi,0.76,0.01,16,27,11,11,0.3349,0.3149,0.2012,0.5193,0.2472,0.476,27065,25056,10846462,82425,109490,52121,26.99,15.20,6.65,vsize_+6_std_+4,10,7,4,0.01,3,2,200
vsize_+6_std_+4_frangi_0.780,frangi,0.78,0.00,16,27,11,11,0.3287,0.3051,0.1967,0.5241,0.2395,0.457,26218,23804,10847714,83272,109490,50022,26.99,15.20,6.51,vsize_+6_std_+4,10,7,4,0.01,3,2,200
vsize_+6_std_+4_frangi_0.800,frangi,0.8,0.01,16,27,11,11,0.3218,0.2944,0.1917,0.5289,0.2312,0.437,25318,22551,10848967,84172,109490,47869,26.99,14.64,6.10,vsize_+6_std_+4,10,7,4,0.01,3,2,200
vsize_+6_std_+4_frangi_0.820,frangi,0.82,0.00,16,27,11,11,0.3156,0.2902,0.1874,0.5339,0.2240,0.420,24525,21414,10850104,84965,109490,45939,26.99,14.09,6.04,vsize_+6_std_+4,10,7,4,0.01,3,2,200
vsize_+6_std_+4_frangi_0.840,frangi,0.84,0.00,15,27,11,11,0.3094,0.2779,0.1830,0.5380,0.2171,0.404,23771,20415,10851103,85719,109490,44186,26.99,13.88,5.75,vsize_+6_std_+4,10,7,4,0.01,3,2,200
vsize_+6_std_+4_frangi_0.860,frangi,0.86,0.00,15,27,11,11,0.3037,0.2705,0.1790,0.5426,0.2109,0.389,23087,19462,10852056,86403,109490,42549,26.99,13.75,5.55,vsize_+6_std_+4,10,7,4,0.01,3,2,200
vsize_+6_std_+4_frangi_0.880,frangi,0.88,0.00,15,27,11,11,0.2980,0.2648,0.1751,0.5479,0.2047,0.374,22412,18495,10853023,87078,109490,40907,26.99,13.26,5.45,vsize_+6_std_+4,10,7,4,0.01,3,2,200
vsize_+6_std_+4_frangi_0.900,frangi,0.9,0.00,15,27,11,11,0.2922,0.2603,0.1711,0.5523,0.1987,0.360,21751,17629,10853889,87739,109490,39380,26.99,12.56,5.26,vsize_+6_std_+4,10,7,4,0.01,3,2,200
vsize_+6_std_+4_frangi_0.920,frangi,0.92,0.00,15,27,11,11,0.2864,0.2564,0.1671,0.5566,0.1928,0.346,21109,16819,10854699,88381,109490,37928,26.99,11.87,5.12,vsize_+6_std_+4,10,7,4,0.01,3,2,200
vsize_+6_std_+4_frangi_0.940,frangi,0.94,0.00,15,27,11,11,0.2807,0.2532,0.1633,0.5609,0.1872,0.334,20495,16047,10855471,88995,109490,36542,26.99,11.17,5.00,vsize_+6_std_+4,10,7,4,0.01,3,2,200
vsize_+6_std_+4_frangi_0.960,frangi,0.96,0.00,14,27,11,11,0.2753,0.2492,0.1596,0.5646,0.1820,0.322,19927,15364,10856154,89563,109490,35291,26.99,10.75,4.84,vsize_+6_std_+4,10,7,4,0.01,3,2,200
vsize_+6_std_+4_frangi_0.980,frangi,0.98,0.00,14,27,11,11,0.2701,0.2446,0.1561,0.5695,0.1770,0.311,19379,14652,10856866,90111,109490,34031,26.99,10.55,4.72,vsize_+6_std_+4,10,7,4,0.01,3,2,200
strength_-1_frangi_0.000,frangi,0.0,0.00,27,27,8,11,0.0769,0.0817,0.0400,0.0404,0.8074,19.997,88404,2101086,8770432,21086,109490,2189490,26.99,391.29,16.79,strength_-1,4,3,3,0.01,3,2,200
strength_-1_frangi_0.020,frangi,0.02,0.00,27,27,8,11,0.0828,0.0784,0.0432,0.0436,0.8034,18.416,87967,1928405,8943113,21523,109490,2016372,26.99,413.09,16.97,strength_-1,4,3,3,0.01,3,2,200
strength_-1_frangi_0.040,frangi,0.04,0.00,27,27,8,11,0.0934,0.0786,0.0490,0.0496,0.7949,16.016,87037,1666540,9204978,22453,109490,1753577,26.99,410.39,16.91,strength_-1,4,3,3,0.01,3,2,200
strength_-1_frangi_0.060,frangi,0.06,0.00,26,27,8,11,0.1069,0.0818,0.0564,0.0573,0.7825,13.645,85677,1408346,9463172,23813,109490,1494023,26.99,402.28,17.32,strength_-1,4,3,3,0.01,3,2,200
strength_-1_frangi_0.080,frangi,0.08,0.00,26,27,9,11,0.1221,0.0828,0.0650,0.0664,0.7675,11.567,84034,1182393,9689125,25456,109490,1266427,26.99,391.87,17.09,strength_-1,4,3,3,0.01,3,2,200
strength_-1_frangi_0.100,frangi,0.1,0.00,26,27,9,11,0.1395,0.0889,0.0750,0.0769,0.7509,9.765,82220,986973,9884545,27270,109490,1069193,26.99,364.67,17.18,strength_-1,4,3,3,0.01,3,2,200
strength_-1_frangi_0.120,frangi,0.12,0.00,26,27,10,11,0.1593,0.0996,0.0865,0.0893,0.7337,8.213,80337,818890,10052628,29153,109490,899227,26.99,322.78,17.18,strength_-1,4,3,3,0.01,3,2,200
strength_-1_frangi_0.140,frangi,0.14,0.00,26,27,10,11,0.1815,0.1138,0.0998,0.1039,0.7157,6.887,78367,675722,10195796,31123,109490,754089,26.99,283.51,17.45,strength_-1,4,3,3,0.01,3,2,200
strength_-1_frangi_0.160,frangi,0.16,0.01,26,27,10,11,0.2062,0.1346,0.1149,0.1210,0.6968,5.759,76292,554222,10317296,33198,109490,630514,26.99,244.37,18.10,strength_-1,4,3,3,0.01,3,2,200
strength_-1_frangi_0.180,frangi,0.18,0.00,26,27,10,11,0.2328,0.1634,0.1317,0.1406,0.6764,4.811,74059,452689,10418829,35431,109490,526748,26.99,205.13,18.91,strength_-1,4,3,3,0.01,3,2,200
strength_-1_frangi_0.200,frangi,0.2,0.00,26,27,11,11,0.2611,0.1842,0.1501,0.1630,0.6555,4.022,71774,368605,10502913,37716,109490,440379,26.99,171.56,18.21,strength_-1,4,3,3,0.01,3,2,200
strength_-1_frangi_0.220,frangi,0.22,0.00,26,27,11,11,0.2890,0.2128,0.1689,0.1873,0.6332,3.381,69324,300871,10570647,40166,109490,370195,26.99,141.39,17.86,strength_-1,4,3,3,0.01,3,2,200
strength_-1_frangi_0.240,frangi,0.24,0.01,26,27,11,11,0.3165,0.2450,0.1880,0.2136,0.6107,2.860,66865,246238,10625280,42625,109490,313103,26.99,118.18,17.81,strength_-1,4,3,3,0.01,3,2,200
strength_-1_frangi_0.260,frangi,0.26,0.01,26,27,11,11,0.3426,0.2683,0.2067,0.2415,0.5889,2.438,64478,202482,10669036,45012,109490,266960,26.99,98.60,16.80,strength_-1,4,3,3,0.01,3,2,200
strength_-1_frangi_0.280,frangi,0.28,0.00,26,27,11,11,0.3658,0.3082,0.2238,0.2700,0.5669,2.099,62066,167782,10703736,47424,109490,229848,26.99,82.63,17.05,strength_-1,4,3,3,0.01,3,2,200
strength_-1_frangi_0.300,frangi,0.3,0.00,26,27,11,11,0.3860,0.3346,0.2392,0.2985,0.5462,1.830,59801,140523,10730995,49689,109490,200324,26.99,69.01,16.15,strength_-1,4,3,3,0.01,3,2,200
strength_-1_frangi_0.320,frangi,0.32,0.01,26,27,11,11,0.4028,0.3643,0.2522,0.3264,0.5260,1.612,57591,118869,10752649,51899,109490,176460,26.99,58.61,15.73,strength_-1,4,3,3,0.01,3,2,200
strength_-1_frangi_0.340,frangi,0.34,0.00,26,27,11,11,0.4141,0.3839,0.2611,0.3510,0.5048,1.438,55270,102202,10769316,54220,109490,157472,26.99,51.41,15.19,strength_-1,4,3,3,0.01,3,2,200
strength_-1_frangi_0.360,frangi,0.36,0.00,26,27,11,11,0.4224,0.4024,0.2677,0.3743,0.4846,1.295,53062,88717,10782801,56428,109490,141779,26.99,45.43,14.75,strength_-1,4,3,3,0.01,3,2,200
strength_-1_frangi_0.380,frangi,0.38,0.00,25,27,11,11,0.4277,0.4096,0.2720,0.3953,0.4659,1.179,51011,78034,10793484,58479,109490,129045,26.99,39.42,13.57,strength_-1,4,3,3,0.01,3,2,200
strength_-1_frangi_0.400,frangi,0.4,0.00,25,27,11,11,0.4306,0.4169,0.2743,0.4145,0.4479,1.081,49046,69286,10802232,60444,109490,118332,26.99,35.56,12.95,strength_-1,4,3,3,0.01,3,2,200
strength_-1_frangi_0.420,frangi,0.42,0.00,25,27,11,11,0.4305,0.4239,0.2743,0.4308,0.4302,0.999,47105,62230,10809288,62385,109490,109335,26.99,31.54,12.19,strength_-1,4,3,3,0.01,3,2,200
strength_-1_frangi_0.440,frangi,0.44,0.00,25,27,11,11,0.4286,0.4299,0.2727,0.4448,0.4135,0.930,45272,56506,10815012,64218,109490,101778,26.99,29.22,11.95,strength_-1,4,3,3,0.01,3,2,200
strength_-1_frangi_0.460,frangi,0.46,0.00,25,27,11,11,0.4245,0.4264,0.2695,0.4567,0.3966,0.869,43428,51671,10819847,66062,109490,95099,26.99,27.25,11.40,strength_-1,4,3,3,0.01,3,2,200
strength_-1_frangi_0.480,frangi,0.48,0.00,25,27,11,11,0.4199,0.4232,0.2658,0.4678,0.3810,0.814,41712,47456,10824062,67778,109490,89168,26.99,26.42,11.38,strength_-1,4,3,3,0.01,3,2,200
strength_-1_frangi_0.500,frangi,0.5,0.00,25,27,11,11,0.4140,0.4191,0.2610,0.4767,0.3659,0.767,40059,43967,10827551,69431,109490,84026,26.99,24.78,10.88,strength_-1,4,3,3,0.01,3,2,200
strength_-1_frangi_0.520,frangi,0.52,0.00,25,27,11,11,0.4077,0.4033,0.2561,0.4851,0.3516,0.725,38499,40865,10830653,70991,109490,79364,26.99,23.72,10.01,strength_-1,4,3,3,0.01,3,2,200
strength_-1_frangi_0.540,frangi,0.54,0.00,23,27,11,11,0.4008,0.3935,0.2506,0.4925,0.3379,0.686,36996,38123,10833395,72494,109490,75119,26.99,22.43,9.49,strength_-1,4,3,3,0.01,3,2,200
strength_-1_frangi_0.560,frangi,0.56,0.00,23,27,11,11,0.3938,0.3855,0.2451,0.4995,0.3250,0.651,35582,35654,10835864,73908,109490,71236,26.99,21.15,8.98,strength_-1,4,3,3,0.01,3,2,200
strength_-1_frangi_0.580,frangi,0.58,0.01,21,27,11,11,0.3860,0.3802,0.2391,0.5060,0.3120,0.617,34158,33354,10838164,75332,109490,67512,26.99,20.09,8.74,strength_-1,4,3,3,0.01,3,2,200
strength_-1_frangi_0.600,frangi,0.6,0.00,20,27,11,11,0.3780,0.3738,0.2331,0.5114,0.2998,0.586,32828,31368,10840150,76662,109490,64196,26.99,19.06,8.42,strength_-1,4,3,3,0.01,3,2,200
strength_-1_frangi_0.620,frangi,0.62,0.00,19,27,11,11,0.3708,0.3646,0.2276,0.5177,0.2889,0.558,31627,29465,10842053,77863,109490,61092,26.99,18.17,8.00,strength_-1,4,3,3,0.01,3,2,200
strength_-1_frangi_0.640,frangi,0.64,0.01,18,27,11,11,0.3627,0.3555,0.2215,0.5229,0.2776,0.531,30396,27733,10843785,79094,109490,58129,26.99,17.51,7.83,strength_-1,4,3,3,0.01,3,2,200
strength_-1_frangi_0.660,frangi,0.66,0.00,18,27,11,11,0.3544,0.3475,0.2154,0.5278,0.2668,0.505,29211,26131,10845387,80279,109490,55342,26.99,16.86,7.72,strength_-1,4,3,3,0.01,3,2,200
strength_-1_frangi_0.680,frangi,0.68,0.01,18,27,11,11,0.3469,0.3371,0.2098,0.5336,0.2569,0.482,28133,24590,10846928,81357,109490,52723,26.99,15.69,7.18,strength_-1,4,3,3,0.01,3,2,200
strength_-1_frangi_0.700,frangi,0.7,0.00,17,27,11,11,0.3389,0.3231,0.2040,0.5379,0.2474,0.460,27083,23263,10848255,82407,109490,50346,26.99,15.72,6.93,strength_-1,4,3,3,0.01,3,2,200
strength_-1_frangi_0.720,frangi,0.72,0.00,17,27,11,11,0.3315,0.3164,0.1987,0.5428,0.2387,0.440,26130,22013,10849505,83360,109490,48143,26.99,15.40,6.91,strength_-1,4,3,3,0.01,3,2,200
strength_-1_frangi_0.740,frangi,0.74,0.01,17,27,11,11,0.3238,0.3062,0.1932,0.5467,0.2301,0.421,25190,20890,10850628,84300,109490,46080,26.99,15.20,6.74,strength_-1,4,3,3,0.01,3,2,200
strength_-1_frangi_0.760,frangi,0.76,0.01,17,27,11,11,0.3168,0.2967,0.1882,0.5510,0.2223,0.404,24345,19838,10851680,85145,109490,44183,26.99,13.88,6.14,strength_-1,4,3,3,0.01,3,2,200
strength_-1_frangi_0.780,frangi,0.78,0.00,16,27,11,11,0.3099,0.2911,0.1834,0.5555,0.2149,0.387,23534,18834,10852684,85956,109490,42368,26.99,13.62,6.10,strength_-1,4,3,3,0.01,3,2,200
strength_-1_frangi_0.800,frangi,0.8,0.01,16,27,11,11,0.3030,0.2816,0.1786,0.5598,0.2077,0.371,22743,17882,10853636,86747,109490,40625,26.99,12.72,5.57,strength_-1,4,3,3,0.01,3,2,200
strength_-1_frangi_0.820,frangi,0.82,0.00,16,27,11,11,0.2968,0.2745,0.1742,0.5647,0.2013,0.356,22037,16986,10854532,87453,109490,39023,26.99,12.20,5.35,strength_-1,4,3,3,0.01,3,2,200
strength_-1_frangi_0.840,frangi,0.84,0.00,16,27,11,11,0.2902,0.2688,0.1697,0.5692,0.1947,0.342,21323,16137,10855381,88167,109490,37460,26.99,11.99,5.29,strength_-1,4,3,3,0.01,3,2,200
strength_-1_frangi_0.860,frangi,0.86,0.00,14,27,11,11,0.2842,0.2638,0.1656,0.5734,0.1889,0.329,20686,15389,10856129,88804,109490,36075,26.99,11.72,5.24,strength_-1,4,3,3,0.01,3,2,200
strength_-1_frangi_0.880,frangi,0.88,0.01,14,27,11,11,0.2779,0.2587,0.1614,0.5770,0.1830,0.317,20037,14688,10856830,89453,109490,34725,26.99,11.52,5.13,strength_-1,4,3,3,0.01,3,2,200
strength_-1_frangi_0.900,frangi,0.9,0.00,14,27,11,11,0.2719,0.2573,0.1574,0.5809,0.1775,0.306,19435,14020,10857498,90055,109490,33455,26.99,10.93,5.07,strength_-1,4,3,3,0.01,3,2,200
strength_-1_frangi_0.920,frangi,0.92,0.00,14,27,11,11,0.2660,0.2515,0.1534,0.5847,0.1722,0.295,18853,13392,10858126,90637,109490,32245,26.99,10.54,4.96,strength_-1,4,3,3,0.01,3,2,200
strength_-1_frangi_0.940,frangi,0.94,0.00,14,27,11,11,0.2608,0.2452,0.1499,0.5886,0.1675,0.285,18337,12814,10858704,91153,109490,31151,26.99,10.48,4.91,strength_-1,4,3,3,0.01,3,2,200
strength_-1_frangi_0.960,frangi,0.96,0.00,14,27,11,11,0.2555,0.2404,0.1465,0.5939,0.1628,0.274,17821,12188,10859330,91669,109490,30009,26.99,10.04,4.69,strength_-1,4,3,3,0.01,3,2,200
strength_-1_frangi_0.980,frangi,0.98,0.00,14,27,11,11,0.2509,0.2359,0.1435,0.5989,0.1587,0.265,17378,11640,10859878,92112,109490,29018,26.99,9.47,4.52,strength_-1,4,3,3,0.01,3,2,200
strength_+1_frangi_0.000,frangi,0.0,0.00,27,27,8,11,0.0769,0.0817,0.0400,0.0404,0.8074,19.997,88404,2101086,8770432,21086,109490,2189490,26.99,391.29,16.79,strength_+1,4,3,5,0.01,3,2,200
strength_+1_frangi_0.020,frangi,0.02,0.00,27,27,8,11,0.0828,0.0784,0.0432,0.0436,0.8034,18.416,87967,1928405,8943113,21523,109490,2016372,26.99,413.09,16.97,strength_+1,4,3,5,0.01,3,2,200
strength_+1_frangi_0.040,frangi,0.04,0.00,27,27,8,11,0.0934,0.0786,0.0490,0.0496,0.7949,16.016,87037,1666540,9204978,22453,109490,1753577,26.99,410.39,16.91,strength_+1,4,3,5,0.01,3,2,200
strength_+1_frangi_0.060,frangi,0.06,0.00,26,27,8,11,0.1069,0.0818,0.0564,0.0573,0.7825,13.645,85677,1408346,9463172,23813,109490,1494023,26.99,402.28,17.32,strength_+1,4,3,5,0.01,3,2,200
strength_+1_frangi_0.080,frangi,0.08,0.01,26,27,9,11,0.1221,0.0828,0.0650,0.0664,0.7675,11.567,84034,1182393,9689125,25456,109490,1266427,26.99,391.87,17.09,strength_+1,4,3,5,0.01,3,2,200
strength_+1_frangi_0.100,frangi,0.1,0.00,26,27,9,11,0.1395,0.0889,0.0750,0.0769,0.7509,9.765,82220,986973,9884545,27270,109490,1069193,26.99,364.67,17.18,strength_+1,4,3,5,0.01,3,2,200
strength_+1_frangi_0.120,frangi,0.12,0.00,26,27,10,11,0.1593,0.0996,0.0865,0.0893,0.7337,8.213,80337,818890,10052628,29153,109490,899227,26.99,322.78,17.18,strength_+1,4,3,5,0.01,3,2,200
strength_+1_frangi_0.140,frangi,0.14,0.00,26,27,10,11,0.1815,0.1138,0.0998,0.1039,0.7157,6.887,78367,675722,10195796,31123,109490,754089,26.99,283.51,17.45,strength_+1,4,3,5,0.01,3,2,200
strength_+1_frangi_0.160,frangi,0.16,0.00,26,27,10,11,0.2062,0.1346,0.1149,0.1210,0.6968,5.759,76292,554222,10317296,33198,109490,630514,26.99,244.37,18.10,strength_+1,4,3,5,0.01,3,2,200
strength_+1_frangi_0.180,frangi,0.18,0.00,26,27,10,11,0.2328,0.1634,0.1317,0.1406,0.6764,4.811,74059,452689,10418829,35431,109490,526748,26.99,205.13,18.91,strength_+1,4,3,5,0.01,3,2,200
strength_+1_frangi_0.200,frangi,0.2,0.00,26,27,11,11,0.2611,0.1842,0.1501,0.1630,0.6555,4.022,71774,368605,10502913,37716,109490,440379,26.99,171.56,18.21,strength_+1,4,3,5,0.01,3,2,200
strength_+1_frangi_0.220,frangi,0.22,0.00,26,27,11,11,0.2890,0.2128,0.1689,0.1873,0.6332,3.381,69324,300871,10570647,40166,109490,370195,26.99,141.39,17.86,strength_+1,4,3,5,0.01,3,2,200
strength_+1_frangi_0.240,frangi,0.24,0.00,26,27,11,11,0.3165,0.2450,0.1880,0.2136,0.6107,2.860,66865,246238,10625280,42625,109490,313103,26.99,118.18,17.81,strength_+1,4,3,5,0.01,3,2,200
strength_+1_frangi_0.260,frangi,0.26,0.01,26,27,11,11,0.3426,0.2683,0.2067,0.2415,0.5889,2.438,64478,202482,10669036,45012,109490,266960,26.99,98.60,16.80,strength_+1,4,3,5,0.01,3,2,200
strength_+1_frangi_0.280,frangi,0.28,0.01,26,27,11,11,0.3658,0.3082,0.2238,0.2700,0.5669,2.099,62066,167782,10703736,47424,109490,229848,26.99,82.63,17.05,strength_+1,4,3,5,0.01,3,2,200
strength_+1_frangi_0.300,frangi,0.3,0.00,26,27,11,11,0.3860,0.3346,0.2392,0.2985,0.5462,1.830,59801,140523,10730995,49689,109490,200324,26.99,69.01,16.15,strength_+1,4,3,5,0.01,3,2,200
strength_+1_frangi_0.320,frangi,0.32,0.00,26,27,11,11,0.4028,0.3643,0.2522,0.3264,0.5260,1.612,57591,118869,10752649,51899,109490,176460,26.99,58.61,15.73,strength_+1,4,3,5,0.01,3,2,200
strength_+1_frangi_0.340,frangi,0.34,0.00,26,27,11,11,0.4141,0.3839,0.2611,0.3510,0.5048,1.438,55270,102202,10769316,54220,109490,157472,26.99,51.41,15.19,strength_+1,4,3,5,0.01,3,2,200
strength_+1_frangi_0.360,frangi,0.36,0.00,26,27,11,11,0.4224,0.4024,0.2677,0.3743,0.4846,1.295,53062,88717,10782801,56428,109490,141779,26.99,45.43,14.75,strength_+1,4,3,5,0.01,3,2,200
strength_+1_frangi_0.380,frangi,0.38,0.00,25,27,11,11,0.4277,0.4096,0.2720,0.3953,0.4659,1.179,51011,78034,10793484,58479,109490,129045,26.99,39.42,13.57,strength_+1,4,3,5,0.01,3,2,200
strength_+1_frangi_0.400,frangi,0.4,0.00,25,27,11,11,0.4306,0.4169,0.2743,0.4145,0.4479,1.081,49046,69286,10802232,60444,109490,118332,26.99,35.56,12.95,strength_+1,4,3,5,0.01,3,2,200
strength_+1_frangi_0.420,frangi,0.42,0.00,25,27,11,11,0.4305,0.4239,0.2743,0.4308,0.4302,0.999,47105,62230,10809288,62385,109490,109335,26.99,31.54,12.19,strength_+1,4,3,5,0.01,3,2,200
strength_+1_frangi_0.440,frangi,0.44,0.00,25,27,11,11,0.4286,0.4299,0.2727,0.4448,0.4135,0.930,45272,56506,10815012,64218,109490,101778,26.99,29.22,11.95,strength_+1,4,3,5,0.01,3,2,200
strength_+1_frangi_0.460,frangi,0.46,0.00,25,27,11,11,0.4245,0.4264,0.2695,0.4567,0.3966,0.869,43428,51671,10819847,66062,109490,95099,26.99,27.25,11.40,strength_+1,4,3,5,0.01,3,2,200
strength_+1_frangi_0.480,frangi,0.48,0.00,25,27,11,11,0.4199,0.4232,0.2658,0.4678,0.3810,0.814,41712,47456,10824062,67778,109490,89168,26.99,26.42,11.38,strength_+1,4,3,5,0.01,3,2,200
strength_+1_frangi_0.500,frangi,0.5,0.00,25,27,11,11,0.4140,0.4191,0.2610,0.4767,0.3659,0.767,40059,43967,10827551,69431,109490,84026,26.99,24.78,10.88,strength_+1,4,3,5,0.01,3,2,200
strength_+1_frangi_0.520,frangi,0.52,0.00,25,27,11,11,0.4077,0.4033,0.2561,0.4851,0.3516,0.725,38499,40865,10830653,70991,109490,79364,26.99,23.72,10.01,strength_+1,4,3,5,0.01,3,2,200
strength_+1_frangi_0.540,frangi,0.54,0.01,23,27,11,11,0.4008,0.3935,0.2506,0.4925,0.3379,0.686,36996,38123,10833395,72494,109490,75119,26.99,22.43,9.49,strength_+1,4,3,5,0.01,3,2,200
strength_+1_frangi_0.560,frangi,0.56,0.00,23,27,11,11,0.3938,0.3855,0.2451,0.4995,0.3250,0.651,35582,35654,10835864,73908,109490,71236,26.99,21.15,8.98,strength_+1,4,3,5,0.01,3,2,200
strength_+1_frangi_0.580,frangi,0.58,0.00,21,27,11,11,0.3860,0.3802,0.2391,0.5060,0.3120,0.617,34158,33354,10838164,75332,109490,67512,26.99,20.09,8.74,strength_+1,4,3,5,0.01,3,2,200
strength_+1_frangi_0.600,frangi,0.6,0.00,20,27,11,11,0.3780,0.3738,0.2331,0.5114,0.2998,0.586,32828,31368,10840150,76662,109490,64196,26.99,19.06,8.42,strength_+1,4,3,5,0.01,3,2,200
strength_+1_frangi_0.620,frangi,0.62,0.00,19,27,11,11,0.3708,0.3646,0.2276,0.5177,0.2889,0.558,31627,29465,10842053,77863,109490,61092,26.99,18.17,8.00,strength_+1,4,3,5,0.01,3,2,200
strength_+1_frangi_0.640,frangi,0.64,0.00,18,27,11,11,0.3627,0.3555,0.2215,0.5229,0.2776,0.531,30396,27733,10843785,79094,109490,58129,26.99,17.51,7.83,strength_+1,4,3,5,0.01,3,2,200
strength_+1_frangi_0.660,frangi,0.66,0.00,18,27,11,11,0.3544,0.3475,0.2154,0.5278,0.2668,0.505,29211,26131,10845387,80279,109490,55342,26.99,16.86,7.72,strength_+1,4,3,5,0.01,3,2,200
strength_+1_frangi_0.680,frangi,0.68,0.00,18,27,11,11,0.3469,0.3371,0.2098,0.5336,0.2569,0.482,28133,24590,10846928,81357,109490,52723,26.99,15.69,7.18,strength_+1,4,3,5,0.01,3,2,200
strength_+1_frangi_0.700,frangi,0.7,0.00,17,27,11,11,0.3389,0.3231,0.2040,0.5379,0.2474,0.460,27083,23263,10848255,82407,109490,50346,26.99,15.72,6.93,strength_+1,4,3,5,0.01,3,2,200
strength_+1_frangi_0.720,frangi,0.72,0.00,17,27,11,11,0.3315,0.3164,0.1987,0.5428,0.2387,0.440,26130,22013,10849505,83360,109490,48143,26.99,15.40,6.91,strength_+1,4,3,5,0.01,3,2,200
strength_+1_frangi_0.740,frangi,0.74,0.00,17,27,11,11,0.3238,0.3062,0.1932,0.5467,0.2301,0.421,25190,20890,10850628,84300,109490,46080,26.99,15.20,6.74,strength_+1,4,3,5,0.01,3,2,200
strength_+1_frangi_0.760,frangi,0.76,0.00,17,27,11,11,0.3168,0.2967,0.1882,0.5510,0.2223,0.404,24345,19838,10851680,85145,109490,44183,26.99,13.88,6.14,strength_+1,4,3,5,0.01,3,2,200
strength_+1_frangi_0.780,frangi,0.78,0.00,16,27,11,11,0.3099,0.2911,0.1834,0.5555,0.2149,0.387,23534,18834,10852684,85956,109490,42368,26.99,13.62,6.10,strength_+1,4,3,5,0.01,3,2,200
strength_+1_frangi_0.800,frangi,0.8,0.00,16,27,11,11,0.3030,0.2816,0.1786,0.5598,0.2077,0.371,22743,17882,10853636,86747,109490,40625,26.99,12.72,5.57,strength_+1,4,3,5,0.01,3,2,200
strength_+1_frangi_0.820,frangi,0.82,0.00,16,27,11,11,0.2968,0.2745,0.1742,0.5647,0.2013,0.356,22037,16986,10854532,87453,109490,39023,26.99,12.20,5.35,strength_+1,4,3,5,0.01,3,2,200
strength_+1_frangi_0.840,frangi,0.84,0.00,16,27,11,11,0.2902,0.2688,0.1697,0.5692,0.1947,0.342,21323,16137,10855381,88167,109490,37460,26.99,11.99,5.29,strength_+1,4,3,5,0.01,3,2,200
strength_+1_frangi_0.860,frangi,0.86,0.00,14,27,11,11,0.2842,0.2638,0.1656,0.5734,0.1889,0.329,20686,15389,10856129,88804,109490,36075,26.99,11.72,5.24,strength_+1,4,3,5,0.01,3,2,200
strength_+1_frangi_0.880,frangi,0.88,0.00,14,27,11,11,0.2779,0.2587,0.1614,0.5770,0.1830,0.317,20037,14688,10856830,89453,109490,34725,26.99,11.52,5.13,strength_+1,4,3,5,0.01,3,2,200
strength_+1_frangi_0.900,frangi,0.9,0.00,14,27,11,11,0.2719,0.2573,0.1574,0.5809,0.1775,0.306,19435,14020,10857498,90055,109490,33455,26.99,10.93,5.07,strength_+1,4,3,5,0.01,3,2,200
strength_+1_frangi_0.920,frangi,0.92,0.00,14,27,11,11,0.2660,0.2515,0.1534,0.5847,0.1722,0.295,18853,13392,10858126,90637,109490,32245,26.99,10.54,4.96,strength_+1,4,3,5,0.01,3,2,200
strength_+1_frangi_0.940,frangi,0.94,0.00,14,27,11,11,0.2608,0.2452,0.1499,0.5886,0.1675,0.285,18337,12814,10858704,91153,109490,31151,26.99,10.48,4.91,strength_+1,4,3,5,0.01,3,2,200
strength_+1_frangi_0.960,frangi,0.96,0.00,14,27,11,11,0.2555,0.2404,0.1465,0.5939,0.1628,0.274,17821,12188,10859330,91669,109490,30009,26.99,10.04,4.69,strength_+1,4,3,5,0.01,3,2,200
strength_+1_frangi_0.980,frangi,0.98,0.00,14,27,11,11,0.2509,0.2359,0.1435,0.5989,0.1587,0.265,17378,11640,10859878,92112,109490,29018,26.99,9.47,4.52,strength_+1,4,3,5,0.01,3,2,200
strength_+2_frangi_0.000,frangi,0.0,0.00,27,27,8,11,0.0769,0.0817,0.0400,0.0404,0.8074,19.997,88404,2101086,8770432,21086,109490,2189490,26.99,391.29,16.79,strength_+2,4,3,6,0.01,3,2,200
strength_+2_frangi_0.020,frangi,0.02,0.00,27,27,8,11,0.0828,0.0784,0.0432,0.0436,0.8034,18.416,87967,1928405,8943113,21523,109490,2016372,26.99,413.09,16.97,strength_+2,4,3,6,0.01,3,2,200
strength_+2_frangi_0.040,frangi,0.04,0.00,27,27,8,11,0.0934,0.0786,0.0490,0.0496,0.7949,16.016,87037,1666540,9204978,22453,109490,1753577,26.99,410.39,16.91,strength_+2,4,3,6,0.01,3,2,200
strength_+2_frangi_0.060,frangi,0.06,0.00,26,27,8,11,0.1069,0.0818,0.0564,0.0573,0.7825,13.645,85677,1408346,9463172,23813,109490,1494023,26.99,402.28,17.32,strength_+2,4,3,6,0.01,3,2,200
strength_+2_frangi_0.080,frangi,0.08,0.00,26,27,9,11,0.1221,0.0828,0.0650,0.0664,0.7675,11.567,84034,1182393,9689125,25456,109490,1266427,26.99,391.87,17.09,strength_+2,4,3,6,0.01,3,2,200
strength_+2_frangi_0.100,frangi,0.1,0.00,26,27,9,11,0.1395,0.0889,0.0750,0.0769,0.7509,9.765,82220,986973,9884545,27270,109490,1069193,26.99,364.67,17.18,strength_+2,4,3,6,0.01,3,2,200
strength_+2_frangi_0.120,frangi,0.12,0.00,26,27,10,11,0.1593,0.0996,0.0865,0.0893,0.7337,8.213,80337,818890,10052628,29153,109490,899227,26.99,322.78,17.18,strength_+2,4,3,6,0.01,3,2,200
strength_+2_frangi_0.140,frangi,0.14,0.01,26,27,10,11,0.1815,0.1138,0.0998,0.1039,0.7157,6.887,78367,675722,10195796,31123,109490,754089,26.99,283.51,17.45,strength_+2,4,3,6,0.01,3,2,200
strength_+2_frangi_0.160,frangi,0.16,0.01,26,27,10,11,0.2062,0.1346,0.1149,0.1210,0.6968,5.759,76292,554222,10317296,33198,109490,630514,26.99,244.37,18.10,strength_+2,4,3,6,0.01,3,2,200
strength_+2_frangi_0.180,frangi,0.18,0.01,26,27,10,11,0.2328,0.1634,0.1317,0.1406,0.6764,4.811,74059,452689,10418829,35431,109490,526748,26.99,205.13,18.91,strength_+2,4,3,6,0.01,3,2,200
strength_+2_frangi_0.200,frangi,0.2,0.00,26,27,11,11,0.2611,0.1842,0.1501,0.1630,0.6555,4.022,71774,368605,10502913,37716,109490,440379,26.99,171.56,18.21,strength_+2,4,3,6,0.01,3,2,200
strength_+2_frangi_0.220,frangi,0.22,0.00,26,27,11,11,0.2890,0.2128,0.1689,0.1873,0.6332,3.381,69324,300871,10570647,40166,109490,370195,26.99,141.39,17.86,strength_+2,4,3,6,0.01,3,2,200
strength_+2_frangi_0.240,frangi,0.24,0.01,26,27,11,11,0.3165,0.2450,0.1880,0.2136,0.6107,2.860,66865,246238,10625280,42625,109490,313103,26.99,118.18,17.81,strength_+2,4,3,6,0.01,3,2,200
strength_+2_frangi_0.260,frangi,0.26,0.01,26,27,11,11,0.3426,0.2683,0.2067,0.2415,0.5889,2.438,64478,202482,10669036,45012,109490,266960,26.99,98.60,16.80,strength_+2,4,3,6,0.01,3,2,200
strength_+2_frangi_0.280,frangi,0.28,0.00,26,27,11,11,0.3658,0.3082,0.2238,0.2700,0.5669,2.099,62066,167782,10703736,47424,109490,229848,26.99,82.63,17.05,strength_+2,4,3,6,0.01,3,2,200
strength_+2_frangi_0.300,frangi,0.3,0.00,26,27,11,11,0.3860,0.3346,0.2392,0.2985,0.5462,1.830,59801,140523,10730995,49689,109490,200324,26.99,69.01,16.15,strength_+2,4,3,6,0.01,3,2,200
strength_+2_frangi_0.320,frangi,0.32,0.00,26,27,11,11,0.4028,0.3643,0.2522,0.3264,0.5260,1.612,57591,118869,10752649,51899,109490,176460,26.99,58.61,15.73,strength_+2,4,3,6,0.01,3,2,200
strength_+2_frangi_0.340,frangi,0.34,0.00,26,27,11,11,0.4141,0.3839,0.2611,0.3510,0.5048,1.438,55270,102202,10769316,54220,109490,157472,26.99,51.41,15.19,strength_+2,4,3,6,0.01,3,2,200
strength_+2_frangi_0.360,frangi,0.36,0.00,26,27,11,11,0.4224,0.4024,0.2677,0.3743,0.4846,1.295,53062,88717,10782801,56428,109490,141779,26.99,45.43,14.75,strength_+2,4,3,6,0.01,3,2,200
strength_+2_frangi_0.380,frangi,0.38,0.00,25,27,11,11,0.4277,0.4096,0.2720,0.3953,0.4659,1.179,51011,78034,10793484,58479,109490,129045,26.99,39.42,13.57,strength_+2,4,3,6,0.01,3,2,200
strength_+2_frangi_0.400,frangi,0.4,0.00,25,27,11,11,0.4306,0.4169,0.2743,0.4145,0.4479,1.081,49046,69286,10802232,60444,109490,118332,26.99,35.56,12.95,strength_+2,4,3,6,0.01,3,2,200
strength_+2_frangi_0.420,frangi,0.42,0.00,25,27,11,11,0.4305,0.4239,0.2743,0.4308,0.4302,0.999,47105,62230,10809288,62385,109490,109335,26.99,31.54,12.19,strength_+2,4,3,6,0.01,3,2,200
strength_+2_frangi_0.440,frangi,0.44,0.00,25,27,11,11,0.4286,0.4299,0.2727,0.4448,0.4135,0.930,45272,56506,10815012,64218,109490,101778,26.99,29.22,11.95,strength_+2,4,3,6,0.01,3,2,200
strength_+2_frangi_0.460,frangi,0.46,0.00,25,27,11,11,0.4245,0.4264,0.2695,0.4567,0.3966,0.869,43428,51671,10819847,66062,109490,95099,26.99,27.25,11.40,strength_+2,4,3,6,0.01,3,2,200
strength_+2_frangi_0.480,frangi,0.48,0.00,25,27,11,11,0.4199,0.4232,0.2658,0.4678,0.3810,0.814,41712,47456,10824062,67778,109490,89168,26.99,26.42,11.38,strength_+2,4,3,6,0.01,3,2,200
strength_+2_frangi_0.500,frangi,0.5,0.01,25,27,11,11,0.4140,0.4191,0.2610,0.4767,0.3659,0.767,40059,43967,10827551,69431,109490,84026,26.99,24.78,10.88,strength_+2,4,3,6,0.01,3,2,200
strength_+2_frangi_0.520,frangi,0.52,0.00,25,27,11,11,0.4077,0.4033,0.2561,0.4851,0.3516,0.725,38499,40865,10830653,70991,109490,79364,26.99,23.72,10.01,strength_+2,4,3,6,0.01,3,2,200
strength_+2_frangi_0.540,frangi,0.54,0.00,23,27,11,11,0.4008,0.3935,0.2506,0.4925,0.3379,0.686,36996,38123,10833395,72494,109490,75119,26.99,22.43,9.49,strength_+2,4,3,6,0.01,3,2,200
strength_+2_frangi_0.560,frangi,0.56,0.00,23,27,11,11,0.3938,0.3855,0.2451,0.4995,0.3250,0.651,35582,35654,10835864,73908,109490,71236,26.99,21.15,8.98,strength_+2,4,3,6,0.01,3,2,200
strength_+2_frangi_0.580,frangi,0.58,0.00,21,27,11,11,0.3860,0.3802,0.2391,0.5060,0.3120,0.617,34158,33354,10838164,75332,109490,67512,26.99,20.09,8.74,strength_+2,4,3,6,0.01,3,2,200
strength_+2_frangi_0.600,frangi,0.6,0.00,20,27,11,11,0.3780,0.3738,0.2331,0.5114,0.2998,0.586,32828,31368,10840150,76662,109490,64196,26.99,19.06,8.42,strength_+2,4,3,6,0.01,3,2,200
strength_+2_frangi_0.620,frangi,0.62,0.00,19,27,11,11,0.3708,0.3646,0.2276,0.5177,0.2889,0.558,31627,29465,10842053,77863,109490,61092,26.99,18.17,8.00,strength_+2,4,3,6,0.01,3,2,200
strength_+2_frangi_0.640,frangi,0.64,0.00,18,27,11,11,0.3627,0.3555,0.2215,0.5229,0.2776,0.531,30396,27733,10843785,79094,109490,58129,26.99,17.51,7.83,strength_+2,4,3,6,0.01,3,2,200
strength_+2_frangi_0.660,frangi,0.66,0.00,18,27,11,11,0.3544,0.3475,0.2154,0.5278,0.2668,0.505,29211,26131,10845387,80279,109490,55342,26.99,16.86,7.72,strength_+2,4,3,6,0.01,3,2,200
strength_+2_frangi_0.680,frangi,0.68,0.00,18,27,11,11,0.3469,0.3371,0.2098,0.5336,0.2569,0.482,28133,24590,10846928,81357,109490,52723,26.99,15.69,7.18,strength_+2,4,3,6,0.01,3,2,200
strength_+2_frangi_0.700,frangi,0.7,0.00,17,27,11,11,0.3389,0.3231,0.2040,0.5379,0.2474,0.460,27083,23263,10848255,82407,109490,50346,26.99,15.72,6.93,strength_+2,4,3,6,0.01,3,2,200
strength_+2_frangi_0.720,frangi,0.72,0.00,17,27,11,11,0.3315,0.3164,0.1987,0.5428,0.2387,0.440,26130,22013,10849505,83360,109490,48143,26.99,15.40,6.91,strength_+2,4,3,6,0.01,3,2,200
strength_+2_frangi_0.740,frangi,0.74,0.00,17,27,11,11,0.3238,0.3062,0.1932,0.5467,0.2301,0.421,25190,20890,10850628,84300,109490,46080,26.99,15.20,6.74,strength_+2,4,3,6,0.01,3,2,200
strength_+2_frangi_0.760,frangi,0.76,0.00,17,27,11,11,0.3168,0.2967,0.1882,0.5510,0.2223,0.404,24345,19838,10851680,85145,109490,44183,26.99,13.88,6.14,strength_+2,4,3,6,0.01,3,2,200
strength_+2_frangi_0.780,frangi,0.78,0.00,16,27,11,11,0.3099,0.2911,0.1834,0.5555,0.2149,0.387,23534,18834,10852684,85956,109490,42368,26.99,13.62,6.10,strength_+2,4,3,6,0.01,3,2,200
strength_+2_frangi_0.800,frangi,0.8,0.00,16,27,11,11,0.3030,0.2816,0.1786,0.5598,0.2077,0.371,22743,17882,10853636,86747,109490,40625,26.99,12.72,5.57,strength_+2,4,3,6,0.01,3,2,200
strength_+2_frangi_0.820,frangi,0.82,0.00,16,27,11,11,0.2968,0.2745,0.1742,0.5647,0.2013,0.356,22037,16986,10854532,87453,109490,39023,26.99,12.20,5.35,strength_+2,4,3,6,0.01,3,2,200
strength_+2_frangi_0.840,frangi,0.84,0.00,16,27,11,11,0.2902,0.2688,0.1697,0.5692,0.1947,0.342,21323,16137,10855381,88167,109490,37460,26.99,11.99,5.29,strength_+2,4,3,6,0.01,3,2,200
strength_+2_frangi_0.860,frangi,0.86,0.00,14,27,11,11,0.2842,0.2638,0.1656,0.5734,0.1889,0.329,20686,15389,10856129,88804,109490,36075,26.99,11.72,5.24,strength_+2,4,3,6,0.01,3,2,200
strength_+2_frangi_0.880,frangi,0.88,0.00,14,27,11,11,0.2779,0.2587,0.1614,0.5770,0.1830,0.317,20037,14688,10856830,89453,109490,34725,26.99,11.52,5.13,strength_+2,4,3,6,0.01,3,2,200
strength_+2_frangi_0.900,frangi,0.9,0.00,14,27,11,11,0.2719,0.2573,0.1574,0.5809,0.1775,0.306,19435,14020,10857498,90055,109490,33455,26.99,10.93,5.07,strength_+2,4,3,6,0.01,3,2,200
strength_+2_frangi_0.920,frangi,0.92,0.00,14,27,11,11,0.2660,0.2515,0.1534,0.5847,0.1722,0.295,18853,13392,10858126,90637,109490,32245,26.99,10.54,4.96,strength_+2,4,3,6,0.01,3,2,200
strength_+2_frangi_0.940,frangi,0.94,0.00,14,27,11,11,0.2608,0.2452,0.1499,0.5886,0.1675,0.285,18337,12814,10858704,91153,109490,31151,26.99,10.48,4.91,strength_+2,4,3,6,0.01,3,2,200
strength_+2_frangi_0.960,frangi,0.96,0.00,14,27,11,11,0.2555,0.2404,0.1465,0.5939,0.1628,0.274,17821,12188,10859330,91669,109490,30009,26.99,10.04,4.69,strength_+2,4,3,6,0.01,3,2,200
strength_+2_frangi_0.980,frangi,0.98,0.00,14,27,11,11,0.2509,0.2359,0.1435,0.5989,0.1587,0.265,17378,11640,10859878,92112,109490,29018,26.99,9.47,4.52,strength_+2,4,3,6,0.01,3,2,200
strength_+3_frangi_0.000,frangi,0.0,0.00,27,27,8,11,0.0769,0.0817,0.0400,0.0404,0.8074,19.997,88404,2101086,8770432,21086,109490,2189490,26.99,391.29,16.79,strength_+3,4,3,7,0.01,3,2,200
strength_+3_frangi_0.020,frangi,0.02,0.00,27,27,8,11,0.0828,0.0784,0.0432,0.0436,0.8034,18.416,87967,1928405,8943113,21523,109490,2016372,26.99,413.09,16.97,strength_+3,4,3,7,0.01,3,2,200
strength_+3_frangi_0.040,frangi,0.04,0.00,27,27,8,11,0.0934,0.0786,0.0490,0.0496,0.7949,16.016,87037,1666540,9204978,22453,109490,1753577,26.99,410.39,16.91,strength_+3,4,3,7,0.01,3,2,200
strength_+3_frangi_0.060,frangi,0.06,0.00,26,27,8,11,0.1069,0.0818,0.0564,0.0573,0.7825,13.645,85677,1408346,9463172,23813,109490,1494023,26.99,402.28,17.32,strength_+3,4,3,7,0.01,3,2,200
strength_+3_frangi_0.080,frangi,0.08,0.00,26,27,9,11,0.1221,0.0828,0.0650,0.0664,0.7675,11.567,84034,1182393,9689125,25456,109490,1266427,26.99,391.87,17.09,strength_+3,4,3,7,0.01,3,2,200
strength_+3_frangi_0.100,frangi,0.1,0.00,26,27,9,11,0.1395,0.0889,0.0750,0.0769,0.7509,9.765,82220,986973,9884545,27270,109490,1069193,26.99,364.67,17.18,strength_+3,4,3,7,0.01,3,2,200
strength_+3_frangi_0.120,frangi,0.12,0.00,26,27,10,11,0.1593,0.0996,0.0865,0.0893,0.7337,8.213,80337,818890,10052628,29153,109490,899227,26.99,322.78,17.18,strength_+3,4,3,7,0.01,3,2,200
strength_+3_frangi_0.140,frangi,0.14,0.00,26,27,10,11,0.1815,0.1138,0.0998,0.1039,0.7157,6.887,78367,675722,10195796,31123,109490,754089,26.99,283.51,17.45,strength_+3,4,3,7,0.01,3,2,200
strength_+3_frangi_0.160,frangi,0.16,0.00,26,27,10,11,0.2062,0.1346,0.1149,0.1210,0.6968,5.759,76292,554222,10317296,33198,109490,630514,26.99,244.37,18.10,strength_+3,4,3,7,0.01,3,2,200
strength_+3_frangi_0.180,frangi,0.18,0.00,26,27,10,11,0.2328,0.1634,0.1317,0.1406,0.6764,4.811,74059,452689,10418829,35431,109490,526748,26.99,205.13,18.91,strength_+3,4,3,7,0.01,3,2,200
strength_+3_frangi_0.200,frangi,0.2,0.00,26,27,11,11,0.2611,0.1842,0.1501,0.1630,0.6555,4.022,71774,368605,10502913,37716,109490,440379,26.99,171.56,18.21,strength_+3,4,3,7,0.01,3,2,200
strength_+3_frangi_0.220,frangi,0.22,0.00,26,27,11,11,0.2890,0.2128,0.1689,0.1873,0.6332,3.381,69324,300871,10570647,40166,109490,370195,26.99,141.39,17.86,strength_+3,4,3,7,0.01,3,2,200
strength_+3_frangi_0.240,frangi,0.24,0.00,26,27,11,11,0.3165,0.2450,0.1880,0.2136,0.6107,2.860,66865,246238,10625280,42625,109490,313103,26.99,118.18,17.81,strength_+3,4,3,7,0.01,3,2,200
strength_+3_frangi_0.260,frangi,0.26,0.00,26,27,11,11,0.3426,0.2683,0.2067,0.2415,0.5889,2.438,64478,202482,10669036,45012,109490,266960,26.99,98.60,16.80,strength_+3,4,3,7,0.01,3,2,200
strength_+3_frangi_0.280,frangi,0.28,0.01,26,27,11,11,0.3658,0.3082,0.2238,0.2700,0.5669,2.099,62066,167782,10703736,47424,109490,229848,26.99,82.63,17.05,strength_+3,4,3,7,0.01,3,2,200
strength_+3_frangi_0.300,frangi,0.3,0.01,26,27,11,11,0.3860,0.3346,0.2392,0.2985,0.5462,1.830,59801,140523,10730995,49689,109490,200324,26.99,69.01,16.15,strength_+3,4,3,7,0.01,3,2,200
strength_+3_frangi_0.320,frangi,0.32,0.00,26,27,11,11,0.4028,0.3643,0.2522,0.3264,0.5260,1.612,57591,118869,10752649,51899,109490,176460,26.99,58.61,15.73,strength_+3,4,3,7,0.01,3,2,200
strength_+3_frangi_0.340,frangi,0.34,0.00,26,27,11,11,0.4141,0.3839,0.2611,0.3510,0.5048,1.438,55270,102202,10769316,54220,109490,157472,26.99,51.41,15.19,strength_+3,4,3,7,0.01,3,2,200
strength_+3_frangi_0.360,frangi,0.36,0.00,26,27,11,11,0.4224,0.4024,0.2677,0.3743,0.4846,1.295,53062,88717,10782801,56428,109490,141779,26.99,45.43,14.75,strength_+3,4,3,7,0.01,3,2,200
strength_+3_frangi_0.380,frangi,0.38,0.00,25,27,11,11,0.4277,0.4096,0.2720,0.3953,0.4659,1.179,51011,78034,10793484,58479,109490,129045,26.99,39.42,13.57,strength_+3,4,3,7,0.01,3,2,200
strength_+3_frangi_0.400,frangi,0.4,0.00,25,27,11,11,0.4306,0.4169,0.2743,0.4145,0.4479,1.081,49046,69286,10802232,60444,109490,118332,26.99,35.56,12.95,strength_+3,4,3,7,0.01,3,2,200
strength_+3_frangi_0.420,frangi,0.42,0.00,25,27,11,11,0.4305,0.4239,0.2743,0.4308,0.4302,0.999,47105,62230,10809288,62385,109490,109335,26.99,31.54,12.19,strength_+3,4,3,7,0.01,3,2,200
strength_+3_frangi_0.440,frangi,0.44,0.00,25,27,11,11,0.4286,0.4299,0.2727,0.4448,0.4135,0.930,45272,56506,10815012,64218,109490,101778,26.99,29.22,11.95,strength_+3,4,3,7,0.01,3,2,200
strength_+3_frangi_0.460,frangi,0.46,0.00,25,27,11,11,0.4245,0.4264,0.2695,0.4567,0.3966,0.869,43428,51671,10819847,66062,109490,95099,26.99,27.25,11.40,strength_+3,4,3,7,0.01,3,2,200
strength_+3_frangi_0.480,frangi,0.48,0.00,25,27,11,11,0.4199,0.4232,0.2658,0.4678,0.3810,0.814,41712,47456,10824062,67778,109490,89168,26.99,26.42,11.38,strength_+3,4,3,7,0.01,3,2,200
strength_+3_frangi_0.500,frangi,0.5,0.00,25,27,11,11,0.4140,0.4191,0.2610,0.4767,0.3659,0.767,40059,43967,10827551,69431,109490,84026,26.99,24.78,10.88,strength_+3,4,3,7,0.01,3,2,200
strength_+3_frangi_0.520,frangi,0.52,0.00,25,27,11,11,0.4077,0.4033,0.2561,0.4851,0.3516,0.725,38499,40865,10830653,70991,109490,79364,26.99,23.72,10.01,strength_+3,4,3,7,0.01,3,2,200
strength_+3_frangi_0.540,frangi,0.54,0.00,23,27,11,11,0.4008,0.3935,0.2506,0.4925,0.3379,0.686,36996,38123,10833395,72494,109490,75119,26.99,22.43,9.49,strength_+3,4,3,7,0.01,3,2,200
strength_+3_frangi_0.560,frangi,0.56,0.00,23,27,11,11,0.3938,0.3855,0.2451,0.4995,0.3250,0.651,35582,35654,10835864,73908,109490,71236,26.99,21.15,8.98,strength_+3,4,3,7,0.01,3,2,200
strength_+3_frangi_0.580,frangi,0.58,0.00,21,27,11,11,0.3860,0.3802,0.2391,0.5060,0.3120,0.617,34158,33354,10838164,75332,109490,67512,26.99,20.09,8.74,strength_+3,4,3,7,0.01,3,2,200
strength_+3_frangi_0.600,frangi,0.6,0.00,20,27,11,11,0.3780,0.3738,0.2331,0.5114,0.2998,0.586,32828,31368,10840150,76662,109490,64196,26.99,19.06,8.42,strength_+3,4,3,7,0.01,3,2,200
strength_+3_frangi_0.620,frangi,0.62,0.00,19,27,11,11,0.3708,0.3646,0.2276,0.5177,0.2889,0.558,31627,29465,10842053,77863,109490,61092,26.99,18.17,8.00,strength_+3,4,3,7,0.01,3,2,200
strength_+3_frangi_0.640,frangi,0.64,0.00,18,27,11,11,0.3627,0.3555,0.2215,0.5229,0.2776,0.531,30396,27733,10843785,79094,109490,58129,26.99,17.51,7.83,strength_+3,4,3,7,0.01,3,2,200
strength_+3_frangi_0.660,frangi,0.66,0.00,18,27,11,11,0.3544,0.3475,0.2154,0.5278,0.2668,0.505,29211,26131,10845387,80279,109490,55342,26.99,16.86,7.72,strength_+3,4,3,7,0.01,3,2,200
strength_+3_frangi_0.680,frangi,0.68,0.00,18,27,11,11,0.3469,0.3371,0.2098,0.5336,0.2569,0.482,28133,24590,10846928,81357,109490,52723,26.99,15.69,7.18,strength_+3,4,3,7,0.01,3,2,200
strength_+3_frangi_0.700,frangi,0.7,0.00,17,27,11,11,0.3389,0.3231,0.2040,0.5379,0.2474,0.460,27083,23263,10848255,82407,109490,50346,26.99,15.72,6.93,strength_+3,4,3,7,0.01,3,2,200
strength_+3_frangi_0.720,frangi,0.72,0.01,17,27,11,11,0.3315,0.3164,0.1987,0.5428,0.2387,0.440,26130,22013,10849505,83360,109490,48143,26.99,15.40,6.91,strength_+3,4,3,7,0.01,3,2,200
strength_+3_frangi_0.740,frangi,0.74,0.00,17,27,11,11,0.3238,0.3062,0.1932,0.5467,0.2301,0.421,25190,20890,10850628,84300,109490,46080,26.99,15.20,6.74,strength_+3,4,3,7,0.01,3,2,200
strength_+3_frangi_0.760,frangi,0.76,0.00,17,27,11,11,0.3168,0.2967,0.1882,0.5510,0.2223,0.404,24345,19838,10851680,85145,109490,44183,26.99,13.88,6.14,strength_+3,4,3,7,0.01,3,2,200
strength_+3_frangi_0.780,frangi,0.78,0.00,16,27,11,11,0.3099,0.2911,0.1834,0.5555,0.2149,0.387,23534,18834,10852684,85956,109490,42368,26.99,13.62,6.10,strength_+3,4,3,7,0.01,3,2,200
strength_+3_frangi_0.800,frangi,0.8,0.00,16,27,11,11,0.3030,0.2816,0.1786,0.5598,0.2077,0.371,22743,17882,10853636,86747,109490,40625,26.99,12.72,5.57,strength_+3,4,3,7,0.01,3,2,200
strength_+3_frangi_0.820,frangi,0.82,0.00,16,27,11,11,0.2968,0.2745,0.1742,0.5647,0.2013,0.356,22037,16986,10854532,87453,109490,39023,26.99,12.20,5.35,strength_+3,4,3,7,0.01,3,2,200
strength_+3_frangi_0.840,frangi,0.84,0.00,16,27,11,11,0.2902,0.2688,0.1697,0.5692,0.1947,0.342,21323,16137,10855381,88167,109490,37460,26.99,11.99,5.29,strength_+3,4,3,7,0.01,3,2,200
strength_+3_frangi_0.860,frangi,0.86,0.00,14,27,11,11,0.2842,0.2638,0.1656,0.5734,0.1889,0.329,20686,15389,10856129,88804,109490,36075,26.99,11.72,5.24,strength_+3,4,3,7,0.01,3,2,200
strength_+3_frangi_0.880,frangi,0.88,0.00,14,27,11,11,0.2779,0.2587,0.1614,0.5770,0.1830,0.317,20037,14688,10856830,89453,109490,34725,26.99,11.52,5.13,strength_+3,4,3,7,0.01,3,2,200
strength_+3_frangi_0.900,frangi,0.9,0.00,14,27,11,11,0.2719,0.2573,0.1574,0.5809,0.1775,0.306,19435,14020,10857498,90055,109490,33455,26.99,10.93,5.07,strength_+3,4,3,7,0.01,3,2,200
strength_+3_frangi_0.920,frangi,0.92,0.00,14,27,11,11,0.2660,0.2515,0.1534,0.5847,0.1722,0.295,18853,13392,10858126,90637,109490,32245,26.99,10.54,4.96,strength_+3,4,3,7,0.01,3,2,200
strength_+3_frangi_0.940,frangi,0.94,0.00,14,27,11,11,0.2608,0.2452,0.1499,0.5886,0.1675,0.285,18337,12814,10858704,91153,109490,31151,26.99,10.48,4.91,strength_+3,4,3,7,0.01,3,2,200
strength_+3_frangi_0.960,frangi,0.96,0.00,14,27,11,11,0.2555,0.2404,0.1465,0.5939,0.1628,0.274,17821,12188,10859330,91669,109490,30009,26.99,10.04,4.69,strength_+3,4,3,7,0.01,3,2,200
strength_+3_frangi_0.980,frangi,0.98,0.00,14,27,11,11,0.2509,0.2359,0.1435,0.5989,0.1587,0.265,17378,11640,10859878,92112,109490,29018,26.99,9.47,4.52,strength_+3,4,3,7,0.01,3,2,200
