label,type,threshold_value,elapsed_s,vessel_seeds_correct,vessel_seeds_total,bg_seeds_correct,bg_seeds_total,pred_gt_dice,pred_gt_cldice,pred_gt_iou,pred_gt_precision,pred_gt_recall,pred_gt_vol,tp,fp,tn,fn,gt_voxels,pred_voxels,cl_len_gt_mm,cl_len_pred_mm,cl_match_pred_mm,variant,vessel_size,vessel_std,structure_strength,ridge_threshold,ridge_iterations,auto_seed_rounds,auto_seed_max
default_soft_0.000,pipeline_soft,0.0,0.00,25,27,11,11,0.3681,0.4334,0.2255,0.4848,0.2966,0.612,32479,34511,10837007,77011,109490,66990,26.99,20.40,10.00,default,4,3,4,0.01,3,2,200
default_soft_0.020,pipeline_soft,0.02,0.00,25,27,11,11,0.3681,0.4334,0.2255,0.4848,0.2966,0.612,32479,34511,10837007,77011,109490,66990,26.99,20.40,10.00,default,4,3,4,0.01,3,2,200
default_soft_0.040,pipeline_soft,0.04,0.00,25,27,11,11,0.3681,0.4334,0.2255,0.4848,0.2966,0.612,32479,34511,10837007,77011,109490,66990,26.99,20.40,10.00,default,4,3,4,0.01,3,2,200
default_soft_0.060,pipeline_soft,0.06,0.00,25,27,11,11,0.3681,0.4334,0.2255,0.4848,0.2966,0.612,32479,34511,10837007,77011,109490,66990,26.99,20.40,10.00,default,4,3,4,0.01,3,2,200
default_soft_0.080,pipeline_soft,0.08,0.00,25,27,11,11,0.3681,0.4334,0.2255,0.4848,0.2966,0.612,32479,34511,10837007,77011,109490,66990,26.99,20.40,10.00,default,4,3,4,0.01,3,2,200
default_soft_0.100,pipeline_soft,0.1,0.00,25,27,11,11,0.3681,0.4334,0.2255,0.4848,0.2966,0.612,32479,34511,10837007,77011,109490,66990,26.99,20.40,10.00,default,4,3,4,0.01,3,2,200
default_soft_0.120,pipeline_soft,0.12,0.00,25,27,11,11,0.3681,0.4334,0.2255,0.4848,0.2966,0.612,32479,34511,10837007,77011,109490,66990,26.99,20.40,10.00,default,4,3,4,0.01,3,2,200
default_soft_0.140,pipeline_soft,0.14,0.00,25,27,11,11,0.3681,0.4334,0.2255,0.4848,0.2966,0.612,32479,34511,10837007,77011,109490,66990,26.99,20.40,10.00,default,4,3,4,0.01,3,2,200
default_soft_0.160,pipeline_soft,0.16,0.00,25,27,11,11,0.3681,0.4334,0.2255,0.4848,0.2966,0.612,32479,34511,10837007,77011,109490,66990,26.99,20.40,10.00,default,4,3,4,0.01,3,2,200
default_soft_0.180,pipeline_soft,0.18,0.00,25,27,11,11,0.3681,0.4334,0.2255,0.4848,0.2966,0.612,32479,34511,10837007,77011,109490,66990,26.99,20.40,10.00,default,4,3,4,0.01,3,2,200
default_soft_0.200,pipeline_soft,0.2,0.00,25,27,11,11,0.3681,0.4334,0.2255,0.4848,0.2966,0.612,32479,34511,10837007,77011,109490,66990,26.99,20.40,10.00,default,4,3,4,0.01,3,2,200
default_soft_0.220,pipeline_soft,0.22,0.00,25,27,11,11,0.3681,0.4334,0.2255,0.4848,0.2966,0.612,32479,34511,10837007,77011,109490,66990,26.99,20.40,10.00,default,4,3,4,0.01,3,2,200
default_soft_0.240,pipeline_soft,0.24,0.00,25,27,11,11,0.3681,0.4334,0.2255,0.4848,0.2966,0.612,32479,34511,10837007,77011,109490,66990,26.99,20.40,10.00,default,4,3,4,0.01,3,2,200
default_soft_0.260,pipeline_soft,0.26,0.00,25,27,11,11,0.3681,0.4334,0.2255,0.4848,0.2966,0.612,32479,34511,10837007,77011,109490,66990,26.99,20.40,10.00,default,4,3,4,0.01,3,2,200
default_soft_0.280,pipeline_soft,0.28,0.00,25,27,11,11,0.3681,0.4334,0.2255,0.4848,0.2966,0.612,32479,34511,10837007,77011,109490,66990,26.99,20.40,10.00,default,4,3,4,0.01,3,2,200
default_soft_0.300,pipeline_soft,0.3,0.00,25,27,11,11,0.3681,0.4334,0.2255,0.4848,0.2966,0.612,32479,34511,10837007,77011,109490,66990,26.99,20.40,10.00,default,4,3,4,0.01,3,2,200
default_soft_0.320,pipeline_soft,0.32,0.00,25,27,11,11,0.3681,0.4334,0.2255,0.4848,0.2966,0.612,32479,34511,10837007,77011,109490,66990,26.99,20.40,10.00,default,4,3,4,0.01,3,2,200
default_soft_0.340,pipeline_soft,0.34,0.00,18,27,11,11,0.2957,0.3254,0.1735,0.6244,0.1938,0.310,21214,12761,10858757,88276,109490,33975,26.99,10.03,5.71,default,4,3,4,0.01,3,2,200
default_soft_0.360,pipeline_soft,0.36,0.00,18,27,11,11,0.2957,0.3254,0.1735,0.6244,0.1938,0.310,21214,12761,10858757,88276,109490,33975,26.99,10.03,5.71,default,4,3,4,0.01,3,2,200
default_soft_0.380,pipeline_soft,0.38,0.00,18,27,11,11,0.2957,0.3254,0.1735,0.6244,0.1938,0.310,21214,12761,10858757,88276,109490,33975,26.99,10.03,5.71,default,4,3,4,0.01,3,2,200
default_soft_0.400,pipeline_soft,0.4,0.00,18,27,11,11,0.2957,0.3254,0.1735,0.6244,0.1938,0.310,21214,12761,10858757,88276,109490,33975,26.99,10.03,5.71,default,4,3,4,0.01,3,2,200
default_soft_0.420,pipeline_soft,0.42,0.00,18,27,11,11,0.2957,0.3254,0.1735,0.6244,0.1938,0.310,21214,12761,10858757,88276,109490,33975,26.99,10.03,5.71,default,4,3,4,0.01,3,2,200
default_soft_0.440,pipeline_soft,0.44,0.00,18,27,11,11,0.2957,0.3254,0.1735,0.6244,0.1938,0.310,21214,12761,10858757,88276,109490,33975,26.99,10.03,5.71,default,4,3,4,0.01,3,2,200
default_soft_0.460,pipeline_soft,0.46,0.00,18,27,11,11,0.2957,0.3254,0.1735,0.6244,0.1938,0.310,21214,12761,10858757,88276,109490,33975,26.99,10.03,5.71,default,4,3,4,0.01,3,2,200
default_soft_0.480,pipeline_soft,0.48,0.00,18,27,11,11,0.2957,0.3254,0.1735,0.6244,0.1938,0.310,21214,12761,10858757,88276,109490,33975,26.99,10.03,5.71,default,4,3,4,0.01,3,2,200
default_soft_0.500,pipeline_soft,0.5,0.00,18,27,11,11,0.2957,0.3254,0.1735,0.6244,0.1938,0.310,21214,12761,10858757,88276,109490,33975,26.99,10.03,5.71,default,4,3,4,0.01,3,2,200
default_soft_0.520,pipeline_soft,0.52,0.00,18,27,11,11,0.2957,0.3254,0.1735,0.6244,0.1938,0.310,21214,12761,10858757,88276,109490,33975,26.99,10.03,5.71,default,4,3,4,0.01,3,2,200
default_soft_0.540,pipeline_soft,0.54,0.00,18,27,11,11,0.2957,0.3254,0.1735,0.6244,0.1938,0.310,21214,12761,10858757,88276,109490,33975,26.99,10.03,5.71,default,4,3,4,0.01,3,2,200
default_soft_0.560,pipeline_soft,0.56,0.00,18,27,11,11,0.2957,0.3254,0.1735,0.6244,0.1938,0.310,21214,12761,10858757,88276,109490,33975,26.99,10.03,5.71,default,4,3,4,0.01,3,2,200
default_soft_0.580,pipeline_soft,0.58,0.00,18,27,11,11,0.2957,0.3254,0.1735,0.6244,0.1938,0.310,21214,12761,10858757,88276,109490,33975,26.99,10.03,5.71,default,4,3,4,0.01,3,2,200
default_soft_0.600,pipeline_soft,0.6,0.00,18,27,11,11,0.2957,0.3254,0.1735,0.6244,0.1938,0.310,21214,12761,10858757,88276,109490,33975,26.99,10.03,5.71,default,4,3,4,0.01,3,2,200
default_soft_0.620,pipeline_soft,0.62,0.00,18,27,11,11,0.2957,0.3254,0.1735,0.6244,0.1938,0.310,21214,12761,10858757,88276,109490,33975,26.99,10.03,5.71,default,4,3,4,0.01,3,2,200
default_soft_0.640,pipeline_soft,0.64,0.00,18,27,11,11,0.2957,0.3254,0.1735,0.6244,0.1938,0.310,21214,12761,10858757,88276,109490,33975,26.99,10.03,5.71,default,4,3,4,0.01,3,2,200
default_soft_0.660,pipeline_soft,0.66,0.00,18,27,11,11,0.2957,0.3254,0.1735,0.6244,0.1938,0.310,21214,12761,10858757,88276,109490,33975,26.99,10.03,5.71,default,4,3,4,0.01,3,2,200
default_soft_0.680,pipeline_soft,0.68,0.00,16,27,11,11,0.2299,0.2444,0.1299,0.7066,0.1373,0.194,15028,6239,10865279,94462,109490,21267,26.99,5.56,3.61,default,4,3,4,0.01,3,2,200
default_soft_0.700,pipeline_soft,0.7,0.00,16,27,11,11,0.2299,0.2444,0.1299,0.7066,0.1373,0.194,15028,6239,10865279,94462,109490,21267,26.99,5.56,3.61,default,4,3,4,0.01,3,2,200
default_soft_0.720,pipeline_soft,0.72,0.00,16,27,11,11,0.2299,0.2444,0.1299,0.7066,0.1373,0.194,15028,6239,10865279,94462,109490,21267,26.99,5.56,3.61,default,4,3,4,0.01,3,2,200
default_soft_0.740,pipeline_soft,0.74,0.00,16,27,11,11,0.2299,0.2444,0.1299,0.7066,0.1373,0.194,15028,6239,10865279,94462,109490,21267,26.99,5.56,3.61,default,4,3,4,0.01,3,2,200
default_soft_0.760,pipeline_soft,0.76,0.00,16,27,11,11,0.2299,0.2444,0.1299,0.7066,0.1373,0.194,15028,6239,10865279,94462,109490,21267,26.99,5.56,3.61,default,4,3,4,0.01,3,2,200
default_soft_0.780,pipeline_soft,0.78,0.00,16,27,11,11,0.2299,0.2444,0.1299,0.7066,0.1373,0.194,15028,6239,10865279,94462,109490,21267,26.99,5.56,3.61,default,4,3,4,0.01,3,2,200
default_soft_0.800,pipeline_soft,0.8,0.00,16,27,11,11,0.2299,0.2444,0.1299,0.7066,0.1373,0.194,15028,6239,10865279,94462,109490,21267,26.99,5.56,3.61,default,4,3,4,0.01,3,2,200
default_soft_0.820,pipeline_soft,0.82,0.00,16,27,11,11,0.2299,0.2444,0.1299,0.7066,0.1373,0.194,15028,6239,10865279,94462,109490,21267,26.99,5.56,3.61,default,4,3,4,0.01,3,2,200
default_soft_0.840,pipeline_soft,0.84,0.00,16,27,11,11,0.2299,0.2444,0.1299,0.7066,0.1373,0.194,15028,6239,10865279,94462,109490,21267,26.99,5.56,3.61,default,4,3,4,0.01,3,2,200
default_soft_0.860,pipeline_soft,0.86,0.00,16,27,11,11,0.2299,0.2444,0.1299,0.7066,0.1373,0.194,15028,6239,10865279,94462,109490,21267,26.99,5.56,3.61,default,4,3,4,0.01,3,2,200
default_soft_0.880,pipeline_soft,0.88,0.00,16,27,11,11,0.2299,0.2444,0.1299,0.7066,0.1373,0.194,15028,6239,10865279,94462,109490,21267,26.99,5.56,3.61,default,4,3,4,0.01,3,2,200
default_soft_0.900,pipeline_soft,0.9,0.00,16,27,11,11,0.2299,0.2444,0.1299,0.7066,0.1373,0.194,15028,6239,10865279,94462,109490,21267,26.99,5.56,3.61,default,4,3,4,0.01,3,2,200
default_soft_0.920,pipeline_soft,0.92,0.00,16,27,11,11,0.2299,0.2444,0.1299,0.7066,0.1373,0.194,15028,6239,10865279,94462,109490,21267,26.99,5.56,3.61,default,4,3,4,0.01,3,2,200
default_soft_0.940,pipeline_soft,0.94,0.00,16,27,11,11,0.2299,0.2444,0.1299,0.7066,0.1373,0.194,15028,6239,10865279,94462,109490,21267,26.99,5.56,3.61,default,4,3,4,0.01,3,2,200
default_soft_0.960,pipeline_soft,0.96,0.00,16,27,11,11,0.2299,0.2444,0.1299,0.7066,0.1373,0.194,15028,6239,10865279,94462,109490,21267,26.99,5.56,3.61,default,4,3,4,0.01,3,2,200
default_soft_0.980,pipeline_soft,0.98,0.00,16,27,11,11,0.2299,0.2444,0.1299,0.7066,0.1373,0.194,15028,6239,10865279,94462,109490,21267,26.99,5.56,3.61,default,4,3,4,0.01,3,2,200
vsize_-1_soft_0.000,pipeline_soft,0.0,0.00,25,27,11,11,0.3318,0.4143,0.1989,0.4560,0.2608,0.572,28553,34061,10837457,80937,109490,62614,26.99,19.87,9.49,vsize_-1,3,3,4,0.01,3,2,200
vsize_-1_soft_0.020,pipeline_soft,0.02,0.00,25,27,11,11,0.3318,0.4143,0.1989,0.4560,0.2608,0.572,28553,34061,10837457,80937,109490,62614,26.99,19.87,9.49,vsize_-1,3,3,4,0.01,3,2,200
vsize_-1_soft_0.040,pipeline_soft,0.04,0.00,25,27,11,11,0.3318,0.4143,0.1989,0.4560,0.2608,0.572,28553,34061,10837457,80937,109490,62614,26.99,19.87,9.49,vsize_-1,3,3,4,0.01,3,2,200
vsize_-1_soft_0.060,pipeline_soft,0.06,0.00,25,27,11,11,0.3318,0.4143,0.1989,0.4560,0.2608,0.572,28553,34061,10837457,80937,109490,62614,26.99,19.87,9.49,vsize_-1,3,3,4,0.01,3,2,200
vsize_-1_soft_0.080,pipeline_soft,0.08,0.00,25,27,11,11,0.3318,0.4143,0.1989,0.4560,0.2608,0.572,28553,34061,10837457,80937,109490,62614,26.99,19.87,9.49,vsize_-1,3,3,4,0.01,3,2,200
vsize_-1_soft_0.100,pipeline_soft,0.1,0.00,25,27,11,11,0.3318,0.4143,0.1989,0.4560,0.2608,0.572,28553,34061,10837457,80937,109490,62614,26.99,19.87,9.49,vsize_-1,3,3,4,0.01,3,2,200
vsize_-1_soft_0.120,pipeline_soft,0.12,0.00,25,27,11,11,0.3318,0.4143,0.1989,0.4560,0.2608,0.572,28553,34061,10837457,80937,109490,62614,26.99,19.87,9.49,vsize_-1,3,3,4,0.01,3,2,200
vsize_-1_soft_0.140,pipeline_soft,0.14,0.00,25,27,11,11,0.3318,0.4143,0.1989,0.4560,0.2608,0.572,28553,34061,10837457,80937,109490,62614,26.99,19.87,9.49,vsize_-1,3,3,4,0.01,3,2,200
vsize_-1_soft_0.160,pipeline_soft,0.16,0.00,25,27,11,11,0.3318,0.4143,0.1989,0.4560,0.2608,0.572,28553,34061,10837457,80937,109490,62614,26.99,19.87,9.49,vsize_-1,3,3,4,0.01,3,2,200
vsize_-1_soft_0.180,pipeline_soft,0.18,0.00,25,27,11,11,0.3318,0.4143,0.1989,0.4560,0.2608,0.572,28553,34061,10837457,80937,109490,62614,26.99,19.87,9.49,vsize_-1,3,3,4,0.01,3,2,200
vsize_-1_soft_0.200,pipeline_soft,0.2,0.00,25,27,11,11,0.3318,0.4143,0.1989,0.4560,0.2608,0.572,28553,34061,10837457,80937,109490,62614,26.99,19.87,9.49,vsize_-1,3,3,4,0.01,3,2,200
vsize_-1_soft_0.220,pipeline_soft,0.22,0.00,25,27,11,11,0.3318,0.4143,0.1989,0.4560,0.2608,0.572,28553,34061,10837457,80937,109490,62614,26.99,19.87,9.49,vsize_-1,3,3,4,0.01,3,2,200
vsize_-1_soft_0.240,pipeline_soft,0.24,0.00,25,27,11,11,0.3318,0.4143,0.1989,0.4560,0.2608,0.572,28553,34061,10837457,80937,109490,62614,26.99,19.87,9.49,vsize_-1,3,3,4,0.01,3,2,200
vsize_-1_soft_0.260,pipeline_soft,0.26,0.00,25,27,11,11,0.3318,0.4143,0.1989,0.4560,0.2608,0.572,28553,34061,10837457,80937,109490,62614,26.99,19.87,9.49,vsize_-1,3,3,4,0.01,3,2,200
vsize_-1_soft_0.280,pipeline_soft,0.28,0.00,25,27,11,11,0.3318,0.4143,0.1989,0.4560,0.2608,0.572,28553,34061,10837457,80937,109490,62614,26.99,19.87,9.49,vsize_-1,3,3,4,0.01,3,2,200
vsize_-1_soft_0.300,pipeline_soft,0.3,0.00,25,27,11,11,0.3318,0.4143,0.1989,0.4560,0.2608,0.572,28553,34061,10837457,80937,109490,62614,26.99,19.87,9.49,vsize_-1,3,3,4,0.01,3,2,200
vsize_-1_soft_0.320,pipeline_soft,0.32,0.00,25,27,11,11,0.3318,0.4143,0.1989,0.4560,0.2608,0.572,28553,34061,10837457,80937,109490,62614,26.99,19.87,9.49,vsize_-1,3,3,4,0.01,3,2,200
vsize_-1_soft_0.340,pipeline_soft,0.34,0.00,17,27,11,11,0.2653,0.3197,0.1530,0.6700,0.1654,0.247,18113,8923,10862595,91377,109490,27036,26.99,7.93,5.29,vsize_-1,3,3,4,0.01,3,2,200
vsize_-1_soft_0.360,pipeline_soft,0.36,0.00,17,27,11,11,0.2653,0.3197,0.1530,0.6700,0.1654,0.247,18113,8923,10862595,91377,109490,27036,26.99,7.93,5.29,vsize_-1,3,3,4,0.01,3,2,200
vsize_-1_soft_0.380,pipeline_soft,0.38,0.00,17,27,11,11,0.2653,0.3197,0.1530,0.6700,0.1654,0.247,18113,8923,10862595,91377,109490,27036,26.99,7.93,5.29,vsize_-1,3,3,4,0.01,3,2,200
vsize_-1_soft_0.400,pipeline_soft,0.4,0.00,17,27,11,11,0.2653,0.3197,0.1530,0.6700,0.1654,0.247,18113,8923,10862595,91377,109490,27036,26.99,7.93,5.29,vsize_-1,3,3,4,0.01,3,2,200
vsize_-1_soft_0.420,pipeline_soft,0.42,0.00,17,27,11,11,0.2653,0.3197,0.1530,0.6700,0.1654,0.247,18113,8923,10862595,91377,109490,27036,26.99,7.93,5.29,vsize_-1,3,3,4,0.01,3,2,200
vsize_-1_soft_0.440,pipeline_soft,0.44,0.00,17,27,11,11,0.2653,0.3197,0.1530,0.6700,0.1654,0.247,18113,8923,10862595,91377,109490,27036,26.99,7.93,5.29,vsize_-1,3,3,4,0.01,3,2,200
vsize_-1_soft_0.460,pipeline_soft,0.46,0.00,17,27,11,11,0.2653,0.3197,0.1530,0.6700,0.1654,0.247,18113,8923,10862595,91377,109490,27036,26.99,7.93,5.29,vsize_-1,3,3,4,0.01,3,2,200
vsize_-1_soft_0.480,pipeline_soft,0.48,0.00,17,27,11,11,0.2653,0.3197,0.1530,0.6700,0.1654,0.247,18113,8923,10862595,91377,109490,27036,26.99,7.93,5.29,vsize_-1,3,3,4,0.01,3,2,200
vsize_-1_soft_0.500,pipeline_soft,0.5,0.00,17,27,11,11,0.2653,0.3197,0.1530,0.6700,0.1654,0.247,18113,8923,10862595,91377,109490,27036,26.99,7.93,5.29,vsize_-1,3,3,4,0.01,3,2,200
vsize_-1_soft_0.520,pipeline_soft,0.52,0.00,17,27,11,11,0.2653,0.3197,0.1530,0.6700,0.1654,0.247,18113,8923,10862595,91377,109490,27036,26.99,7.93,5.29,vsize_-1,3,3,4,0.01,3,2,200
vsize_-1_soft_0.540,pipeline_soft,0.54,0.00,17,27,11,11,0.2653,0.3197,0.1530,0.6700,0.1654,0.247,18113,8923,10862595,91377,109490,27036,26.99,7.93,5.29,vsize_-1,3,3,4,0.01,3,2,200
vsize_-1_soft_0.560,pipeline_soft,0.56,0.00,17,27,11,11,0.2653,0.3197,0.1530,0.6700,0.1654,0.247,18113,8923,10862595,91377,109490,27036,26.99,7.93,5.29,vsize_-1,3,3,4,0.01,3,2,200
vsize_-1_soft_0.580,pipeline_soft,0.58,0.00,17,27,11,11,0.2653,0.3197,0.1530,0.6700,0.1654,0.247,18113,8923,10862595,91377,109490,27036,26.99,7.93,5.29,vsize_-1,3,3,4,0.01,3,2,200
vsize_-1_soft_0.600,pipeline_soft,0.6,0.00,17,27,11,11,0.2653,0.3197,0.1530,0.6700,0.1654,0.247,18113,8923,10862595,91377,109490,27036,26.99,7.93,5.29,vsize_-1,3,3,4,0.01,3,2,200
vsize_-1_soft_0.620,pipeline_soft,0.62,0.00,17,27,11,11,0.2653,0.3197,0.1530,0.6700,0.1654,0.247,18113,8923,10862595,91377,109490,27036,26.99,7.93,5.29,vsize_-1,3,3,4,0.01,3,2,200
vsize_-1_soft_0.640,pipeline_soft,0.64,0.00,17,27,11,11,0.2653,0.3197,0.1530,0.6700,0.1654,0.247,18113,8923,10862595,91377,109490,27036,26.99,7.93,5.29,vsize_-1,3,3,4,0.01,3,2,200
vsize_-1_soft_0.660,pipeline_soft,0.66,0.00,17,27,11,11,0.2653,0.3197,0.1530,0.6700,0.1654,0.247,18113,8923,10862595,91377,109490,27036,26.99,7.93,5.29,vsize_-1,3,3,4,0.01,3,2,200
vsize_-1_soft_0.680,pipeline_soft,0.68,0.00,12,27,11,11,0.1775,0.2094,0.0974,0.7429,0.1008,0.136,11038,3820,10867698,98452,109490,14858,26.99,4.26,3.04,vsize_-1,3,3,4,0.01,3,2,200
vsize_-1_soft_0.700,pipeline_soft,0.7,0.00,12,27,11,11,0.1775,0.2094,0.0974,0.7429,0.1008,0.136,11038,3820,10867698,98452,109490,14858,26.99,4.26,3.04,vsize_-1,3,3,4,0.01,3,2,200
vsize_-1_soft_0.720,pipeline_soft,0.72,0.00,12,27,11,11,0.1775,0.2094,0.0974,0.7429,0.1008,0.136,11038,3820,10867698,98452,109490,14858,26.99,4.26,3.04,vsize_-1,3,3,4,0.01,3,2,200
vsize_-1_soft_0.740,pipeline_soft,0.74,0.00,12,27,11,11,0.1775,0.2094,0.0974,0.7429,0.1008,0.136,11038,3820,10867698,98452,109490,14858,26.99,4.26,3.04,vsize_-1,3,3,4,0.01,3,2,200
vsize_-1_soft_0.760,pipeline_soft,0.76,0.00,12,27,11,11,0.1775,0.2094,0.0974,0.7429,0.1008,0.136,11038,3820,10867698,98452,109490,14858,26.99,4.26,3.04,vsize_-1,3,3,4,0.01,3,2,200
vsize_-1_soft_0.780,pipeline_soft,0.78,0.00,12,27,11,11,0.1775,0.2094,0.0974,0.7429,0.1008,0.136,11038,3820,10867698,98452,109490,14858,26.99,4.26,3.04,vsize_-1,3,3,4,0.01,3,2,200
vsize_-1_soft_0.800,pipeline_soft,0.8,0.00,12,27,11,11,0.1775,0.2094,0.0974,0.7429,0.1008,0.136,11038,3820,10867698,98452,109490,14858,26.99,4.26,3.04,vsize_-1,3,3,4,0.01,3,2,200
vsize_-1_soft_0.820,pipeline_soft,0.82,0.00,12,27,11,11,0.1775,0.2094,0.0974,0.7429,0.1008,0.136,11038,3820,10867698,98452,109490,14858,26.99,4.26,3.04,vsize_-1,3,3,4,0.01,3,2,200
vsize_-1_soft_0.840,pipeline_soft,0.84,0.00,12,27,11,11,0.1775,0.2094,0.0974,0.7429,0.1008,0.136,11038,3820,10867698,98452,109490,14858,26.99,4.26,3.04,vsize_-1,3,3,4,0.01,3,2,200
vsize_-1_soft_0.860,pipeline_soft,0.86,0.00,12,27,11,11,0.1775,0.2094,0.0974,0.7429,0.1008,0.136,11038,3820,10867698,98452,109490,14858,26.99,4.26,3.04,vsize_-1,3,3,4,0.01,3,2,200
vsize_-1_soft_0.880,pipeline_soft,0.88,0.00,12,27,11,11,0.1775,0.2094,0.0974,0.7429,0.1008,0.136,11038,3820,10867698,98452,109490,14858,26.99,4.26,3.04,vsize_-1,3,3,4,0.01,3,2,200
vsize_-1_soft_0.900,pipeline_soft,0.9,0.00,12,27,11,11,0.1775,0.2094,0.0974,0.7429,0.1008,0.136,11038,3820,10867698,98452,109490,14858,26.99,4.26,3.04,vsize_-1,3,3,4,0.01,3,2,200
vsize_-1_soft_0.920,pipeline_soft,0.92,0.00,12,27,11,11,0.1775,0.2094,0.0974,0.7429,0.1008,0.136,11038,3820,10867698,98452,109490,14858,26.99,4.26,3.04,vsize_-1,3,3,4,0.01,3,2,200
vsize_-1_soft_0.940,pipeline_soft,0.94,0.00,12,27,11,11,0.1775,0.2094,0.0974,0.7429,0.1008,0.136,11038,3820,10867698,98452,109490,14858,26.99,4.26,3.04,vsize_-1,3,3,4,0.01,3,2,200
vsize_-1_soft_0.960,pipeline_soft,0.96,0.00,12,27,11,11,0.1775,0.2094,0.0974,0.7429,0.1008,0.136,11038,3820,10867698,98452,109490,14858,26.99,4.26,3.04,vsize_-1,3,3,4,0.01,3,2,200
vsize_-1_soft_0.980,pipeline_soft,0.98,0.00,12,27,11,11,0.1775,0.2094,0.0974,0.7429,0.1008,0.136,11038,3820,10867698,98452,109490,14858,26.99,4.26,3.04,vsize_-1,3,3,4,0.01,3,2,200
vsize_-2_std_-1_soft_0.000,pipeline_soft,0.0,0.00,24,27,11,11,0.3309,0.4355,0.1983,0.4634,0.2574,0.555,28180,32629,10838889,81310,109490,60809,26.99,21.94,10.55,vsize_-2_std_-1,2,2,4,0.01,3,2,200
vsize_-2_std_-1_soft_0.020,pipeline_soft,0.02,0.00,24,27,11,11,0.3309,0.4355,0.1983,0.4634,0.2574,0.555,28180,32629,10838889,81310,109490,60809,26.99,21.94,10.55,vsize_-2_std_-1,2,2,4,0.01,3,2,200
vsize_-2_std_-1_soft_0.040,pipeline_soft,0.04,0.00,24,27,11,11,0.3309,0.4355,0.1983,0.4634,0.2574,0.555,28180,32629,10838889,81310,109490,60809,26.99,21.94,10.55,vsize_-2_std_-1,2,2,4,0.01,3,2,200
vsize_-2_std_-1_soft_0.060,pipeline_soft,0.06,0.00,24,27,11,11,0.3309,0.4355,0.1983,0.4634,0.2574,0.555,28180,32629,10838889,81310,109490,60809,26.99,21.94,10.55,vsize_-2_std_-1,2,2,4,0.01,3,2,200
vsize_-2_std_-1_soft_0.080,pipeline_soft,0.08,0.00,24,27,11,11,0.3309,0.4355,0.1983,0.4634,0.2574,0.555,28180,32629,10838889,81310,109490,60809,26.99,21.94,10.55,vsize_-2_std_-1,2,2,4,0.01,3,2,200
vsize_-2_std_-1_soft_0.100,pipeline_soft,0.1,0.00,24,27,11,11,0.3309,0.4355,0.1983,0.4634,0.2574,0.555,28180,32629,10838889,81310,109490,60809,26.99,21.94,10.55,vsize_-2_std_-1,2,2,4,0.01,3,2,200
vsize_-2_std_-1_soft_0.120,pipeline_soft,0.12,0.00,24,27,11,11,0.3309,0.4355,0.1983,0.4634,0.2574,0.555,28180,32629,10838889,81310,109490,60809,26.99,21.94,10.55,vsize_-2_std_-1,2,2,4,0.01,3,2,200
vsize_-2_std_-1_soft_0.140,pipeline_soft,0.14,0.00,24,27,11,11,0.3309,0.4355,0.1983,0.4634,0.2574,0.555,28180,32629,10838889,81310,109490,60809,26.99,21.94,10.55,vsize_-2_std_-1,2,2,4,0.01,3,2,200
vsize_-2_std_-1_soft_0.160,pipeline_soft,0.16,0.00,24,27,11,11,0.3309,0.4355,0.1983,0.4634,0.2574,0.555,28180,32629,10838889,81310,109490,60809,26.99,21.94,10.55,vsize_-2_std_-1,2,2,4,0.01,3,2,200
vsize_-2_std_-1_soft_0.180,pipeline_soft,0.18,0.00,24,27,11,11,0.3309,0.4355,0.1983,0.4634,0.2574,0.555,28180,32629,10838889,81310,109490,60809,26.99,21.94,10.55,vsize_-2_std_-1,2,2,4,0.01,3,2,200
vsize_-2_std_-1_soft_0.200,pipeline_soft,0.2,0.00,24,27,11,11,0.3309,0.4355,0.1983,0.4634,0.2574,0.555,28180,32629,10838889,81310,109490,60809,26.99,21.94,10.55,vsize_-2_std_-1,2,2,4,0.01,3,2,200
vsize_-2_std_-1_soft_0.220,pipeline_soft,0.22,0.00,24,27,11,11,0.3309,0.4355,0.1983,0.4634,0.2574,0.555,28180,32629,10838889,81310,109490,60809,26.99,21.94,10.55,vsize_-2_std_-1,2,2,4,0.01,3,2,200
vsize_-2_std_-1_soft_0.240,pipeline_soft,0.24,0.00,24,27,11,11,0.3309,0.4355,0.1983,0.4634,0.2574,0.555,28180,32629,10838889,81310,109490,60809,26.99,21.94,10.55,vsize_-2_std_-1,2,2,4,0.01,3,2,200
vsize_-2_std_-1_soft_0.260,pipeline_soft,0.26,0.00,24,27,11,11,0.3309,0.4355,0.1983,0.4634,0.2574,0.555,28180,32629,10838889,81310,109490,60809,26.99,21.94,10.55,vsize_-2_std_-1,2,2,4,0.01,3,2,200
vsize_-2_std_-1_soft_0.280,pipeline_soft,0.28,0.00,24,27,11,11,0.3309,0.4355,0.1983,0.4634,0.2574,0.555,28180,32629,10838889,81310,109490,60809,26.99,21.94,10.55,vsize_-2_std_-1,2,2,4,0.01,3,2,200
vsize_-2_std_-1_soft_0.300,pipeline_soft,0.3,0.00,24,27,11,11,0.3309,0.4355,0.1983,0.4634,0.2574,0.555,28180,32629,10838889,81310,109490,60809,26.99,21.94,10.55,vsize_-2_std_-1,2,2,4,0.01,3,2,200
vsize_-2_std_-1_soft_0.320,pipeline_soft,0.32,0.00,24,27,11,11,0.3309,0.4355,0.1983,0.4634,0.2574,0.555,28180,32629,10838889,81310,109490,60809,26.99,21.94,10.55,vsize_-2_std_-1,2,2,4,0.01,3,2,200
vsize_-2_std_-1_soft_0.340,pipeline_soft,0.34,0.00,13,27,11,11,0.2240,0.2867,0.1261,0.6369,0.1359,0.213,14882,8483,10863035,94608,109490,23365,26.99,8.05,4.75,vsize_-2_std_-1,2,2,4,0.01,3,2,200
vsize_-2_std_-1_soft_0.360,pipeline_soft,0.36,0.00,13,27,11,11,0.2240,0.2867,0.1261,0.6369,0.1359,0.213,14882,8483,10863035,94608,109490,23365,26.99,8.05,4.75,vsize_-2_std_-1,2,2,4,0.01,3,2,200
vsize_-2_std_-1_soft_0.380,pipeline_soft,0.38,0.00,13,27,11,11,0.2240,0.2867,0.1261,0.6369,0.1359,0.213,14882,8483,10863035,94608,109490,23365,26.99,8.05,4.75,vsize_-2_std_-1,2,2,4,0.01,3,2,200
vsize_-2_std_-1_soft_0.400,pipeline_soft,0.4,0.00,13,27,11,11,0.2240,0.2867,0.1261,0.6369,0.1359,0.213,14882,8483,10863035,94608,109490,23365,26.99,8.05,4.75,vsize_-2_std_-1,2,2,4,0.01,3,2,200
vsize_-2_std_-1_soft_0.420,pipeline_soft,0.42,0.00,13,27,11,11,0.2240,0.2867,0.1261,0.6369,0.1359,0.213,14882,8483,10863035,94608,109490,23365,26.99,8.05,4.75,vsize_-2_std_-1,2,2,4,0.01,3,2,200
vsize_-2_std_-1_soft_0.440,pipeline_soft,0.44,0.00,13,27,11,11,0.2240,0.2867,0.1261,0.6369,0.1359,0.213,14882,8483,10863035,94608,109490,23365,26.99,8.05,4.75,vsize_-2_std_-1,2,2,4,0.01,3,2,200
vsize_-2_std_-1_soft_0.460,pipeline_soft,0.46,0.00,13,27,11,11,0.2240,0.2867,0.1261,0.6369,0.1359,0.213,14882,8483,10863035,94608,109490,23365,26.99,8.05,4.75,vsize_-2_std_-1,2,2,4,0.01,3,2,200
vsize_-2_std_-1_soft_0.480,pipeline_soft,0.48,0.00,13,27,11,11,0.2240,0.2867,0.1261,0.6369,0.1359,0.213,14882,8483,10863035,94608,109490,23365,26.99,8.05,4.75,vsize_-2_std_-1,2,2,4,0.01,3,2,200
vsize_-2_std_-1_soft_0.500,pipeline_soft,0.5,0.00,13,27,11,11,0.2240,0.2867,0.1261,0.6369,0.1359,0.213,14882,8483,10863035,94608,109490,23365,26.99,8.05,4.75,vsize_-2_std_-1,2,2,4,0.01,3,2,200
vsize_-2_std_-1_soft_0.520,pipeline_soft,0.52,0.00,13,27,11,11,0.2240,0.2867,0.1261,0.6369,0.1359,0.213,14882,8483,10863035,94608,109490,23365,26.99,8.05,4.75,vsize_-2_std_-1,2,2,4,0.01,3,2,200
vsize_-2_std_-1_soft_0.540,pipeline_soft,0.54,0.00,13,27,11,11,0.2240,0.2867,0.1261,0.6369,0.1359,0.213,14882,8483,10863035,94608,109490,23365,26.99,8.05,4.75,vsize_-2_std_-1,2,2,4,0.01,3,2,200
vsize_-2_std_-1_soft_0.560,pipeline_soft,0.56,0.00,13,27,11,11,0.2240,0.2867,0.1261,0.6369,0.1359,0.213,14882,8483,10863035,94608,109490,23365,26.99,8.05,4.75,vsize_-2_std_-1,2,2,4,0.01,3,2,200
vsize_-2_std_-1_soft_0.580,pipeline_soft,0.58,0.00,13,27,11,11,0.2240,0.2867,0.1261,0.6369,0.1359,0.213,14882,8483,10863035,94608,109490,23365,26.99,8.05,4.75,vsize_-2_std_-1,2,2,4,0.01,3,2,200
vsize_-2_std_-1_soft_0.600,pipeline_soft,0.6,0.00,13,27,11,11,0.2240,0.2867,0.1261,0.6369,0.1359,0.213,14882,8483,10863035,94608,109490,23365,26.99,8.05,4.75,vsize_-2_std_-1,2,2,4,0.01,3,2,200
vsize_-2_std_-1_soft_0.620,pipeline_soft,0.62,0.00,13,27,11,11,0.2240,0.2867,0.1261,0.6369,0.1359,0.213,14882,8483,10863035,94608,109490,23365,26.99,8.05,4.75,vsize_-2_std_-1,2,2,4,0.01,3,2,200
vsize_-2_std_-1_soft_0.640,pipeline_soft,0.64,0.00,13,27,11,11,0.2240,0.2867,0.1261,0.6369,0.1359,0.213,14882,8483,10863035,94608,109490,23365,26.99,8.05,4.75,vsize_-2_std_-1,2,2,4,0.01,3,2,200
vsize_-2_std_-1_soft_0.660,pipeline_soft,0.66,0.00,13,27,11,11,0.2240,0.2867,0.1261,0.6369,0.1359,0.213,14882,8483,10863035,94608,109490,23365,26.99,8.05,4.75,vsize_-2_std_-1,2,2,4,0.01,3,2,200
vsize_-2_std_-1_soft_0.680,pipeline_soft,0.68,0.00,7,27,11,11,0.0477,0.0787,0.0244,0.5181,0.0250,0.048,2739,2548,10868970,106751,109490,5287,26.99,2.18,1.03,vsize_-2_std_-1,2,2,4,0.01,3,2,200
vsize_-2_std_-1_soft_0.700,pipeline_soft,0.7,0.00,7,27,11,11,0.0477,0.0787,0.0244,0.5181,0.0250,0.048,2739,2548,10868970,106751,109490,5287,26.99,2.18,1.03,vsize_-2_std_-1,2,2,4,0.01,3,2,200
vsize_-2_std_-1_soft_0.720,pipeline_soft,0.72,0.00,7,27,11,11,0.0477,0.0787,0.0244,0.5181,0.0250,0.048,2739,2548,10868970,106751,109490,5287,26.99,2.18,1.03,vsize_-2_std_-1,2,2,4,0.01,3,2,200
vsize_-2_std_-1_soft_0.740,pipeline_soft,0.74,0.00,7,27,11,11,0.0477,0.0787,0.0244,0.5181,0.0250,0.048,2739,2548,10868970,106751,109490,5287,26.99,2.18,1.03,vsize_-2_std_-1,2,2,4,0.01,3,2,200
vsize_-2_std_-1_soft_0.760,pipeline_soft,0.76,0.00,7,27,11,11,0.0477,0.0787,0.0244,0.5181,0.0250,0.048,2739,2548,10868970,106751,109490,5287,26.99,2.18,1.03,vsize_-2_std_-1,2,2,4,0.01,3,2,200
vsize_-2_std_-1_soft_0.780,pipeline_soft,0.78,0.00,7,27,11,11,0.0477,0.0787,0.0244,0.5181,0.0250,0.048,2739,2548,10868970,106751,109490,5287,26.99,2.18,1.03,vsize_-2_std_-1,2,2,4,0.01,3,2,200
vsize_-2_std_-1_soft_0.800,pipeline_soft,0.8,0.00,7,27,11,11,0.0477,0.0787,0.0244,0.5181,0.0250,0.048,2739,2548,10868970,106751,109490,5287,26.99,2.18,1.03,vsize_-2_std_-1,2,2,4,0.01,3,2,200
vsize_-2_std_-1_soft_0.820,pipeline_soft,0.82,0.00,7,27,11,11,0.0477,0.0787,0.0244,0.5181,0.0250,0.048,2739,2548,10868970,106751,109490,5287,26.99,2.18,1.03,vsize_-2_std_-1,2,2,4,0.01,3,2,200
vsize_-2_std_-1_soft_0.840,pipeline_soft,0.84,0.00,7,27,11,11,0.0477,0.0787,0.0244,0.5181,0.0250,0.048,2739,2548,10868970,106751,109490,5287,26.99,2.18,1.03,vsize_-2_std_-1,2,2,4,0.01,3,2,200
vsize_-2_std_-1_soft_0.860,pipeline_soft,0.86,0.00,7,27,11,11,0.0477,0.0787,0.0244,0.5181,0.0250,0.048,2739,2548,10868970,106751,109490,5287,26.99,2.18,1.03,vsize_-2_std_-1,2,2,4,0.01,3,2,200
vsize_-2_std_-1_soft_0.880,pipeline_soft,0.88,0.00,7,27,11,11,0.0477,0.0787,0.0244,0.5181,0.0250,0.048,2739,2548,10868970,106751,109490,5287,26.99,2.18,1.03,vsize_-2_std_-1,2,2,4,0.01,3,2,200
vsize_-2_std_-1_soft_0.900,pipeline_soft,0.9,0.00,7,27,11,11,0.0477,0.0787,0.0244,0.5181,0.0250,0.048,2739,2548,10868970,106751,109490,5287,26.99,2.18,1.03,vsize_-2_std_-1,2,2,4,0.01,3,2,200
vsize_-2_std_-1_soft_0.920,pipeline_soft,0.92,0.00,7,27,11,11,0.0477,0.0787,0.0244,0.5181,0.0250,0.048,2739,2548,10868970,106751,109490,5287,26.99,2.18,1.03,vsize_-2_std_-1,2,2,4,0.01,3,2,200
vsize_-2_std_-1_soft_0.940,pipeline_soft,0.94,0.00,7,27,11,11,0.0477,0.0787,0.0244,0.5181,0.0250,0.048,2739,2548,10868970,106751,109490,5287,26.99,2.18,1.03,vsize_-2_std_-1,2,2,4,0.01,3,2,200
vsize_-2_std_-1_soft_0.960,pipeline_soft,0.96,0.00,7,27,11,11,0.0477,0.0787,0.0244,0.5181,0.0250,0.048,2739,2548,10868970,106751,109490,5287,26.99,2.18,1.03,vsize_-2_std_-1,2,2,4,0.01,3,2,200
vsize_-2_std_-1_soft_0.980,pipeline_soft,0.98,0.00,7,27,11,11,0.0477,0.0787,0.0244,0.5181,0.0250,0.048,2739,2548,10868970,106751,109490,5287,26.99,2.18,1.03,vsize_-2_std_-1,2,2,4,0.01,3,2,200
vsize_+1_soft_0.000,pipeline_soft,0.0,0.00,25,27,11,11,0.3742,0.4302,0.2302,0.4946,0.3009,0.608,32949,33662,10837856,76541,109490,66611,26.99,16.31,8.74,vsize_+1,5,3,4,0.01,3,2,200
vsize_+1_soft_0.020,pipeline_soft,0.02,0.00,25,27,11,11,0.3742,0.4302,0.2302,0.4946,0.3009,0.608,32949,33662,10837856,76541,109490,66611,26.99,16.31,8.74,vsize_+1,5,3,4,0.01,3,2,200
vsize_+1_soft_0.040,pipeline_soft,0.04,0.00,25,27,11,11,0.3742,0.4302,0.2302,0.4946,0.3009,0.608,32949,33662,10837856,76541,109490,66611,26.99,16.31,8.74,vsize_+1,5,3,4,0.01,3,2,200
vsize_+1_soft_0.060,pipeline_soft,0.06,0.00,25,27,11,11,0.3742,0.4302,0.2302,0.4946,0.3009,0.608,32949,33662,10837856,76541,109490,66611,26.99,16.31,8.74,vsize_+1,5,3,4,0.01,3,2,200
vsize_+1_soft_0.080,pipeline_soft,0.08,0.00,25,27,11,11,0.3742,0.4302,0.2302,0.4946,0.3009,0.608,32949,33662,10837856,76541,109490,66611,26.99,16.31,8.74,vsize_+1,5,3,4,0.01,3,2,200
vsize_+1_soft_0.100,pipeline_soft,0.1,0.00,25,27,11,11,0.3742,0.4302,0.2302,0.4946,0.3009,0.608,32949,33662,10837856,76541,109490,66611,26.99,16.31,8.74,vsize_+1,5,3,4,0.01,3,2,200
vsize_+1_soft_0.120,pipeline_soft,0.12,0.00,25,27,11,11,0.3742,0.4302,0.2302,0.4946,0.3009,0.608,32949,33662,10837856,76541,109490,66611,26.99,16.31,8.74,vsize_+1,5,3,4,0.01,3,2,200
vsize_+1_soft_0.140,pipeline_soft,0.14,0.00,25,27,11,11,0.3742,0.4302,0.2302,0.4946,0.3009,0.608,32949,33662,10837856,76541,109490,66611,26.99,16.31,8.74,vsize_+1,5,3,4,0.01,3,2,200
vsize_+1_soft_0.160,pipeline_soft,0.16,0.00,25,27,11,11,0.3742,0.4302,0.2302,0.4946,0.3009,0.608,32949,33662,10837856,76541,109490,66611,26.99,16.31,8.74,vsize_+1,5,3,4,0.01,3,2,200
vsize_+1_soft_0.180,pipeline_soft,0.18,0.00,25,27,11,11,0.3742,0.4302,0.2302,0.4946,0.3009,0.608,32949,33662,10837856,76541,109490,66611,26.99,16.31,8.74,vsize_+1,5,3,4,0.01,3,2,200
vsize_+1_soft_0.200,pipeline_soft,0.2,0.00,25,27,11,11,0.3742,0.4302,0.2302,0.4946,0.3009,0.608,32949,33662,10837856,76541,109490,66611,26.99,16.31,8.74,vsize_+1,5,3,4,0.01,3,2,200
vsize_+1_soft_0.220,pipeline_soft,0.22,0.00,25,27,11,11,0.3742,0.4302,0.2302,0.4946,0.3009,0.608,32949,33662,10837856,76541,109490,66611,26.99,16.31,8.74,vsize_+1,5,3,4,0.01,3,2,200
vsize_+1_soft_0.240,pipeline_soft,0.24,0.00,25,27,11,11,0.3742,0.4302,0.2302,0.4946,0.3009,0.608,32949,33662,10837856,76541,109490,66611,26.99,16.31,8.74,vsize_+1,5,3,4,0.01,3,2,200
vsize_+1_soft_0.260,pipeline_soft,0.26,0.00,25,27,11,11,0.3742,0.4302,0.2302,0.4946,0.3009,0.608,32949,33662,10837856,76541,109490,66611,26.99,16.31,8.74,vsize_+1,5,3,4,0.01,3,2,200
vsize_+1_soft_0.280,pipeline_soft,0.28,0.00,25,27,11,11,0.3742,0.4302,0.2302,0.4946,0.3009,0.608,32949,33662,10837856,76541,109490,66611,26.99,16.31,8.74,vsize_+1,5,3,4,0.01,3,2,200
vsize_+1_soft_0.300,pipeline_soft,0.3,0.00,25,27,11,11,0.3742,0.4302,0.2302,0.4946,0.3009,0.608,32949,33662,10837856,76541,109490,66611,26.99,16.31,8.74,vsize_+1,5,3,4,0.01,3,2,200
vsize_+1_soft_0.320,pipeline_soft,0.32,0.00,25,27,11,11,0.3742,0.4302,0.2302,0.4946,0.3009,0.608,32949,33662,10837856,76541,109490,66611,26.99,16.31,8.74,vsize_+1,5,3,4,0.01,3,2,200
vsize_+1_soft_0.340,pipeline_soft,0.34,0.00,21,27,11,11,0.3157,0.3355,0.1875,0.5790,0.2170,0.375,23764,17276,10854242,85726,109490,41040,26.99,10.28,5.78,vsize_+1,5,3,4,0.01,3,2,200
vsize_+1_soft_0.360,pipeline_soft,0.36,0.00,21,27,11,11,0.3157,0.3355,0.1875,0.5790,0.2170,0.375,23764,17276,10854242,85726,109490,41040,26.99,10.28,5.78,vsize_+1,5,3,4,0.01,3,2,200
vsize_+1_soft_0.380,pipeline_soft,0.38,0.00,21,27,11,11,0.3157,0.3355,0.1875,0.5790,0.2170,0.375,23764,17276,10854242,85726,109490,41040,26.99,10.28,5.78,vsize_+1,5,3,4,0.01,3,2,200
vsize_+1_soft_0.400,pipeline_soft,0.4,0.00,21,27,11,11,0.3157,0.3355,0.1875,0.5790,0.2170,0.375,23764,17276,10854242,85726,109490,41040,26.99,10.28,5.78,vsize_+1,5,3,4,0.01,3,2,200
vsize_+1_soft_0.420,pipeline_soft,0.42,0.00,21,27,11,11,0.3157,0.3355,0.1875,0.5790,0.2170,0.375,23764,17276,10854242,85726,109490,41040,26.99,10.28,5.78,vsize_+1,5,3,4,0.01,3,2,200
vsize_+1_soft_0.440,pipeline_soft,0.44,0.00,21,27,11,11,0.3157,0.3355,0.1875,0.5790,0.2170,0.375,23764,17276,10854242,85726,109490,41040,26.99,10.28,5.78,vsize_+1,5,3,4,0.01,3,2,200
vsize_+1_soft_0.460,pipeline_soft,0.46,0.00,21,27,11,11,0.3157,0.3355,0.1875,0.5790,0.2170,0.375,23764,17276,10854242,85726,109490,41040,26.99,10.28,5.78,vsize_+1,5,3,4,0.01,3,2,200
vsize_+1_soft_0.480,pipeline_soft,0.48,0.00,21,27,11,11,0.3157,0.3355,0.1875,0.5790,0.2170,0.375,23764,17276,10854242,85726,109490,41040,26.99,10.28,5.78,vsize_+1,5,3,4,0.01,3,2,200
vsize_+1_soft_0.500,pipeline_soft,0.5,0.00,21,27,11,11,0.3157,0.3355,0.1875,0.5790,0.2170,0.375,23764,17276,10854242,85726,109490,41040,26.99,10.28,5.78,vsize_+1,5,3,4,0.01,3,2,200
vsize_+1_soft_0.520,pipeline_soft,0.52,0.00,21,27,11,11,0.3157,0.3355,0.1875,0.5790,0.2170,0.375,23764,17276,10854242,85726,109490,41040,26.99,10.28,5.78,vsize_+1,5,3,4,0.01,3,2,200
vsize_+1_soft_0.540,pipeline_soft,0.54,0.00,21,27,11,11,0.3157,0.3355,0.1875,0.5790,0.2170,0.375,23764,17276,10854242,85726,109490,41040,26.99,10.28,5.78,vsize_+1,5,3,4,0.01,3,2,200
vsize_+1_soft_0.560,pipeline_soft,0.56,0.00,21,27,11,11,0.3157,0.3355,0.1875,0.5790,0.2170,0.375,23764,17276,10854242,85726,109490,41040,26.99,10.28,5.78,vsize_+1,5,3,4,0.01,3,2,200
vsize_+1_soft_0.580,pipeline_soft,0.58,0.00,21,27,11,11,0.3157,0.3355,0.1875,0.5790,0.2170,0.375,23764,17276,10854242,85726,109490,41040,26.99,10.28,5.78,vsize_+1,5,3,4,0.01,3,2,200
vsize_+1_soft_0.600,pipeline_soft,0.6,0.00,21,27,11,11,0.3157,0.3355,0.1875,0.5790,0.2170,0.375,23764,17276,10854242,85726,109490,41040,26.99,10.28,5.78,vsize_+1,5,3,4,0.01,3,2,200
vsize_+1_soft_0.620,pipeline_soft,0.62,0.00,21,27,11,11,0.3157,0.3355,0.1875,0.5790,0.2170,0.375,23764,17276,10854242,85726,109490,41040,26.99,10.28,5.78,vsize_+1,5,3,4,0.01,3,2,200
vsize_+1_soft_0.640,pipeline_soft,0.64,0.00,21,27,11,11,0.3157,0.3355,0.1875,0.5790,0.2170,0.375,23764,17276,10854242,85726,109490,41040,26.99,10.28,5.78,vsize_+1,5,3,4,0.01,3,2,200
vsize_+1_soft_0.660,pipeline_soft,0.66,0.00,21,27,11,11,0.3157,0.3355,0.1875,0.5790,0.2170,0.375,23764,17276,10854242,85726,109490,41040,26.99,10.28,5.78,vsize_+1,5,3,4,0.01,3,2,200
vsize_+1_soft_0.680,pipeline_soft,0.68,0.00,17,27,11,11,0.2544,0.2754,0.1457,0.7132,0.1548,0.217,16951,6815,10864703,92539,109490,23766,26.99,5.81,4.12,vsize_+1,5,3,4,0.01,3,2,200
vsize_+1_soft_0.700,pipeline_soft,0.7,0.00,17,27,11,11,0.2544,0.2754,0.1457,0.7132,0.1548,0.217,16951,6815,10864703,92539,109490,23766,26.99,5.81,4.12,vsize_+1,5,3,4,0.01,3,2,200
vsize_+1_soft_0.720,pipeline_soft,0.72,0.00,17,27,11,11,0.2544,0.2754,0.1457,0.7132,0.1548,0.217,16951,6815,10864703,92539,109490,23766,26.99,5.81,4.12,vsize_+1,5,3,4,0.01,3,2,200
vsize_+1_soft_0.740,pipeline_soft,0.74,0.00,17,27,11,11,0.2544,0.2754,0.1457,0.7132,0.1548,0.217,16951,6815,10864703,92539,109490,23766,26.99,5.81,4.12,vsize_+1,5,3,4,0.01,3,2,200
vsize_+1_soft_0.760,pipeline_soft,0.76,0.00,17,27,11,11,0.2544,0.2754,0.1457,0.7132,0.1548,0.217,16951,6815,10864703,92539,109490,23766,26.99,5.81,4.12,vsize_+1,5,3,4,0.01,3,2,200
vsize_+1_soft_0.780,pipeline_soft,0.78,0.00,17,27,11,11,0.2544,0.2754,0.1457,0.7132,0.1548,0.217,16951,6815,10864703,92539,109490,23766,26.99,5.81,4.12,vsize_+1,5,3,4,0.01,3,2,200
vsize_+1_soft_0.800,pipeline_soft,0.8,0.00,17,27,11,11,0.2544,0.2754,0.1457,0.7132,0.1548,0.217,16951,6815,10864703,92539,109490,23766,26.99,5.81,4.12,vsize_+1,5,3,4,0.01,3,2,200
vsize_+1_soft_0.820,pipeline_soft,0.82,0.00,17,27,11,11,0.2544,0.2754,0.1457,0.7132,0.1548,0.217,16951,6815,10864703,92539,109490,23766,26.99,5.81,4.12,vsize_+1,5,3,4,0.01,3,2,200
vsize_+1_soft_0.840,pipeline_soft,0.84,0.00,17,27,11,11,0.2544,0.2754,0.1457,0.7132,0.1548,0.217,16951,6815,10864703,92539,109490,23766,26.99,5.81,4.12,vsize_+1,5,3,4,0.01,3,2,200
vsize_+1_soft_0.860,pipeline_soft,0.86,0.00,17,27,11,11,0.2544,0.2754,0.1457,0.7132,0.1548,0.217,16951,6815,10864703,92539,109490,23766,26.99,5.81,4.12,vsize_+1,5,3,4,0.01,3,2,200
vsize_+1_soft_0.880,pipeline_soft,0.88,0.00,17,27,11,11,0.2544,0.2754,0.1457,0.7132,0.1548,0.217,16951,6815,10864703,92539,109490,23766,26.99,5.81,4.12,vsize_+1,5,3,4,0.01,3,2,200
vsize_+1_soft_0.900,pipeline_soft,0.9,0.00,17,27,11,11,0.2544,0.2754,0.1457,0.7132,0.1548,0.217,16951,6815,10864703,92539,109490,23766,26.99,5.81,4.12,vsize_+1,5,3,4,0.01,3,2,200
vsize_+1_soft_0.920,pipeline_soft,0.92,0.00,17,27,11,11,0.2544,0.2754,0.1457,0.7132,0.1548,0.217,16951,6815,10864703,92539,109490,23766,26.99,5.81,4.12,vsize_+1,5,3,4,0.01,3,2,200
vsize_+1_soft_0.940,pipeline_soft,0.94,0.00,17,27,11,11,0.2544,0.2754,0.1457,0.7132,0.1548,0.217,16951,6815,10864703,92539,109490,23766,26.99,5.81,4.12,vsize_+1,5,3,4,0.01,3,2,200
vsize_+1_soft_0.960,pipeline_soft,0.96,0.00,17,27,11,11,0.2544,0.2754,0.1457,0.7132,0.1548,0.217,16951,6815,10864703,92539,109490,23766,26.99,5.81,4.12,vsize_+1,5,3,4,0.01,3,2,200
vsize_+1_soft_0.980,pipeline_soft,0.98,0.00,17,27,11,11,0.2544,0.2754,0.1457,0.7132,0.1548,0.217,16951,6815,10864703,92539,109490,23766,26.99,5.81,4.12,vsize_+1,5,3,4,0.01,3,2,200
vsize_+2_std_+1_soft_0.000,pipeline_soft,0.0,0.00,25,27,11,11,0.3812,0.4297,0.2355,0.4138,0.3533,0.854,38686,54812,10816706,70804,109490,93498,26.99,21.83,10.04,vsize_+2_std_+1,6,4,4,0.01,3,2,200
vsize_+2_std_+1_soft_0.020,pipeline_soft,0.02,0.00,25,27,11,11,0.3812,0.4297,0.2355,0.4138,0.3533,0.854,38686,54812,10816706,70804,109490,93498,26.99,21.83,10.04,vsize_+2_std_+1,6,4,4,0.01,3,2,200
vsize_+2_std_+1_soft_0.040,pipeline_soft,0.04,0.00,25,27,11,11,0.3812,0.4297,0.2355,0.4138,0.3533,0.854,38686,54812,10816706,70804,109490,93498,26.99,21.83,10.04,vsize_+2_std_+1,6,4,4,0.01,3,2,200
vsize_+2_std_+1_soft_0.060,pipeline_soft,0.06,0.00,25,27,11,11,0.3812,0.4297,0.2355,0.4138,0.3533,0.854,38686,54812,10816706,70804,109490,93498,26.99,21.83,10.04,vsize_+2_std_+1,6,4,4,0.01,3,2,200
vsize_+2_std_+1_soft_0.080,pipeline_soft,0.08,0.00,25,27,11,11,0.3812,0.4297,0.2355,0.4138,0.3533,0.854,38686,54812,10816706,70804,109490,93498,26.99,21.83,10.04,vsize_+2_std_+1,6,4,4,0.01,3,2,200
vsize_+2_std_+1_soft_0.100,pipeline_soft,0.1,0.00,25,27,11,11,0.3812,0.4297,0.2355,0.4138,0.3533,0.854,38686,54812,10816706,70804,109490,93498,26.99,21.83,10.04,vsize_+2_std_+1,6,4,4,0.01,3,2,200
vsize_+2_std_+1_soft_0.120,pipeline_soft,0.12,0.00,25,27,11,11,0.3812,0.4297,0.2355,0.4138,0.3533,0.854,38686,54812,10816706,70804,109490,93498,26.99,21.83,10.04,vsize_+2_std_+1,6,4,4,0.01,3,2,200
vsize_+2_std_+1_soft_0.140,pipeline_soft,0.14,0.00,25,27,11,11,0.3812,0.4297,0.2355,0.4138,0.3533,0.854,38686,54812,10816706,70804,109490,93498,26.99,21.83,10.04,vsize_+2_std_+1,6,4,4,0.01,3,2,200
vsize_+2_std_+1_soft_0.160,pipeline_soft,0.16,0.00,25,27,11,11,0.3812,0.4297,0.2355,0.4138,0.3533,0.854,38686,54812,10816706,70804,109490,93498,26.99,21.83,10.04,vsize_+2_std_+1,6,4,4,0.01,3,2,200
vsize_+2_std_+1_soft_0.180,pipeline_soft,0.18,0.00,25,27,11,11,0.3812,0.4297,0.2355,0.4138,0.3533,0.854,38686,54812,10816706,70804,109490,93498,26.99,21.83,10.04,vsize_+2_std_+1,6,4,4,0.01,3,2,200
vsize_+2_std_+1_soft_0.200,pipeline_soft,0.2,0.00,25,27,11,11,0.3812,0.4297,0.2355,0.4138,0.3533,0.854,38686,54812,10816706,70804,109490,93498,26.99,21.83,10.04,vsize_+2_std_+1,6,4,4,0.01,3,2,200
vsize_+2_std_+1_soft_0.220,pipeline_soft,0.22,0.00,25,27,11,11,0.3812,0.4297,0.2355,0.4138,0.3533,0.854,38686,54812,10816706,70804,109490,93498,26.99,21.83,10.04,vsize_+2_std_+1,6,4,4,0.01,3,2,200
vsize_+2_std_+1_soft_0.240,pipeline_soft,0.24,0.00,25,27,11,11,0.3812,0.4297,0.2355,0.4138,0.3533,0.854,38686,54812,10816706,70804,109490,93498,26.99,21.83,10.04,vsize_+2_std_+1,6,4,4,0.01,3,2,200
vsize_+2_std_+1_soft_0.260,pipeline_soft,0.26,0.00,25,27,11,11,0.3812,0.4297,0.2355,0.4138,0.3533,0.854,38686,54812,10816706,70804,109490,93498,26.99,21.83,10.04,vsize_+2_std_+1,6,4,4,0.01,3,2,200
vsize_+2_std_+1_soft_0.280,pipeline_soft,0.28,0.00,25,27,11,11,0.3812,0.4297,0.2355,0.4138,0.3533,0.854,38686,54812,10816706,70804,109490,93498,26.99,21.83,10.04,vsize_+2_std_+1,6,4,4,0.01,3,2,200
vsize_+2_std_+1_soft_0.300,pipeline_soft,0.3,0.00,25,27,11,11,0.3812,0.4297,0.2355,0.4138,0.3533,0.854,38686,54812,10816706,70804,109490,93498,26.99,21.83,10.04,vsize_+2_std_+1,6,4,4,0.01,3,2,200
vsize_+2_std_+1_soft_0.320,pipeline_soft,0.32,0.00,25,27,11,11,0.3812,0.4297,0.2355,0.4138,0.3533,0.854,38686,54812,10816706,70804,109490,93498,26.99,21.83,10.04,vsize_+2_std_+1,6,4,4,0.01,3,2,200
vsize_+2_std_+1_soft_0.340,pipeline_soft,0.34,0.00,19,27,11,11,0.3473,0.3757,0.2101,0.5453,0.2548,0.467,27894,23264,10848254,81596,109490,51158,26.99,12.08,6.71,vsize_+2_std_+1,6,4,4,0.01,3,2,200
vsize_+2_std_+1_soft_0.360,pipeline_soft,0.36,0.00,19,27,11,11,0.3473,0.3757,0.2101,0.5453,0.2548,0.467,27894,23264,10848254,81596,109490,51158,26.99,12.08,6.71,vsize_+2_std_+1,6,4,4,0.01,3,2,200
vsize_+2_std_+1_soft_0.380,pipeline_soft,0.38,0.00,19,27,11,11,0.3473,0.3757,0.2101,0.5453,0.2548,0.467,27894,23264,10848254,81596,109490,51158,26.99,12.08,6.71,vsize_+2_std_+1,6,4,4,0.01,3,2,200
vsize_+2_std_+1_soft_0.400,pipeline_soft,0.4,0.00,19,27,11,11,0.3473,0.3757,0.2101,0.5453,0.2548,0.467,27894,23264,10848254,81596,109490,51158,26.99,12.08,6.71,vsize_+2_std_+1,6,4,4,0.01,3,2,200
vsize_+2_std_+1_soft_0.420,pipeline_soft,0.42,0.00,19,27,11,11,0.3473,0.3757,0.2101,0.5453,0.2548,0.467,27894,23264,10848254,81596,109490,51158,26.99,12.08,6.71,vsize_+2_std_+1,6,4,4,0.01,3,2,200
vsize_+2_std_+1_soft_0.440,pipeline_soft,0.44,0.00,19,27,11,11,0.3473,0.3757,0.2101,0.5453,0.2548,0.467,27894,23264,10848254,81596,109490,51158,26.99,12.08,6.71,vsize_+2_std_+1,6,4,4,0.01,3,2,200
vsize_+2_std_+1_soft_0.460,pipeline_soft,0.46,0.00,19,27,11,11,0.3473,0.3757,0.2101,0.5453,0.2548,0.467,27894,23264,10848254,81596,109490,51158,26.99,12.08,6.71,vsize_+2_std_+1,6,4,4,0.01,3,2,200
vsize_+2_std_+1_soft_0.480,pipeline_soft,0.48,0.00,19,27,11,11,0.3473,0.3757,0.2101,0.5453,0.2548,0.467,27894,23264,10848254,81596,109490,51158,26.99,12.08,6.71,vsize_+2_std_+1,6,4,4,0.01,3,2,200
vsize_+2_std_+1_soft_0.500,pipeline_soft,0.5,0.00,19,27,11,11,0.3473,0.3757,0.2101,0.5453,0.2548,0.467,27894,23264,10848254,81596,109490,51158,26.99,12.08,6.71,vsize_+2_std_+1,6,4,4,0.01,3,2,200
vsize_+2_std_+1_soft_0.520,pipeline_soft,0.52,0.00,19,27,11,11,0.3473,0.3757,0.2101,0.5453,0.2548,0.467,27894,23264,10848254,81596,109490,51158,26.99,12.08,6.71,vsize_+2_std_+1,6,4,4,0.01,3,2,200
vsize_+2_std_+1_soft_0.540,pipeline_soft,0.54,0.00,19,27,11,11,0.3473,0.3757,0.2101,0.5453,0.2548,0.467,27894,23264,10848254,81596,109490,51158,26.99,12.08,6.71,vsize_+2_std_+1,6,4,4,0.01,3,2,200
vsize_+2_std_+1_soft_0.560,pipeline_soft,0.56,0.00,19,27,11,11,0.3473,0.3757,0.2101,0.5453,0.2548,0.467,27894,23264,10848254,81596,109490,51158,26.99,12.08,6.71,vsize_+2_std_+1,6,4,4,0.01,3,2,200
vsize_+2_std_+1_soft_0.580,pipeline_soft,0.58,0.00,19,27,11,11,0.3473,0.3757,0.2101,0.5453,0.2548,0.467,27894,23264,10848254,81596,109490,51158,26.99,12.08,6.71,vsize_+2_std_+1,6,4,4,0.01,3,2,200
vsize_+2_std_+1_soft_0.600,pipeline_soft,0.6,0.00,19,27,11,11,0.3473,0.3757,0.2101,0.5453,0.2548,0.467,27894,23264,10848254,81596,109490,51158,26.99,12.08,6.71,vsize_+2_std_+1,6,4,4,0.01,3,2,200
vsize_+2_std_+1_soft_0.620,pipeline_soft,0.62,0.00,19,27,11,11,0.3473,0.3757,0.2101,0.5453,0.2548,0.467,27894,23264,10848254,81596,109490,51158,26.99,12.08,6.71,vsize_+2_std_+1,6,4,4,0.01,3,2,200
vsize_+2_std_+1_soft_0.640,pipeline_soft,0.64,0.00,19,27,11,11,0.3473,0.3757,0.2101,0.5453,0.2548,0.467,27894,23264,10848254,81596,109490,51158,26.99,12.08,6.71,vsize_+2_std_+1,6,4,4,0.01,3,2,200
vsize_+2_std_+1_soft_0.660,pipeline_soft,0.66,0.00,19,27,11,11,0.3473,0.3757,0.2101,0.5453,0.2548,0.467,27894,23264,10848254,81596,109490,51158,26.99,12.08,6.71,vsize_+2_std_+1,6,4,4,0.01,3,2,200
vsize_+2_std_+1_soft_0.680,pipeline_soft,0.68,0.00,18,27,11,11,0.2759,0.2828,0.1600,0.6770,0.1732,0.256,18965,9047,10862471,90525,109490,28012,26.99,6.45,4.29,vsize_+2_std_+1,6,4,4,0.01,3,2,200
vsize_+2_std_+1_soft_0.700,pipeline_soft,0.7,0.00,18,27,11,11,0.2759,0.2828,0.1600,0.6770,0.1732,0.256,18965,9047,10862471,90525,109490,28012,26.99,6.45,4.29,vsize_+2_std_+1,6,4,4,0.01,3,2,200
vsize_+2_std_+1_soft_0.720,pipeline_soft,0.72,0.00,18,27,11,11,0.2759,0.2828,0.1600,0.6770,0.1732,0.256,18965,9047,10862471,90525,109490,28012,26.99,6.45,4.29,vsize_+2_std_+1,6,4,4,0.01,3,2,200
vsize_+2_std_+1_soft_0.740,pipeline_soft,0.74,0.00,18,27,11,11,0.2759,0.2828,0.1600,0.6770,0.1732,0.256,18965,9047,10862471,90525,109490,28012,26.99,6.45,4.29,vsize_+2_std_+1,6,4,4,0.01,3,2,200
vsize_+2_std_+1_soft_0.760,pipeline_soft,0.76,0.00,18,27,11,11,0.2759,0.2828,0.1600,0.6770,0.1732,0.256,18965,9047,10862471,90525,109490,28012,26.99,6.45,4.29,vsize_+2_std_+1,6,4,4,0.01,3,2,200
vsize_+2_std_+1_soft_0.780,pipeline_soft,0.78,0.00,18,27,11,11,0.2759,0.2828,0.1600,0.6770,0.1732,0.256,18965,9047,10862471,90525,109490,28012,26.99,6.45,4.29,vsize_+2_std_+1,6,4,4,0.01,3,2,200
vsize_+2_std_+1_soft_0.800,pipeline_soft,0.8,0.00,18,27,11,11,0.2759,0.2828,0.1600,0.6770,0.1732,0.256,18965,9047,10862471,90525,109490,28012,26.99,6.45,4.29,vsize_+2_std_+1,6,4,4,0.01,3,2,200
vsize_+2_std_+1_soft_0.820,pipeline_soft,0.82,0.00,18,27,11,11,0.2759,0.2828,0.1600,0.6770,0.1732,0.256,18965,9047,10862471,90525,109490,28012,26.99,6.45,4.29,vsize_+2_std_+1,6,4,4,0.01,3,2,200
vsize_+2_std_+1_soft_0.840,pipeline_soft,0.84,0.00,18,27,11,11,0.2759,0.2828,0.1600,0.6770,0.1732,0.256,18965,9047,10862471,90525,109490,28012,26.99,6.45,4.29,vsize_+2_std_+1,6,4,4,0.01,3,2,200
vsize_+2_std_+1_soft_0.860,pipeline_soft,0.86,0.00,18,27,11,11,0.2759,0.2828,0.1600,0.6770,0.1732,0.256,18965,9047,10862471,90525,109490,28012,26.99,6.45,4.29,vsize_+2_std_+1,6,4,4,0.01,3,2,200
vsize_+2_std_+1_soft_0.880,pipeline_soft,0.88,0.00,18,27,11,11,0.2759,0.2828,0.1600,0.6770,0.1732,0.256,18965,9047,10862471,90525,109490,28012,26.99,6.45,4.29,vsize_+2_std_+1,6,4,4,0.01,3,2,200
vsize_+2_std_+1_soft_0.900,pipeline_soft,0.9,0.00,18,27,11,11,0.2759,0.2828,0.1600,0.6770,0.1732,0.256,18965,9047,10862471,90525,109490,28012,26.99,6.45,4.29,vsize_+2_std_+1,6,4,4,0.01,3,2,200
vsize_+2_std_+1_soft_0.920,pipeline_soft,0.92,0.00,18,27,11,11,0.2759,0.2828,0.1600,0.6770,0.1732,0.256,18965,9047,10862471,90525,109490,28012,26.99,6.45,4.29,vsize_+2_std_+1,6,4,4,0.01,3,2,200
vsize_+2_std_+1_soft_0.940,pipeline_soft,0.94,0.00,18,27,11,11,0.2759,0.2828,0.1600,0.6770,0.1732,0.256,18965,9047,10862471,90525,109490,28012,26.99,6.45,4.29,vsize_+2_std_+1,6,4,4,0.01,3,2,200
vsize_+2_std_+1_soft_0.960,pipeline_soft,0.96,0.00,18,27,11,11,0.2759,0.2828,0.1600,0.6770,0.1732,0.256,18965,9047,10862471,90525,109490,28012,26.99,6.45,4.29,vsize_+2_std_+1,6,4,4,0.01,3,2,200
vsize_+2_std_+1_soft_0.980,pipeline_soft,0.98,0.00,18,27,11,11,0.2759,0.2828,0.1600,0.6770,0.1732,0.256,18965,9047,10862471,90525,109490,28012,26.99,6.45,4.29,vsize_+2_std_+1,6,4,4,0.01,3,2,200
vsize_+4_std_+3_soft_0.000,pipeline_soft,0.0,0.00,25,27,11,11,0.3062,0.3690,0.1808,0.2513,0.3918,1.559,42894,127767,10743751,66596,109490,170661,26.99,31.92,10.31,vsize_+4_std_+3,8,6,4,0.01,3,2,200
vsize_+4_std_+3_soft_0.020,pipeline_soft,0.02,0.00,25,27,11,11,0.3062,0.3690,0.1808,0.2513,0.3918,1.559,42894,127767,10743751,66596,109490,170661,26.99,31.92,10.31,vsize_+4_std_+3,8,6,4,0.01,3,2,200
vsize_+4_std_+3_soft_0.040,pipeline_soft,0.04,0.00,25,27,11,11,0.3062,0.3690,0.1808,0.2513,0.3918,1.559,42894,127767,10743751,66596,109490,170661,26.99,31.92,10.31,vsize_+4_std_+3,8,6,4,0.01,3,2,200
vsize_+4_std_+3_soft_0.060,pipeline_soft,0.06,0.00,25,27,11,11,0.3062,0.3690,0.1808,0.2513,0.3918,1.559,42894,127767,10743751,66596,109490,170661,26.99,31.92,10.31,vsize_+4_std_+3,8,6,4,0.01,3,2,200
vsize_+4_std_+3_soft_0.080,pipeline_soft,0.08,0.00,25,27,11,11,0.3062,0.3690,0.1808,0.2513,0.3918,1.559,42894,127767,10743751,66596,109490,170661,26.99,31.92,10.31,vsize_+4_std_+3,8,6,4,0.01,3,2,200
vsize_+4_std_+3_soft_0.100,pipeline_soft,0.1,0.00,25,27,11,11,0.3062,0.3690,0.1808,0.2513,0.3918,1.559,42894,127767,10743751,66596,109490,170661,26.99,31.92,10.31,vsize_+4_std_+3,8,6,4,0.01,3,2,200
vsize_+4_std_+3_soft_0.120,pipeline_soft,0.12,0.00,25,27,11,11,0.3062,0.3690,0.1808,0.2513,0.3918,1.559,42894,127767,10743751,66596,109490,170661,26.99,31.92,10.31,vsize_+4_std_+3,8,6,4,0.01,3,2,200
vsize_+4_std_+3_soft_0.140,pipeline_soft,0.14,0.00,25,27,11,11,0.3062,0.3690,0.1808,0.2513,0.3918,1.559,42894,127767,10743751,66596,109490,170661,26.99,31.92,10.31,vsize_+4_std_+3,8,6,4,0.01,3,2,200
vsize_+4_std_+3_soft_0.160,pipeline_soft,0.16,0.00,25,27,11,11,0.3062,0.3690,0.1808,0.2513,0.3918,1.559,42894,127767,10743751,66596,109490,170661,26.99,31.92,10.31,vsize_+4_std_+3,8,6,4,0.01,3,2,200
vsize_+4_std_+3_soft_0.180,pipeline_soft,0.18,0.00,25,27,11,11,0.3062,0.3690,0.1808,0.2513,0.3918,1.559,42894,127767,10743751,66596,109490,170661,26.99,31.92,10.31,vsize_+4_std_+3,8,6,4,0.01,3,2,200
vsize_+4_std_+3_soft_0.200,pipeline_soft,0.2,0.00,25,27,11,11,0.3062,0.3690,0.1808,0.2513,0.3918,1.559,42894,127767,10743751,66596,109490,170661,26.99,31.92,10.31,vsize_+4_std_+3,8,6,4,0.01,3,2,200
vsize_+4_std_+3_soft_0.220,pipeline_soft,0.22,0.00,25,27,11,11,0.3062,0.3690,0.1808,0.2513,0.3918,1.559,42894,127767,10743751,66596,109490,170661,26.99,31.92,10.31,vsize_+4_std_+3,8,6,4,0.01,3,2,200
vsize_+4_std_+3_soft_0.240,pipeline_soft,0.24,0.00,25,27,11,11,0.3062,0.3690,0.1808,0.2513,0.3918,1.559,42894,127767,10743751,66596,109490,170661,26.99,31.92,10.31,vsize_+4_std_+3,8,6,4,0.01,3,2,200
vsize_+4_std_+3_soft_0.260,pipeline_soft,0.26,0.00,25,27,11,11,0.3062,0.3690,0.1808,0.2513,0.3918,1.559,42894,127767,10743751,66596,109490,170661,26.99,31.92,10.31,vsize_+4_std_+3,8,6,4,0.01,3,2,200
vsize_+4_std_+3_soft_0.280,pipeline_soft,0.28,0.00,25,27,11,11,0.3062,0.3690,0.1808,0.2513,0.3918,1.559,42894,127767,10743751,66596,109490,170661,26.99,31.92,10.31,vsize_+4_std_+3,8,6,4,0.01,3,2,200
vsize_+4_std_+3_soft_0.300,pipeline_soft,0.3,0.00,25,27,11,11,0.3062,0.3690,0.1808,0.2513,0.3918,1.559,42894,127767,10743751,66596,109490,170661,26.99,31.92,10.31,vsize_+4_std_+3,8,6,4,0.01,3,2,200
vsize_+4_std_+3_soft_0.320,pipeline_soft,0.32,0.00,25,27,11,11,0.3062,0.3690,0.1808,0.2513,0.3918,1.559,42894,127767,10743751,66596,109490,170661,26.99,31.92,10.31,vsize_+4_std_+3,8,6,4,0.01,3,2,200
vsize_+4_std_+3_soft_0.340,pipeline_soft,0.34,0.00,20,27,11,11,0.3261,0.3521,0.1948,0.3723,0.2901,0.779,31762,53547,10817971,77728,109490,85309,26.99,16.34,6.94,vsize_+4_std_+3,8,6,4,0.01,3,2,200
vsize_+4_std_+3_soft_0.360,pipeline_soft,0.36,0.00,20,27,11,11,0.3261,0.3521,0.1948,0.3723,0.2901,0.779,31762,53547,10817971,77728,109490,85309,26.99,16.34,6.94,vsize_+4_std_+3,8,6,4,0.01,3,2,200
vsize_+4_std_+3_soft_0.380,pipeline_soft,0.38,0.00,20,27,11,11,0.3261,0.3521,0.1948,0.3723,0.2901,0.779,31762,53547,10817971,77728,109490,85309,26.99,16.34,6.94,vsize_+4_std_+3,8,6,4,0.01,3,2,200
vsize_+4_std_+3_soft_0.400,pipeline_soft,0.4,0.00,20,27,11,11,0.3261,0.3521,0.1948,0.3723,0.2901,0.779,31762,53547,10817971,77728,109490,85309,26.99,16.34,6.94,vsize_+4_std_+3,8,6,4,0.01,3,2,200
vsize_+4_std_+3_soft_0.420,pipeline_soft,0.42,0.00,20,27,11,11,0.3261,0.3521,0.1948,0.3723,0.2901,0.779,31762,53547,10817971,77728,109490,85309,26.99,16.34,6.94,vsize_+4_std_+3,8,6,4,0.01,3,2,200
vsize_+4_std_+3_soft_0.440,pipeline_soft,0.44,0.00,20,27,11,11,0.3261,0.3521,0.1948,0.3723,0.2901,0.779,31762,53547,10817971,77728,109490,85309,26.99,16.34,6.94,vsize_+4_std_+3,8,6,4,0.01,3,2,200
vsize_+4_std_+3_soft_0.460,pipeline_soft,0.46,0.00,20,27,11,11,0.3261,0.3521,0.1948,0.3723,0.2901,0.779,31762,53547,10817971,77728,109490,85309,26.99,16.34,6.94,vsize_+4_std_+3,8,6,4,0.01,3,2,200
vsize_+4_std_+3_soft_0.480,pipeline_soft,0.48,0.00,20,27,11,11,0.3261,0.3521,0.1948,0.3723,0.2901,0.779,31762,53547,10817971,77728,109490,85309,26.99,16.34,6.94,vsize_+4_std_+3,8,6,4,0.01,3,2,200
vsize_+4_std_+3_soft_0.500,pipeline_soft,0.5,0.00,20,27,11,11,0.3261,0.3521,0.1948,0.3723,0.2901,0.779,31762,53547,10817971,77728,109490,85309,26.99,16.34,6.94,vsize_+4_std_+3,8,6,4,0.01,3,2,200
vsize_+4_std_+3_soft_0.520,pipeline_soft,0.52,0.00,20,27,11,11,0.3261,0.3521,0.1948,0.3723,0.2901,0.779,31762,53547,10817971,77728,109490,85309,26.99,16.34,6.94,vsize_+4_std_+3,8,6,4,0.01,3,2,200
vsize_+4_std_+3_soft_0.540,pipeline_soft,0.54,0.00,20,27,11,11,0.3261,0.3521,0.1948,0.3723,0.2901,0.779,31762,53547,10817971,77728,109490,85309,26.99,16.34,6.94,vsize_+4_std_+3,8,6,4,0.01,3,2,200
vsize_+4_std_+3_soft_0.560,pipeline_soft,0.56,0.00,20,27,11,11,0.3261,0.3521,0.1948,0.3723,0.2901,0.779,31762,53547,10817971,77728,109490,85309,26.99,16.34,6.94,vsize_+4_std_+3,8,6,4,0.01,3,2,200
vsize_+4_std_+3_soft_0.580,pipeline_soft,0.58,0.00,20,27,11,11,0.3261,0.3521,0.1948,0.3723,0.2901,0.779,31762,53547,10817971,77728,109490,85309,26.99,16.34,6.94,vsize_+4_std_+3,8,6,4,0.01,3,2,200
vsize_+4_std_+3_soft_0.600,pipeline_soft,0.6,0.00,20,27,11,11,0.3261,0.3521,0.1948,0.3723,0.2901,0.779,31762,53547,10817971,77728,109490,85309,26.99,16.34,6.94,vsize_+4_std_+3,8,6,4,0.01,3,2,200
vsize_+4_std_+3_soft_0.620,pipeline_soft,0.62,0.00,20,27,11,11,0.3261,0.3521,0.1948,0.3723,0.2901,0.779,31762,53547,10817971,77728,109490,85309,26.99,16.34,6.94,vsize_+4_std_+3,8,6,4,0.01,3,2,200
vsize_+4_std_+3_soft_0.640,pipeline_soft,0.64,0.00,20,27,11,11,0.3261,0.3521,0.1948,0.3723,0.2901,0.779,31762,53547,10817971,77728,109490,85309,26.99,16.34,6.94,vsize_+4_std_+3,8,6,4,0.01,3,2,200
vsize_+4_std_+3_soft_0.660,pipeline_soft,0.66,0.00,20,27,11,11,0.3261,0.3521,0.1948,0.3723,0.2901,0.779,31762,53547,10817971,77728,109490,85309,26.99,16.34,6.94,vsize_+4_std_+3,8,6,4,0.01,3,2,200
vsize_+4_std_+3_soft_0.680,pipeline_soft,0.68,0.00,15,27,11,11,0.2569,0.2387,0.1474,0.7276,0.1560,0.214,17078,6393,10865125,92412,109490,23471,26.99,4.51,3.45,vsize_+4_std_+3,8,6,4,0.01,3,2,200
vsize_+4_std_+3_soft_0.700,pipeline_soft,0.7,0.00,15,27,11,11,0.2569,0.2387,0.1474,0.7276,0.1560,0.214,17078,6393,10865125,92412,109490,23471,26.99,4.51,3.45,vsize_+4_std_+3,8,6,4,0.01,3,2,200
vsize_+4_std_+3_soft_0.720,pipeline_soft,0.72,0.00,15,27,11,11,0.2569,0.2387,0.1474,0.7276,0.1560,0.214,17078,6393,10865125,92412,109490,23471,26.99,4.51,3.45,vsize_+4_std_+3,8,6,4,0.01,3,2,200
vsize_+4_std_+3_soft_0.740,pipeline_soft,0.74,0.00,15,27,11,11,0.2569,0.2387,0.1474,0.7276,0.1560,0.214,17078,6393,10865125,92412,109490,23471,26.99,4.51,3.45,vsize_+4_std_+3,8,6,4,0.01,3,2,200
vsize_+4_std_+3_soft_0.760,pipeline_soft,0.76,0.00,15,27,11,11,0.2569,0.2387,0.1474,0.7276,0.1560,0.214,17078,6393,10865125,92412,109490,23471,26.99,4.51,3.45,vsize_+4_std_+3,8,6,4,0.01,3,2,200
vsize_+4_std_+3_soft_0.780,pipeline_soft,0.78,0.00,15,27,11,11,0.2569,0.2387,0.1474,0.7276,0.1560,0.214,17078,6393,10865125,92412,109490,23471,26.99,4.51,3.45,vsize_+4_std_+3,8,6,4,0.01,3,2,200
vsize_+4_std_+3_soft_0.800,pipeline_soft,0.8,0.00,15,27,11,11,0.2569,0.2387,0.1474,0.7276,0.1560,0.214,17078,6393,10865125,92412,109490,23471,26.99,4.51,3.45,vsize_+4_std_+3,8,6,4,0.01,3,2,200
vsize_+4_std_+3_soft_0.820,pipeline_soft,0.82,0.00,15,27,11,11,0.2569,0.2387,0.1474,0.7276,0.1560,0.214,17078,6393,10865125,92412,109490,23471,26.99,4.51,3.45,vsize_+4_std_+3,8,6,4,0.01,3,2,200
vsize_+4_std_+3_soft_0.840,pipeline_soft,0.84,0.00,15,27,11,11,0.2569,0.2387,0.1474,0.7276,0.1560,0.214,17078,6393,10865125,92412,109490,23471,26.99,4.51,3.45,vsize_+4_std_+3,8,6,4,0.01,3,2,200
vsize_+4_std_+3_soft_0.860,pipeline_soft,0.86,0.00,15,27,11,11,0.2569,0.2387,0.1474,0.7276,0.1560,0.214,17078,6393,10865125,92412,109490,23471,26.99,4.51,3.45,vsize_+4_std_+3,8,6,4,0.01,3,2,200
vsize_+4_std_+3_soft_0.880,pipeline_soft,0.88,0.00,15,27,11,11,0.2569,0.2387,0.1474,0.7276,0.1560,0.214,17078,6393,10865125,92412,109490,23471,26.99,4.51,3.45,vsize_+4_std_+3,8,6,4,0.01,3,2,200
vsize_+4_std_+3_soft_0.900,pipeline_soft,0.9,0.00,15,27,11,11,0.2569,0.2387,0.1474,0.7276,0.1560,0.214,17078,6393,10865125,92412,109490,23471,26.99,4.51,3.45,vsize_+4_std_+3,8,6,4,0.01,3,2,200
vsize_+4_std_+3_soft_0.920,pipeline_soft,0.92,0.00,15,27,11,11,0.2569,0.2387,0.1474,0.7276,0.1560,0.214,17078,6393,10865125,92412,109490,23471,26.99,4.51,3.45,vsize_+4_std_+3,8,6,4,0.01,3,2,200
vsize_+4_std_+3_soft_0.940,pipeline_soft,0.94,0.00,15,27,11,11,0.2569,0.2387,0.1474,0.7276,0.1560,0.214,17078,6393,10865125,92412,109490,23471,26.99,4.51,3.45,vsize_+4_std_+3,8,6,4,0.01,3,2,200
vsize_+4_std_+3_soft_0.960,pipeline_soft,0.96,0.00,15,27,11,11,0.2569,0.2387,0.1474,0.7276,0.1560,0.214,17078,6393,10865125,92412,109490,23471,26.99,4.51,3.45,vsize_+4_std_+3,8,6,4,0.01,3,2,200
vsize_+4_std_+3_soft_0.980,pipeline_soft,0.98,0.00,15,27,11,11,0.2569,0.2387,0.1474,0.7276,0.1560,0.214,17078,6393,10865125,92412,109490,23471,26.99,4.51,3.45,vsize_+4_std_+3,8,6,4,0.01,3,2,200
vsize_+6_std_+4_soft_0.000,pipeline_soft,0.0,0.00,25,27,10,11,0.2567,0.3610,0.1473,0.1760,0.4743,2.695,51929,243109,10628409,57561,109490,295038,26.99,36.19,10.60,vsize_+6_std_+4,10,7,4,0.01,3,2,200
vsize_+6_std_+4_soft_0.020,pipeline_soft,0.02,0.00,25,27,10,11,0.2567,0.3610,0.1473,0.1760,0.4743,2.695,51929,243109,10628409,57561,109490,295038,26.99,36.19,10.60,vsize_+6_std_+4,10,7,4,0.01,3,2,200
vsize_+6_std_+4_soft_0.040,pipeline_soft,0.04,0.00,25,27,10,11,0.2567,0.3610,0.1473,0.1760,0.4743,2.695,51929,243109,10628409,57561,109490,295038,26.99,36.19,10.60,vsize_+6_std_+4,10,7,4,0.01,3,2,200
vsize_+6_std_+4_soft_0.060,pipeline_soft,0.06,0.00,25,27,10,11,0.2567,0.3610,0.1473,0.1760,0.4743,2.695,51929,243109,10628409,57561,109490,295038,26.99,36.19,10.60,vsize_+6_std_+4,10,7,4,0.01,3,2,200
vsize_+6_std_+4_soft_0.080,pipeline_soft,0.08,0.00,25,27,10,11,0.2567,0.3610,0.1473,0.1760,0.4743,2.695,51929,243109,10628409,57561,109490,295038,26.99,36.19,10.60,vsize_+6_std_+4,10,7,4,0.01,3,2,200
vsize_+6_std_+4_soft_0.100,pipeline_soft,0.1,0.00,25,27,10,11,0.2567,0.3610,0.1473,0.1760,0.4743,2.695,51929,243109,10628409,57561,109490,295038,26.99,36.19,10.60,vsize_+6_std_+4,10,7,4,0.01,3,2,200
vsize_+6_std_+4_soft_0.120,pipeline_soft,0.12,0.00,25,27,10,11,0.2567,0.3610,0.1473,0.1760,0.4743,2.695,51929,243109,10628409,57561,109490,295038,26.99,36.19,10.60,vsize_+6_std_+4,10,7,4,0.01,3,2,200
vsize_+6_std_+4_soft_0.140,pipeline_soft,0.14,0.00,25,27,10,11,0.2567,0.3610,0.1473,0.1760,0.4743,2.695,51929,243109,10628409,57561,109490,295038,26.99,36.19,10.60,vsize_+6_std_+4,10,7,4,0.01,3,2,200
vsize_+6_std_+4_soft_0.160,pipeline_soft,0.16,0.00,25,27,10,11,0.2567,0.3610,0.1473,0.1760,0.4743,2.695,51929,243109,10628409,57561,109490,295038,26.99,36.19,10.60,vsize_+6_std_+4,10,7,4,0.01,3,2,200
vsize_+6_std_+4_soft_0.180,pipeline_soft,0.18,0.00,25,27,10,11,0.2567,0.3610,0.1473,0.1760,0.4743,2.695,51929,243109,10628409,57561,109490,295038,26.99,36.19,10.60,vsize_+6_std_+4,10,7,4,0.01,3,2,200
vsize_+6_std_+4_soft_0.200,pipeline_soft,0.2,0.00,25,27,10,11,0.2567,0.3610,0.1473,0.1760,0.4743,2.695,51929,243109,10628409,57561,109490,295038,26.99,36.19,10.60,vsize_+6_std_+4,10,7,4,0.01,3,2,200
vsize_+6_std_+4_soft_0.220,pipeline_soft,0.22,0.00,25,27,10,11,0.2567,0.3610,0.1473,0.1760,0.4743,2.695,51929,243109,10628409,57561,109490,295038,26.99,36.19,10.60,vsize_+6_std_+4,10,7,4,0.01,3,2,200
vsize_+6_std_+4_soft_0.240,pipeline_soft,0.24,0.00,25,27,10,11,0.2567,0.3610,0.1473,0.1760,0.4743,2.695,51929,243109,10628409,57561,109490,295038,26.99,36.19,10.60,vsize_+6_std_+4,10,7,4,0.01,3,2,200
vsize_+6_std_+4_soft_0.260,pipeline_soft,0.26,0.00,25,27,10,11,0.2567,0.3610,0.1473,0.1760,0.4743,2.695,51929,243109,10628409,57561,109490,295038,26.99,36.19,10.60,vsize_+6_std_+4,10,7,4,0.01,3,2,200
vsize_+6_std_+4_soft_0.280,pipeline_soft,0.28,0.00,25,27,10,11,0.2567,0.3610,0.1473,0.1760,0.4743,2.695,51929,243109,10628409,57561,109490,295038,26.99,36.19,10.60,vsize_+6_std_+4,10,7,4,0.01,3,2,200
vsize_+6_std_+4_soft_0.300,pipeline_soft,0.3,0.00,25,27,10,11,0.2567,0.3610,0.1473,0.1760,0.4743,2.695,51929,243109,10628409,57561,109490,295038,26.99,36.19,10.60,vsize_+6_std_+4,10,7,4,0.01,3,2,200
vsize_+6_std_+4_soft_0.320,pipeline_soft,0.32,0.00,25,27,10,11,0.2567,0.3610,0.1473,0.1760,0.4743,2.695,51929,243109,10628409,57561,109490,295038,26.99,36.19,10.60,vsize_+6_std_+4,10,7,4,0.01,3,2,200
vsize_+6_std_+4_soft_0.340,pipeline_soft,0.34,0.00,16,27,11,11,0.2765,0.2855,0.1604,0.2765,0.2764,0.999,30259,79159,10792359,79231,109490,109418,26.99,16.37,5.48,vsize_+6_std_+4,10,7,4,0.01,3,2,200
vsize_+6_std_+4_soft_0.360,pipeline_soft,0.36,0.01,16,27,11,11,0.2765,0.2855,0.1604,0.2765,0.2764,0.999,30259,79159,10792359,79231,109490,109418,26.99,16.37,5.48,vsize_+6_std_+4,10,7,4,0.01,3,2,200
vsize_+6_std_+4_soft_0.380,pipeline_soft,0.38,0.00,16,27,11,11,0.2765,0.2855,0.1604,0.2765,0.2764,0.999,30259,79159,10792359,79231,109490,109418,26.99,16.37,5.48,vsize_+6_std_+4,10,7,4,0.01,3,2,200
vsize_+6_std_+4_soft_0.400,pipeline_soft,0.4,0.00,16,27,11,11,0.2765,0.2855,0.1604,0.2765,0.2764,0.999,30259,79159,10792359,79231,109490,109418,26.99,16.37,5.48,vsize_+6_std_+4,10,7,4,0.01,3,2,200
vsize_+6_std_+4_soft_0.420,pipeline_soft,0.42,0.00,16,27,11,11,0.2765,0.2855,0.1604,0.2765,0.2764,0.999,30259,79159,10792359,79231,109490,109418,26.99,16.37,5.48,vsize_+6_std_+4,10,7,4,0.01,3,2,200
vsize_+6_std_+4_soft_0.440,pipeline_soft,0.44,0.00,16,27,11,11,0.2765,0.2855,0.1604,0.2765,0.2764,0.999,30259,79159,10792359,79231,109490,109418,26.99,16.37,5.48,vsize_+6_std_+4,10,7,4,0.01,3,2,200
vsize_+6_std_+4_soft_0.460,pipeline_soft,0.46,0.00,16,27,11,11,0.2765,0.2855,0.1604,0.2765,0.2764,0.999,30259,79159,10792359,79231,109490,109418,26.99,16.37,5.48,vsize_+6_std_+4,10,7,4,0.01,3,2,200
vsize_+6_std_+4_soft_0.480,pipeline_soft,0.48,0.00,16,27,11,11,0.2765,0.2855,0.1604,0.2765,0.2764,0.999,30259,79159,10792359,79231,109490,109418,26.99,16.37,5.48,vsize_+6_std_+4,10,7,4,0.01,3,2,200
vsize_+6_std_+4_soft_0.500,pipeline_soft,0.5,0.00,16,27,11,11,0.2765,0.2855,0.1604,0.2765,0.2764,0.999,30259,79159,10792359,79231,109490,109418,26.99,16.37,5.48,vsize_+6_std_+4,10,7,4,0.01,3,2,200
vsize_+6_std_+4_soft_0.520,pipeline_soft,0.52,0.00,16,27,11,11,0.2765,0.2855,0.1604,0.2765,0.2764,0.999,30259,79159,10792359,79231,109490,109418,26.99,16.37,5.48,vsize_+6_std_+4,10,7,4,0.01,3,2,200
vsize_+6_std_+4_soft_0.540,pipeline_soft,0.54,0.00,16,27,11,11,0.2765,0.2855,0.1604,0.2765,0.2764,0.999,30259,79159,10792359,79231,109490,109418,26.99,16.37,5.48,vsize_+6_std_+4,10,7,4,0.01,3,2,200
vsize_+6_std_+4_soft_0.560,pipeline_soft,0.56,0.00,16,27,11,11,0.2765,0.2855,0.1604,0.2765,0.2764,0.999,30259,79159,10792359,79231,109490,109418,26.99,16.37,5.48,vsize_+6_std_+4,10,7,4,0.01,3,2,200
vsize_+6_std_+4_soft_0.580,pipeline_soft,0.58,0.00,16,27,11,11,0.2765,0.2855,0.1604,0.2765,0.2764,0.999,30259,79159,10792359,79231,109490,109418,26.99,16.37,5.48,vsize_+6_std_+4,10,7,4,0.01,3,2,200
vsize_+6_std_+4_soft_0.600,pipeline_soft,0.6,0.00,16,27,11,11,0.2765,0.2855,0.1604,0.2765,0.2764,0.999,30259,79159,10792359,79231,109490,109418,26.99,16.37,5.48,vsize_+6_std_+4,10,7,4,0.01,3,2,200
vsize_+6_std_+4_soft_0.620,pipeline_soft,0.62,0.00,16,27,11,11,0.2765,0.2855,0.1604,0.2765,0.2764,0.999,30259,79159,10792359,79231,109490,109418,26.99,16.37,5.48,vsize_+6_std_+4,10,7,4,0.01,3,2,200
vsize_+6_std_+4_soft_0.640,pipeline_soft,0.64,0.00,16,27,11,11,0.2765,0.2855,0.1604,0.2765,0.2764,0.999,30259,79159,10792359,79231,109490,109418,26.99,16.37,5.48,vsize_+6_std_+4,10,7,4,0.01,3,2,200
vsize_+6_std_+4_soft_0.660,pipeline_soft,0.66,0.00,16,27,11,11,0.2765,0.2855,0.1604,0.2765,0.2764,0.999,30259,79159,10792359,79231,109490,109418,26.99,16.37,5.48,vsize_+6_std_+4,10,7,4,0.01,3,2,200
vsize_+6_std_+4_soft_0.680,pipeline_soft,0.68,0.00,12,27,11,11,0.2415,0.2225,0.1373,0.6521,0.1482,0.227,16222,8655,10862863,93268,109490,24877,26.99,4.12,3.02,vsize_+6_std_+4,10,7,4,0.01,3,2,200
vsize_+6_std_+4_soft_0.700,pipeline_soft,0.7,0.00,12,27,11,11,0.2415,0.2225,0.1373,0.6521,0.1482,0.227,16222,8655,10862863,93268,109490,24877,26.99,4.12,3.02,vsize_+6_std_+4,10,7,4,0.01,3,2,200
vsize_+6_std_+4_soft_0.720,pipeline_soft,0.72,0.00,12,27,11,11,0.2415,0.2225,0.1373,0.6521,0.1482,0.227,16222,8655,10862863,93268,109490,24877,26.99,4.12,3.02,vsize_+6_std_+4,10,7,4,0.01,3,2,200
vsize_+6_std_+4_soft_0.740,pipeline_soft,0.74,0.00,12,27,11,11,0.2415,0.2225,0.1373,0.6521,0.1482,0.227,16222,8655,10862863,93268,109490,24877,26.99,4.12,3.02,vsize_+6_std_+4,10,7,4,0.01,3,2,200
vsize_+6_std_+4_soft_0.760,pipeline_soft,0.76,0.00,12,27,11,11,0.2415,0.2225,0.1373,0.6521,0.1482,0.227,16222,8655,10862863,93268,109490,24877,26.99,4.12,3.02,vsize_+6_std_+4,10,7,4,0.01,3,2,200
vsize_+6_std_+4_soft_0.780,pipeline_soft,0.78,0.00,12,27,11,11,0.2415,0.2225,0.1373,0.6521,0.1482,0.227,16222,8655,10862863,93268,109490,24877,26.99,4.12,3.02,vsize_+6_std_+4,10,7,4,0.01,3,2,200
vsize_+6_std_+4_soft_0.800,pipeline_soft,0.8,0.00,12,27,11,11,0.2415,0.2225,0.1373,0.6521,0.1482,0.227,16222,8655,10862863,93268,109490,24877,26.99,4.12,3.02,vsize_+6_std_+4,10,7,4,0.01,3,2,200
vsize_+6_std_+4_soft_0.820,pipeline_soft,0.82,0.01,12,27,11,11,0.2415,0.2225,0.1373,0.6521,0.1482,0.227,16222,8655,10862863,93268,109490,24877,26.99,4.12,3.02,vsize_+6_std_+4,10,7,4,0.01,3,2,200
vsize_+6_std_+4_soft_0.840,pipeline_soft,0.84,0.00,12,27,11,11,0.2415,0.2225,0.1373,0.6521,0.1482,0.227,16222,8655,10862863,93268,109490,24877,26.99,4.12,3.02,vsize_+6_std_+4,10,7,4,0.01,3,2,200
vsize_+6_std_+4_soft_0.860,pipeline_soft,0.86,0.01,12,27,11,11,0.2415,0.2225,0.1373,0.6521,0.1482,0.227,16222,8655,10862863,93268,109490,24877,26.99,4.12,3.02,vsize_+6_std_+4,10,7,4,0.01,3,2,200
vsize_+6_std_+4_soft_0.880,pipeline_soft,0.88,0.00,12,27,11,11,0.2415,0.2225,0.1373,0.6521,0.1482,0.227,16222,8655,10862863,93268,109490,24877,26.99,4.12,3.02,vsize_+6_std_+4,10,7,4,0.01,3,2,200
vsize_+6_std_+4_soft_0.900,pipeline_soft,0.9,0.00,12,27,11,11,0.2415,0.2225,0.1373,0.6521,0.1482,0.227,16222,8655,10862863,93268,109490,24877,26.99,4.12,3.02,vsize_+6_std_+4,10,7,4,0.01,3,2,200
vsize_+6_std_+4_soft_0.920,pipeline_soft,0.92,0.01,12,27,11,11,0.2415,0.2225,0.1373,0.6521,0.1482,0.227,16222,8655,10862863,93268,109490,24877,26.99,4.12,3.02,vsize_+6_std_+4,10,7,4,0.01,3,2,200
vsize_+6_std_+4_soft_0.940,pipeline_soft,0.94,0.00,12,27,11,11,0.2415,0.2225,0.1373,0.6521,0.1482,0.227,16222,8655,10862863,93268,109490,24877,26.99,4.12,3.02,vsize_+6_std_+4,10,7,4,0.01,3,2,200
vsize_+6_std_+4_soft_0.960,pipeline_soft,0.96,0.00,12,27,11,11,0.2415,0.2225,0.1373,0.6521,0.1482,0.227,16222,8655,10862863,93268,109490,24877,26.99,4.12,3.02,vsize_+6_std_+4,10,7,4,0.01,3,2,200
vsize_+6_std_+4_soft_0.980,pipeline_soft,0.98,0.00,12,27,11,11,0.2415,0.2225,0.1373,0.6521,0.1482,0.227,16222,8655,10862863,93268,109490,24877,26.99,4.12,3.02,vsize_+6_std_+4,10,7,4,0.01,3,2,200
strength_-1_soft_0.000,pipeline_soft,0.0,0.01,25,27,11,11,0.3611,0.4278,0.2203,0.4707,0.2929,0.622,32066,36065,10835453,77424,109490,68131,26.99,19.84,9.79,strength_-1,4,3,3,0.01,3,2,200
strength_-1_soft_0.020,pipeline_soft,0.02,0.00,25,27,11,11,0.3611,0.4278,0.2203,0.4707,0.2929,0.622,32066,36065,10835453,77424,109490,68131,26.99,19.84,9.79,strength_-1,4,3,3,0.01,3,2,200
strength_-1_soft_0.040,pipeline_soft,0.04,0.00,25,27,11,11,0.3611,0.4278,0.2203,0.4707,0.2929,0.622,32066,36065,10835453,77424,109490,68131,26.99,19.84,9.79,strength_-1,4,3,3,0.01,3,2,200
strength_-1_soft_0.060,pipeline_soft,0.06,0.00,25,27,11,11,0.3611,0.4278,0.2203,0.4707,0.2929,0.622,32066,36065,10835453,77424,109490,68131,26.99,19.84,9.79,strength_-1,4,3,3,0.01,3,2,200
strength_-1_soft_0.080,pipeline_soft,0.08,0.00,25,27,11,11,0.3611,0.4278,0.2203,0.4707,0.2929,0.622,32066,36065,10835453,77424,109490,68131,26.99,19.84,9.79,strength_-1,4,3,3,0.01,3,2,200
strength_-1_soft_0.100,pipeline_soft,0.1,0.00,25,27,11,11,0.3611,0.4278,0.2203,0.4707,0.2929,0.622,32066,36065,10835453,77424,109490,68131,26.99,19.84,9.79,strength_-1,4,3,3,0.01,3,2,200
strength_-1_soft_0.120,pipeline_soft,0.12,0.01,25,27,11,11,0.3611,0.4278,0.2203,0.4707,0.2929,0.622,32066,36065,10835453,77424,109490,68131,26.99,19.84,9.79,strength_-1,4,3,3,0.01,3,2,200
strength_-1_soft_0.140,pipeline_soft,0.14,0.00,25,27,11,11,0.3611,0.4278,0.2203,0.4707,0.2929,0.622,32066,36065,10835453,77424,109490,68131,26.99,19.84,9.79,strength_-1,4,3,3,0.01,3,2,200
strength_-1_soft_0.160,pipeline_soft,0.16,0.00,25,27,11,11,0.3611,0.4278,0.2203,0.4707,0.2929,0.622,32066,36065,10835453,77424,109490,68131,26.99,19.84,9.79,strength_-1,4,3,3,0.01,3,2,200
strength_-1_soft_0.180,pipeline_soft,0.18,0.00,25,27,11,11,0.3611,0.4278,0.2203,0.4707,0.2929,0.622,32066,36065,10835453,77424,109490,68131,26.99,19.84,9.79,strength_-1,4,3,3,0.01,3,2,200
strength_-1_soft_0.200,pipeline_soft,0.2,0.00,25,27,11,11,0.3611,0.4278,0.2203,0.4707,0.2929,0.622,32066,36065,10835453,77424,109490,68131,26.99,19.84,9.79,strength_-1,4,3,3,0.01,3,2,200
strength_-1_soft_0.220,pipeline_soft,0.22,0.00,25,27,11,11,0.3611,0.4278,0.2203,0.4707,0.2929,0.622,32066,36065,10835453,77424,109490,68131,26.99,19.84,9.79,strength_-1,4,3,3,0.01,3,2,200
strength_-1_soft_0.240,pipeline_soft,0.24,0.00,25,27,11,11,0.3611,0.4278,0.2203,0.4707,0.2929,0.622,32066,36065,10835453,77424,109490,68131,26.99,19.84,9.79,strength_-1,4,3,3,0.01,3,2,200
strength_-1_soft_0.260,pipeline_soft,0.26,0.00,25,27,11,11,0.3611,0.4278,0.2203,0.4707,0.2929,0.622,32066,36065,10835453,77424,109490,68131,26.99,19.84,9.79,strength_-1,4,3,3,0.01,3,2,200
strength_-1_soft_0.280,pipeline_soft,0.28,0.00,25,27,11,11,0.3611,0.4278,0.2203,0.4707,0.2929,0.622,32066,36065,10835453,77424,109490,68131,26.99,19.84,9.79,strength_-1,4,3,3,0.01,3,2,200
strength_-1_soft_0.300,pipeline_soft,0.3,0.00,25,27,11,11,0.3611,0.4278,0.2203,0.4707,0.2929,0.622,32066,36065,10835453,77424,109490,68131,26.99,19.84,9.79,strength_-1,4,3,3,0.01,3,2,200
strength_-1_soft_0.320,pipeline_soft,0.32,0.00,25,27,11,11,0.3611,0.4278,0.2203,0.4707,0.2929,0.622,32066,36065,10835453,77424,109490,68131,26.99,19.84,9.79,strength_-1,4,3,3,0.01,3,2,200
strength_-1_soft_0.340,pipeline_soft,0.34,0.00,18,27,11,11,0.2804,0.2988,0.1630,0.6062,0.1824,0.301,19967,12970,10858548,89523,109490,32937,26.99,9.54,5.20,strength_-1,4,3,3,0.01,3,2,200
strength_-1_soft_0.360,pipeline_soft,0.36,0.00,18,27,11,11,0.2804,0.2988,0.1630,0.6062,0.1824,0.301,19967,12970,10858548,89523,109490,32937,26.99,9.54,5.20,strength_-1,4,3,3,0.01,3,2,200
strength_-1_soft_0.380,pipeline_soft,0.38,0.00,18,27,11,11,0.2804,0.2988,0.1630,0.6062,0.1824,0.301,19967,12970,10858548,89523,109490,32937,26.99,9.54,5.20,strength_-1,4,3,3,0.01,3,2,200
strength_-1_soft_0.400,pipeline_soft,0.4,0.00,18,27,11,11,0.2804,0.2988,0.1630,0.6062,0.1824,0.301,19967,12970,10858548,89523,109490,32937,26.99,9.54,5.20,strength_-1,4,3,3,0.01,3,2,200
strength_-1_soft_0.420,pipeline_soft,0.42,0.00,18,27,11,11,0.2804,0.2988,0.1630,0.6062,0.1824,0.301,19967,12970,10858548,89523,109490,32937,26.99,9.54,5.20,strength_-1,4,3,3,0.01,3,2,200
strength_-1_soft_0.440,pipeline_soft,0.44,0.00,18,27,11,11,0.2804,0.2988,0.1630,0.6062,0.1824,0.301,19967,12970,10858548,89523,109490,32937,26.99,9.54,5.20,strength_-1,4,3,3,0.01,3,2,200
strength_-1_soft_0.460,pipeline_soft,0.46,0.00,18,27,11,11,0.2804,0.2988,0.1630,0.6062,0.1824,0.301,19967,12970,10858548,89523,109490,32937,26.99,9.54,5.20,strength_-1,4,3,3,0.01,3,2,200
strength_-1_soft_0.480,pipeline_soft,0.48,0.00,18,27,11,11,0.2804,0.2988,0.1630,0.6062,0.1824,0.301,19967,12970,10858548,89523,109490,32937,26.99,9.54,5.20,strength_-1,4,3,3,0.01,3,2,200
strength_-1_soft_0.500,pipeline_soft,0.5,0.00,18,27,11,11,0.2804,0.2988,0.1630,0.6062,0.1824,0.301,19967,12970,10858548,89523,109490,32937,26.99,9.54,5.20,strength_-1,4,3,3,0.01,3,2,200
strength_-1_soft_0.520,pipeline_soft,0.52,0.00,18,27,11,11,0.2804,0.2988,0.1630,0.6062,0.1824,0.301,19967,12970,10858548,89523,109490,32937,26.99,9.54,5.20,strength_-1,4,3,3,0.01,3,2,200
strength_-1_soft_0.540,pipeline_soft,0.54,0.00,18,27,11,11,0.2804,0.2988,0.1630,0.6062,0.1824,0.301,19967,12970,10858548,89523,109490,32937,26.99,9.54,5.20,strength_-1,4,3,3,0.01,3,2,200
strength_-1_soft_0.560,pipeline_soft,0.56,0.00,18,27,11,11,0.2804,0.2988,0.1630,0.6062,0.1824,0.301,19967,12970,10858548,89523,109490,32937,26.99,9.54,5.20,strength_-1,4,3,3,0.01,3,2,200
strength_-1_soft_0.580,pipeline_soft,0.58,0.00,18,27,11,11,0.2804,0.2988,0.1630,0.6062,0.1824,0.301,19967,12970,10858548,89523,109490,32937,26.99,9.54,5.20,strength_-1,4,3,3,0.01,3,2,200
strength_-1_soft_0.600,pipeline_soft,0.6,0.00,18,27,11,11,0.2804,0.2988,0.1630,0.6062,0.1824,0.301,19967,12970,10858548,89523,109490,32937,26.99,9.54,5.20,strength_-1,4,3,3,0.01,3,2,200
strength_-1_soft_0.620,pipeline_soft,0.62,0.00,18,27,11,11,0.2804,0.2988,0.1630,0.6062,0.1824,0.301,19967,12970,10858548,89523,109490,32937,26.99,9.54,5.20,strength_-1,4,3,3,0.01,3,2,200
strength_-1_soft_0.640,pipeline_soft,0.64,0.00,18,27,11,11,0.2804,0.2988,0.1630,0.6062,0.1824,0.301,19967,12970,10858548,89523,109490,32937,26.99,9.54,5.20,strength_-1,4,3,3,0.01,3,2,200
strength_-1_soft_0.660,pipeline_soft,0.66,0.00,18,27,11,11,0.2804,0.2988,0.1630,0.6062,0.1824,0.301,19967,12970,10858548,89523,109490,32937,26.99,9.54,5.20,strength_-1,4,3,3,0.01,3,2,200
strength_-1_soft_0.680,pipeline_soft,0.68,0.00,13,27,11,11,0.1874,0.1912,0.1034,0.7395,0.1073,0.145,11750,4140,10867378,97740,109490,15890,26.99,4.01,2.68,strength_-1,4,3,3,0.01,3,2,200
strength_-1_soft_0.700,pipeline_soft,0.7,0.01,13,27,11,11,0.1874,0.1912,0.1034,0.7395,0.1073,0.145,11750,4140,10867378,97740,109490,15890,26.99,4.01,2.68,strength_-1,4,3,3,0.01,3,2,200
strength_-1_soft_0.720,pipeline_soft,0.72,0.00,13,27,11,11,0.1874,0.1912,0.1034,0.7395,0.1073,0.145,11750,4140,10867378,97740,109490,15890,26.99,4.01,2.68,strength_-1,4,3,3,0.01,3,2,200
strength_-1_soft_0.740,pipeline_soft,0.74,0.00,13,27,11,11,0.1874,0.1912,0.1034,0.7395,0.1073,0.145,11750,4140,10867378,97740,109490,15890,26.99,4.01,2.68,strength_-1,4,3,3,0.01,3,2,200
strength_-1_soft_0.760,pipeline_soft,0.76,0.00,13,27,11,11,0.1874,0.1912,0.1034,0.7395,0.1073,0.145,11750,4140,10867378,97740,109490,15890,26.99,4.01,2.68,strength_-1,4,3,3,0.01,3,2,200
strength_-1_soft_0.780,pipeline_soft,0.78,0.00,13,27,11,11,0.1874,0.1912,0.1034,0.7395,0.1073,0.145,11750,4140,10867378,97740,109490,15890,26.99,4.01,2.68,strength_-1,4,3,3,0.01,3,2,200
strength_-1_soft_0.800,pipeline_soft,0.8,0.00,13,27,11,11,0.1874,0.1912,0.1034,0.7395,0.1073,0.145,11750,4140,10867378,97740,109490,15890,26.99,4.01,2.68,strength_-1,4,3,3,0.01,3,2,200
strength_-1_soft_0.820,pipeline_soft,0.82,0.00,13,27,11,11,0.1874,0.1912,0.1034,0.7395,0.1073,0.145,11750,4140,10867378,97740,109490,15890,26.99,4.01,2.68,strength_-1,4,3,3,0.01,3,2,200
strength_-1_soft_0.840,pipeline_soft,0.84,0.00,13,27,11,11,0.1874,0.1912,0.1034,0.7395,0.1073,0.145,11750,4140,10867378,97740,109490,15890,26.99,4.01,2.68,strength_-1,4,3,3,0.01,3,2,200
strength_-1_soft_0.860,pipeline_soft,0.86,0.00,13,27,11,11,0.1874,0.1912,0.1034,0.7395,0.1073,0.145,11750,4140,10867378,97740,109490,15890,26.99,4.01,2.68,strength_-1,4,3,3,0.01,3,2,200
strength_-1_soft_0.880,pipeline_soft,0.88,0.00,13,27,11,11,0.1874,0.1912,0.1034,0.7395,0.1073,0.145,11750,4140,10867378,97740,109490,15890,26.99,4.01,2.68,strength_-1,4,3,3,0.01,3,2,200
strength_-1_soft_0.900,pipeline_soft,0.9,0.01,13,27,11,11,0.1874,0.1912,0.1034,0.7395,0.1073,0.145,11750,4140,10867378,97740,109490,15890,26.99,4.01,2.68,strength_-1,4,3,3,0.01,3,2,200
strength_-1_soft_0.920,pipeline_soft,0.92,0.00,13,27,11,11,0.1874,0.1912,0.1034,0.7395,0.1073,0.145,11750,4140,10867378,97740,109490,15890,26.99,4.01,2.68,strength_-1,4,3,3,0.01,3,2,200
strength_-1_soft_0.940,pipeline_soft,0.94,0.01,13,27,11,11,0.1874,0.1912,0.1034,0.7395,0.1073,0.145,11750,4140,10867378,97740,109490,15890,26.99,4.01,2.68,strength_-1,4,3,3,0.01,3,2,200
strength_-1_soft_0.960,pipeline_soft,0.96,0.00,13,27,11,11,0.1874,0.1912,0.1034,0.7395,0.1073,0.145,11750,4140,10867378,97740,109490,15890,26.99,4.01,2.68,strength_-1,4,3,3,0.01,3,2,200
strength_-1_soft_0.980,pipeline_soft,0.98,0.00,13,27,11,11,0.1874,0.1912,0.1034,0.7395,0.1073,0.145,11750,4140,10867378,97740,109490,15890,26.99,4.01,2.68,strength_-1,4,3,3,0.01,3,2,200
strength_+1_soft_0.000,pipeline_soft,0.0,0.00,25,27,11,11,0.3652,0.4314,0.2234,0.4755,0.2965,0.624,32462,35812,10835706,77028,109490,68274,26.99,20.67,10.04,strength_+1,4,3,5,0.01,3,2,200
strength_+1_soft_0.020,pipeline_soft,0.02,0.00,25,27,11,11,0.3652,0.4314,0.2234,0.4755,0.2965,0.624,32462,35812,10835706,77028,109490,68274,26.99,20.67,10.04,strength_+1,4,3,5,0.01,3,2,200
strength_+1_soft_0.040,pipeline_soft,0.04,0.00,25,27,11,11,0.3652,0.4314,0.2234,0.4755,0.2965,0.624,32462,35812,10835706,77028,109490,68274,26.99,20.67,10.04,strength_+1,4,3,5,0.01,3,2,200
strength_+1_soft_0.060,pipeline_soft,0.06,0.00,25,27,11,11,0.3652,0.4314,0.2234,0.4755,0.2965,0.624,32462,35812,10835706,77028,109490,68274,26.99,20.67,10.04,strength_+1,4,3,5,0.01,3,2,200
strength_+1_soft_0.080,pipeline_soft,0.08,0.00,25,27,11,11,0.3652,0.4314,0.2234,0.4755,0.2965,0.624,32462,35812,10835706,77028,109490,68274,26.99,20.67,10.04,strength_+1,4,3,5,0.01,3,2,200
strength_+1_soft_0.100,pipeline_soft,0.1,0.00,25,27,11,11,0.3652,0.4314,0.2234,0.4755,0.2965,0.624,32462,35812,10835706,77028,109490,68274,26.99,20.67,10.04,strength_+1,4,3,5,0.01,3,2,200
strength_+1_soft_0.120,pipeline_soft,0.12,0.00,25,27,11,11,0.3652,0.4314,0.2234,0.4755,0.2965,0.624,32462,35812,10835706,77028,109490,68274,26.99,20.67,10.04,strength_+1,4,3,5,0.01,3,2,200
strength_+1_soft_0.140,pipeline_soft,0.14,0.00,25,27,11,11,0.3652,0.4314,0.2234,0.4755,0.2965,0.624,32462,35812,10835706,77028,109490,68274,26.99,20.67,10.04,strength_+1,4,3,5,0.01,3,2,200
strength_+1_soft_0.160,pipeline_soft,0.16,0.00,25,27,11,11,0.3652,0.4314,0.2234,0.4755,0.2965,0.624,32462,35812,10835706,77028,109490,68274,26.99,20.67,10.04,strength_+1,4,3,5,0.01,3,2,200
strength_+1_soft_0.180,pipeline_soft,0.18,0.00,25,27,11,11,0.3652,0.4314,0.2234,0.4755,0.2965,0.624,32462,35812,10835706,77028,109490,68274,26.99,20.67,10.04,strength_+1,4,3,5,0.01,3,2,200
strength_+1_soft_0.200,pipeline_soft,0.2,0.00,25,27,11,11,0.3652,0.4314,0.2234,0.4755,0.2965,0.624,32462,35812,10835706,77028,109490,68274,26.99,20.67,10.04,strength_+1,4,3,5,0.01,3,2,200
strength_+1_soft_0.220,pipeline_soft,0.22,0.00,25,27,11,11,0.3652,0.4314,0.2234,0.4755,0.2965,0.624,32462,35812,10835706,77028,109490,68274,26.99,20.67,10.04,strength_+1,4,3,5,0.01,3,2,200
strength_+1_soft_0.240,pipeline_soft,0.24,0.00,25,27,11,11,0.3652,0.4314,0.2234,0.4755,0.2965,0.624,32462,35812,10835706,77028,109490,68274,26.99,20.67,10.04,strength_+1,4,3,5,0.01,3,2,200
strength_+1_soft_0.260,pipeline_soft,0.26,0.00,25,27,11,11,0.3652,0.4314,0.2234,0.4755,0.2965,0.624,32462,35812,10835706,77028,109490,68274,26.99,20.67,10.04,strength_+1,4,3,5,0.01,3,2,200
strength_+1_soft_0.280,pipeline_soft,0.28,0.00,25,27,11,11,0.3652,0.4314,0.2234,0.4755,0.2965,0.624,32462,35812,10835706,77028,109490,68274,26.99,20.67,10.04,strength_+1,4,3,5,0.01,3,2,200
strength_+1_soft_0.300,pipeline_soft,0.3,0.00,25,27,11,11,0.3652,0.4314,0.2234,0.4755,0.2965,0.624,32462,35812,10835706,77028,109490,68274,26.99,20.67,10.04,strength_+1,4,3,5,0.01,3,2,200
strength_+1_soft_0.320,pipeline_soft,0.32,0.00,25,27,11,11,0.3652,0.4314,0.2234,0.4755,0.2965,0.624,32462,35812,10835706,77028,109490,68274,26.99,20.67,10.04,strength_+1,4,3,5,0.01,3,2,200
strength_+1_soft_0.340,pipeline_soft,0.34,0.00,18,27,11,11,0.3003,0.3363,0.1767,0.6062,0.1996,0.329,21854,14195,10857323,87636,109490,36049,26.99,10.52,5.96,strength_+1,4,3,5,0.01,3,2,200
strength_+1_soft_0.360,pipeline_soft,0.36,0.00,18,27,11,11,0.3003,0.3363,0.1767,0.6062,0.1996,0.329,21854,14195,10857323,87636,109490,36049,26.99,10.52,5.96,strength_+1,4,3,5,0.01,3,2,200
strength_+1_soft_0.380,pipeline_soft,0.38,0.00,18,27,11,11,0.3003,0.3363,0.1767,0.6062,0.1996,0.329,21854,14195,10857323,87636,109490,36049,26.99,10.52,5.96,strength_+1,4,3,5,0.01,3,2,200
strength_+1_soft_0.400,pipeline_soft,0.4,0.00,18,27,11,11,0.3003,0.3363,0.1767,0.6062,0.1996,0.329,21854,14195,10857323,87636,109490,36049,26.99,10.52,5.96,strength_+1,4,3,5,0.01,3,2,200
strength_+1_soft_0.420,pipeline_soft,0.42,0.00,18,27,11,11,0.3003,0.3363,0.1767,0.6062,0.1996,0.329,21854,14195,10857323,87636,109490,36049,26.99,10.52,5.96,strength_+1,4,3,5,0.01,3,2,200
strength_+1_soft_0.440,pipeline_soft,0.44,0.00,18,27,11,11,0.3003,0.3363,0.1767,0.6062,0.1996,0.329,21854,14195,10857323,87636,109490,36049,26.99,10.52,5.96,strength_+1,4,3,5,0.01,3,2,200
strength_+1_soft_0.460,pipeline_soft,0.46,0.00,18,27,11,11,0.3003,0.3363,0.1767,0.6062,0.1996,0.329,21854,14195,10857323,87636,109490,36049,26.99,10.52,5.96,strength_+1,4,3,5,0.01,3,2,200
strength_+1_soft_0.480,pipeline_soft,0.48,0.00,18,27,11,11,0.3003,0.3363,0.1767,0.6062,0.1996,0.329,21854,14195,10857323,87636,109490,36049,26.99,10.52,5.96,strength_+1,4,3,5,0.01,3,2,200
strength_+1_soft_0.500,pipeline_soft,0.5,0.00,18,27,11,11,0.3003,0.3363,0.1767,0.6062,0.1996,0.329,21854,14195,10857323,87636,109490,36049,26.99,10.52,5.96,strength_+1,4,3,5,0.01,3,2,200
strength_+1_soft_0.520,pipeline_soft,0.52,0.00,18,27,11,11,0.3003,0.3363,0.1767,0.6062,0.1996,0.329,21854,14195,10857323,87636,109490,36049,26.99,10.52,5.96,strength_+1,4,3,5,0.01,3,2,200
strength_+1_soft_0.540,pipeline_soft,0.54,0.00,18,27,11,11,0.3003,0.3363,0.1767,0.6062,0.1996,0.329,21854,14195,10857323,87636,109490,36049,26.99,10.52,5.96,strength_+1,4,3,5,0.01,3,2,200
strength_+1_soft_0.560,pipeline_soft,0.56,0.00,18,27,11,11,0.3003,0.3363,0.1767,0.6062,0.1996,0.329,21854,14195,10857323,87636,109490,36049,26.99,10.52,5.96,strength_+1,4,3,5,0.01,3,2,200
strength_+1_soft_0.580,pipeline_soft,0.58,0.00,18,27,11,11,0.3003,0.3363,0.1767,0.6062,0.1996,0.329,21854,14195,10857323,87636,109490,36049,26.99,10.52,5.96,strength_+1,4,3,5,0.01,3,2,200
strength_+1_soft_0.600,pipeline_soft,0.6,0.00,18,27,11,11,0.3003,0.3363,0.1767,0.6062,0.1996,0.329,21854,14195,10857323,87636,109490,36049,26.99,10.52,5.96,strength_+1,4,3,5,0.01,3,2,200
strength_+1_soft_0.620,pipeline_soft,0.62,0.00,18,27,11,11,0.3003,0.3363,0.1767,0.6062,0.1996,0.329,21854,14195,10857323,87636,109490,36049,26.99,10.52,5.96,strength_+1,4,3,5,0.01,3,2,200
strength_+1_soft_0.640,pipeline_soft,0.64,0.00,18,27,11,11,0.3003,0.3363,0.1767,0.6062,0.1996,0.329,21854,14195,10857323,87636,109490,36049,26.99,10.52,5.96,strength_+1,4,3,5,0.01,3,2,200
strength_+1_soft_0.660,pipeline_soft,0.66,0.00,18,27,11,11,0.3003,0.3363,0.1767,0.6062,0.1996,0.329,21854,14195,10857323,87636,109490,36049,26.99,10.52,5.96,strength_+1,4,3,5,0.01,3,2,200
strength_+1_soft_0.680,pipeline_soft,0.68,0.00,16,27,11,11,0.2313,0.2438,0.1308,0.7055,0.1384,0.196,15148,6323,10865195,94342,109490,21471,26.99,5.62,3.63,strength_+1,4,3,5,0.01,3,2,200
strength_+1_soft_0.700,pipeline_soft,0.7,0.00,16,27,11,11,0.2313,0.2438,0.1308,0.7055,0.1384,0.196,15148,6323,10865195,94342,109490,21471,26.99,5.62,3.63,strength_+1,4,3,5,0.01,3,2,200
strength_+1_soft_0.720,pipeline_soft,0.72,0.00,16,27,11,11,0.2313,0.2438,0.1308,0.7055,0.1384,0.196,15148,6323,10865195,94342,109490,21471,26.99,5.62,3.63,strength_+1,4,3,5,0.01,3,2,200
strength_+1_soft_0.740,pipeline_soft,0.74,0.00,16,27,11,11,0.2313,0.2438,0.1308,0.7055,0.1384,0.196,15148,6323,10865195,94342,109490,21471,26.99,5.62,3.63,strength_+1,4,3,5,0.01,3,2,200
strength_+1_soft_0.760,pipeline_soft,0.76,0.00,16,27,11,11,0.2313,0.2438,0.1308,0.7055,0.1384,0.196,15148,6323,10865195,94342,109490,21471,26.99,5.62,3.63,strength_+1,4,3,5,0.01,3,2,200
strength_+1_soft_0.780,pipeline_soft,0.78,0.00,16,27,11,11,0.2313,0.2438,0.1308,0.7055,0.1384,0.196,15148,6323,10865195,94342,109490,21471,26.99,5.62,3.63,strength_+1,4,3,5,0.01,3,2,200
strength_+1_soft_0.800,pipeline_soft,0.8,0.00,16,27,11,11,0.2313,0.2438,0.1308,0.7055,0.1384,0.196,15148,6323,10865195,94342,109490,21471,26.99,5.62,3.63,strength_+1,4,3,5,0.01,3,2,200
strength_+1_soft_0.820,pipeline_soft,0.82,0.00,16,27,11,11,0.2313,0.2438,0.1308,0.7055,0.1384,0.196,15148,6323,10865195,94342,109490,21471,26.99,5.62,3.63,strength_+1,4,3,5,0.01,3,2,200
strength_+1_soft_0.840,pipeline_soft,0.84,0.00,16,27,11,11,0.2313,0.2438,0.1308,0.7055,0.1384,0.196,15148,6323,10865195,94342,109490,21471,26.99,5.62,3.63,strength_+1,4,3,5,0.01,3,2,200
strength_+1_soft_0.860,pipeline_soft,0.86,0.00,16,27,11,11,0.2313,0.2438,0.1308,0.7055,0.1384,0.196,15148,6323,10865195,94342,109490,21471,26.99,5.62,3.63,strength_+1,4,3,5,0.01,3,2,200
strength_+1_soft_0.880,pipeline_soft,0.88,0.00,16,27,11,11,0.2313,0.2438,0.1308,0.7055,0.1384,0.196,15148,6323,10865195,94342,109490,21471,26.99,5.62,3.63,strength_+1,4,3,5,0.01,3,2,200
strength_+1_soft_0.900,pipeline_soft,0.9,0.00,16,27,11,11,0.2313,0.2438,0.1308,0.7055,0.1384,0.196,15148,6323,10865195,94342,109490,21471,26.99,5.62,3.63,strength_+1,4,3,5,0.01,3,2,200
strength_+1_soft_0.920,pipeline_soft,0.92,0.00,16,27,11,11,0.2313,0.2438,0.1308,0.7055,0.1384,0.196,15148,6323,10865195,94342,109490,21471,26.99,5.62,3.63,strength_+1,4,3,5,0.01,3,2,200
strength_+1_soft_0.940,pipeline_soft,0.94,0.00,16,27,11,11,0.2313,0.2438,0.1308,0.7055,0.1384,0.196,15148,6323,10865195,94342,109490,21471,26.99,5.62,3.63,strength_+1,4,3,5,0.01,3,2,200
strength_+1_soft_0.960,pipeline_soft,0.96,0.00,16,27,11,11,0.2313,0.2438,0.1308,0.7055,0.1384,0.196,15148,6323,10865195,94342,109490,21471,26.99,5.62,3.63,strength_+1,4,3,5,0.01,3,2,200
strength_+1_soft_0.980,pipeline_soft,0.98,0.00,16,27,11,11,0.2313,0.2438,0.1308,0.7055,0.1384,0.196,15148,6323,10865195,94342,109490,21471,26.99,5.62,3.63,strength_+1,4,3,5,0.01,3,2,200
strength_+2_soft_0.000,pipeline_soft,0.0,0.00,25,27,11,11,0.3657,0.4315,0.2238,0.4758,0.2970,0.624,32519,35823,10835695,76971,109490,68342,26.99,20.66,10.04,strength_+2,4,3,6,0.01,3,2,200
strength_+2_soft_0.020,pipeline_soft,0.02,0.00,25,27,11,11,0.3657,0.4315,0.2238,0.4758,0.2970,0.624,32519,35823,10835695,76971,109490,68342,26.99,20.66,10.04,strength_+2,4,3,6,0.01,3,2,200
strength_+2_soft_0.040,pipeline_soft,0.04,0.00,25,27,11,11,0.3657,0.4315,0.2238,0.4758,0.2970,0.624,32519,35823,10835695,76971,109490,68342,26.99,20.66,10.04,strength_+2,4,3,6,0.01,3,2,200
strength_+2_soft_0.060,pipeline_soft,0.06,0.00,25,27,11,11,0.3657,0.4315,0.2238,0.4758,0.2970,0.624,32519,35823,10835695,76971,109490,68342,26.99,20.66,10.04,strength_+2,4,3,6,0.01,3,2,200
strength_+2_soft_0.080,pipeline_soft,0.08,0.00,25,27,11,11,0.3657,0.4315,0.2238,0.4758,0.2970,0.624,32519,35823,10835695,76971,109490,68342,26.99,20.66,10.04,strength_+2,4,3,6,0.01,3,2,200
strength_+2_soft_0.100,pipeline_soft,0.1,0.00,25,27,11,11,0.3657,0.4315,0.2238,0.4758,0.2970,0.624,32519,35823,10835695,76971,109490,68342,26.99,20.66,10.04,strength_+2,4,3,6,0.01,3,2,200
strength_+2_soft_0.120,pipeline_soft,0.12,0.00,25,27,11,11,0.3657,0.4315,0.2238,0.4758,0.2970,0.624,32519,35823,10835695,76971,109490,68342,26.99,20.66,10.04,strength_+2,4,3,6,0.01,3,2,200
strength_+2_soft_0.140,pipeline_soft,0.14,0.00,25,27,11,11,0.3657,0.4315,0.2238,0.4758,0.2970,0.624,32519,35823,10835695,76971,109490,68342,26.99,20.66,10.04,strength_+2,4,3,6,0.01,3,2,200
strength_+2_soft_0.160,pipeline_soft,0.16,0.00,25,27,11,11,0.3657,0.4315,0.2238,0.4758,0.2970,0.624,32519,35823,10835695,76971,109490,68342,26.99,20.66,10.04,strength_+2,4,3,6,0.01,3,2,200
strength_+2_soft_0.180,pipeline_soft,0.18,0.00,25,27,11,11,0.3657,0.4315,0.2238,0.4758,0.2970,0.624,32519,35823,10835695,76971,109490,68342,26.99,20.66,10.04,strength_+2,4,3,6,0.01,3,2,200
strength_+2_soft_0.200,pipeline_soft,0.2,0.00,25,27,11,11,0.3657,0.4315,0.2238,0.4758,0.2970,0.624,32519,35823,10835695,76971,109490,68342,26.99,20.66,10.04,strength_+2,4,3,6,0.01,3,2,200
strength_+2_soft_0.220,pipeline_soft,0.22,0.00,25,27,11,11,0.3657,0.4315,0.2238,0.4758,0.2970,0.624,32519,35823,10835695,76971,109490,68342,26.99,20.66,10.04,strength_+2,4,3,6,0.01,3,2,200
strength_+2_soft_0.240,pipeline_soft,0.24,0.00,25,27,11,11,0.3657,0.4315,0.2238,0.4758,0.2970,0.624,32519,35823,10835695,76971,109490,68342,26.99,20.66,10.04,strength_+2,4,3,6,0.01,3,2,200
strength_+2_soft_0.260,pipeline_soft,0.26,0.00,25,27,11,11,0.3657,0.4315,0.2238,0.4758,0.2970,0.624,32519,35823,10835695,76971,109490,68342,26.99,20.66,10.04,strength_+2,4,3,6,0.01,3,2,200
strength_+2_soft_0.280,pipeline_soft,0.28,0.00,25,27,11,11,0.3657,0.4315,0.2238,0.4758,0.2970,0.624,32519,35823,10835695,76971,109490,68342,26.99,20.66,10.04,strength_+2,4,3,6,0.01,3,2,200
strength_+2_soft_0.300,pipeline_soft,0.3,0.00,25,27,11,11,0.3657,0.4315,0.2238,0.4758,0.2970,0.624,32519,35823,10835695,76971,109490,68342,26.99,20.66,10.04,strength_+2,4,3,6,0.01,3,2,200
strength_+2_soft_0.320,pipeline_soft,0.32,0.00,25,27,11,11,0.3657,0.4315,0.2238,0.4758,0.2970,0.624,32519,35823,10835695,76971,109490,68342,26.99,20.66,10.04,strength_+2,4,3,6,0.01,3,2,200
strength_+2_soft_0.340,pipeline_soft,0.34,0.00,18,27,11,11,0.3007,0.3366,0.1770,0.6066,0.1999,0.330,21889,14195,10857323,87601,109490,36084,26.99,10.55,5.99,strength_+2,4,3,6,0.01,3,2,200
strength_+2_soft_0.360,pipeline_soft,0.36,0.00,18,27,11,11,0.3007,0.3366,0.1770,0.6066,0.1999,0.330,21889,14195,10857323,87601,109490,36084,26.99,10.55,5.99,strength_+2,4,3,6,0.01,3,2,200
strength_+2_soft_0.380,pipeline_soft,0.38,0.00,18,27,11,11,0.3007,0.3366,0.1770,0.6066,0.1999,0.330,21889,14195,10857323,87601,109490,36084,26.99,10.55,5.99,strength_+2,4,3,6,0.01,3,2,200
strength_+2_soft_0.400,pipeline_soft,0.4,0.00,18,27,11,11,0.3007,0.3366,0.1770,0.6066,0.1999,0.330,21889,14195,10857323,87601,109490,36084,26.99,10.55,5.99,strength_+2,4,3,6,0.01,3,2,200
strength_+2_soft_0.420,pipeline_soft,0.42,0.00,18,27,11,11,0.3007,0.3366,0.1770,0.6066,0.1999,0.330,21889,14195,10857323,87601,109490,36084,26.99,10.55,5.99,strength_+2,4,3,6,0.01,3,2,200
strength_+2_soft_0.440,pipeline_soft,0.44,0.00,18,27,11,11,0.3007,0.3366,0.1770,0.6066,0.1999,0.330,21889,14195,10857323,87601,109490,36084,26.99,10.55,5.99,strength_+2,4,3,6,0.01,3,2,200
strength_+2_soft_0.460,pipeline_soft,0.46,0.00,18,27,11,11,0.3007,0.3366,0.1770,0.6066,0.1999,0.330,21889,14195,10857323,87601,109490,36084,26.99,10.55,5.99,strength_+2,4,3,6,0.01,3,2,200
strength_+2_soft_0.480,pipeline_soft,0.48,0.00,18,27,11,11,0.3007,0.3366,0.1770,0.6066,0.1999,0.330,21889,14195,10857323,87601,109490,36084,26.99,10.55,5.99,strength_+2,4,3,6,0.01,3,2,200
strength_+2_soft_0.500,pipeline_soft,0.5,0.00,18,27,11,11,0.3007,0.3366,0.1770,0.6066,0.1999,0.330,21889,14195,10857323,87601,109490,36084,26.99,10.55,5.99,strength_+2,4,3,6,0.01,3,2,200
strength_+2_soft_0.520,pipeline_soft,0.52,0.00,18,27,11,11,0.3007,0.3366,0.1770,0.6066,0.1999,0.330,21889,14195,10857323,87601,109490,36084,26.99,10.55,5.99,strength_+2,4,3,6,0.01,3,2,200
strength_+2_soft_0.540,pipeline_soft,0.54,0.00,18,27,11,11,0.3007,0.3366,0.1770,0.6066,0.1999,0.330,21889,14195,10857323,87601,109490,36084,26.99,10.55,5.99,strength_+2,4,3,6,0.01,3,2,200
strength_+2_soft_0.560,pipeline_soft,0.56,0.00,18,27,11,11,0.3007,0.3366,0.1770,0.6066,0.1999,0.330,21889,14195,10857323,87601,109490,36084,26.99,10.55,5.99,strength_+2,4,3,6,0.01,3,2,200
strength_+2_soft_0.580,pipeline_soft,0.58,0.00,18,27,11,11,0.3007,0.3366,0.1770,0.6066,0.1999,0.330,21889,14195,10857323,87601,109490,36084,26.99,10.55,5.99,strength_+2,4,3,6,0.01,3,2,200
strength_+2_soft_0.600,pipeline_soft,0.6,0.00,18,27,11,11,0.3007,0.3366,0.1770,0.6066,0.1999,0.330,21889,14195,10857323,87601,109490,36084,26.99,10.55,5.99,strength_+2,4,3,6,0.01,3,2,200
strength_+2_soft_0.620,pipeline_soft,0.62,0.00,18,27,11,11,0.3007,0.3366,0.1770,0.6066,0.1999,0.330,21889,14195,10857323,87601,109490,36084,26.99,10.55,5.99,strength_+2,4,3,6,0.01,3,2,200
strength_+2_soft_0.640,pipeline_soft,0.64,0.00,18,27,11,11,0.3007,0.3366,0.1770,0.6066,0.1999,0.330,21889,14195,10857323,87601,109490,36084,26.99,10.55,5.99,strength_+2,4,3,6,0.01,3,2,200
strength_+2_soft_0.660,pipeline_soft,0.66,0.00,18,27,11,11,0.3007,0.3366,0.1770,0.6066,0.1999,0.330,21889,14195,10857323,87601,109490,36084,26.99,10.55,5.99,strength_+2,4,3,6,0.01,3,2,200
strength_+2_soft_0.680,pipeline_soft,0.68,0.00,16,27,11,11,0.2313,0.2438,0.1308,0.7055,0.1384,0.196,15148,6323,10865195,94342,109490,21471,26.99,5.62,3.63,strength_+2,4,3,6,0.01,3,2,200
strength_+2_soft_0.700,pipeline_soft,0.7,0.00,16,27,11,11,0.2313,0.2438,0.1308,0.7055,0.1384,0.196,15148,6323,10865195,94342,109490,21471,26.99,5.62,3.63,strength_+2,4,3,6,0.01,3,2,200
strength_+2_soft_0.720,pipeline_soft,0.72,0.00,16,27,11,11,0.2313,0.2438,0.1308,0.7055,0.1384,0.196,15148,6323,10865195,94342,109490,21471,26.99,5.62,3.63,strength_+2,4,3,6,0.01,3,2,200
strength_+2_soft_0.740,pipeline_soft,0.74,0.00,16,27,11,11,0.2313,0.2438,0.1308,0.7055,0.1384,0.196,15148,6323,10865195,94342,109490,21471,26.99,5.62,3.63,strength_+2,4,3,6,0.01,3,2,200
strength_+2_soft_0.760,pipeline_soft,0.76,0.00,16,27,11,11,0.2313,0.2438,0.1308,0.7055,0.1384,0.196,15148,6323,10865195,94342,109490,21471,26.99,5.62,3.63,strength_+2,4,3,6,0.01,3,2,200
strength_+2_soft_0.780,pipeline_soft,0.78,0.00,16,27,11,11,0.2313,0.2438,0.1308,0.7055,0.1384,0.196,15148,6323,10865195,94342,109490,21471,26.99,5.62,3.63,strength_+2,4,3,6,0.01,3,2,200
strength_+2_soft_0.800,pipeline_soft,0.8,0.00,16,27,11,11,0.2313,0.2438,0.1308,0.7055,0.1384,0.196,15148,6323,10865195,94342,109490,21471,26.99,5.62,3.63,strength_+2,4,3,6,0.01,3,2,200
strength_+2_soft_0.820,pipeline_soft,0.82,0.00,16,27,11,11,0.2313,0.2438,0.1308,0.7055,0.1384,0.196,15148,6323,10865195,94342,109490,21471,26.99,5.62,3.63,strength_+2,4,3,6,0.01,3,2,200
strength_+2_soft_0.840,pipeline_soft,0.84,0.00,16,27,11,11,0.2313,0.2438,0.1308,0.7055,0.1384,0.196,15148,6323,10865195,94342,109490,21471,26.99,5.62,3.63,strength_+2,4,3,6,0.01,3,2,200
strength_+2_soft_0.860,pipeline_soft,0.86,0.00,16,27,11,11,0.2313,0.2438,0.1308,0.7055,0.1384,0.196,15148,6323,10865195,94342,109490,21471,26.99,5.62,3.63,strength_+2,4,3,6,0.01,3,2,200
strength_+2_soft_0.880,pipeline_soft,0.88,0.00,16,27,11,11,0.2313,0.2438,0.1308,0.7055,0.1384,0.196,15148,6323,10865195,94342,109490,21471,26.99,5.62,3.63,strength_+2,4,3,6,0.01,3,2,200
strength_+2_soft_0.900,pipeline_soft,0.9,0.00,16,27,11,11,0.2313,0.2438,0.1308,0.7055,0.1384,0.196,15148,6323,10865195,94342,109490,21471,26.99,5.62,3.63,strength_+2,4,3,6,0.01,3,2,200
strength_+2_soft_0.920,pipeline_soft,0.92,0.00,16,27,11,11,0.2313,0.2438,0.1308,0.7055,0.1384,0.196,15148,6323,10865195,94342,109490,21471,26.99,5.62,3.63,strength_+2,4,3,6,0.01,3,2,200
strength_+2_soft_0.940,pipeline_soft,0.94,0.00,16,27,11,11,0.2313,0.2438,0.1308,0.7055,0.1384,0.196,15148,6323,10865195,94342,109490,21471,26.99,5.62,3.63,strength_+2,4,3,6,0.01,3,2,200
strength_+2_soft_0.960,pipeline_soft,0.96,0.00,16,27,11,11,0.2313,0.2438,0.1308,0.7055,0.1384,0.196,15148,6323,10865195,94342,109490,21471,26.99,5.62,3.63,strength_+2,4,3,6,0.01,3,2,200
strength_+2_soft_0.980,pipeline_soft,0.98,0.00,16,27,11,11,0.2313,0.2438,0.1308,0.7055,0.1384,0.196,15148,6323,10865195,94342,109490,21471,26.99,5.62,3.63,strength_+2,4,3,6,0.01,3,2,200
strength_+3_soft_0.000,pipeline_soft,0.0,0.00,25,27,11,11,0.3681,0.4334,0.2255,0.4848,0.2966,0.612,32479,34511,10837007,77011,109490,66990,26.99,20.40,10.00,strength_+3,4,3,7,0.01,3,2,200
strength_+3_soft_0.020,pipeline_soft,0.02,0.00,25,27,11,11,0.3681,0.4334,0.2255,0.4848,0.2966,0.612,32479,34511,10837007,77011,109490,66990,26.99,20.40,10.00,strength_+3,4,3,7,0.01,3,2,200
strength_+3_soft_0.040,pipeline_soft,0.04,0.00,25,27,11,11,0.3681,0.4334,0.2255,0.4848,0.2966,0.612,32479,34511,10837007,77011,109490,66990,26.99,20.40,10.00,strength_+3,4,3,7,0.01,3,2,200
strength_+3_soft_0.060,pipeline_soft,0.06,0.00,25,27,11,11,0.3681,0.4334,0.2255,0.4848,0.2966,0.612,32479,34511,10837007,77011,109490,66990,26.99,20.40,10.00,strength_+3,4,3,7,0.01,3,2,200
strength_+3_soft_0.080,pipeline_soft,0.08,0.00,25,27,11,11,0.3681,0.4334,0.2255,0.4848,0.2966,0.612,32479,34511,10837007,77011,109490,66990,26.99,20.40,10.00,strength_+3,4,3,7,0.01,3,2,200
strength_+3_soft_0.100,pipeline_soft,0.1,0.00,25,27,11,11,0.3681,0.4334,0.2255,0.4848,0.2966,0.612,32479,34511,10837007,77011,109490,66990,26.99,20.40,10.00,strength_+3,4,3,7,0.01,3,2,200
strength_+3_soft_0.120,pipeline_soft,0.12,0.00,25,27,11,11,0.3681,0.4334,0.2255,0.4848,0.2966,0.612,32479,34511,10837007,77011,109490,66990,26.99,20.40,10.00,strength_+3,4,3,7,0.01,3,2,200
strength_+3_soft_0.140,pipeline_soft,0.14,0.00,25,27,11,11,0.3681,0.4334,0.2255,0.4848,0.2966,0.612,32479,34511,10837007,77011,109490,66990,26.99,20.40,10.00,strength_+3,4,3,7,0.01,3,2,200
strength_+3_soft_0.160,pipeline_soft,0.16,0.00,25,27,11,11,0.3681,0.4334,0.2255,0.4848,0.2966,0.612,32479,34511,10837007,77011,109490,66990,26.99,20.40,10.00,strength_+3,4,3,7,0.01,3,2,200
strength_+3_soft_0.180,pipeline_soft,0.18,0.00,25,27,11,11,0.3681,0.4334,0.2255,0.4848,0.2966,0.612,32479,34511,10837007,77011,109490,66990,26.99,20.40,10.00,strength_+3,4,3,7,0.01,3,2,200
strength_+3_soft_0.200,pipeline_soft,0.2,0.00,25,27,11,11,0.3681,0.4334,0.2255,0.4848,0.2966,0.612,32479,34511,10837007,77011,109490,66990,26.99,20.40,10.00,strength_+3,4,3,7,0.01,3,2,200
strength_+3_soft_0.220,pipeline_soft,0.22,0.00,25,27,11,11,0.3681,0.4334,0.2255,0.4848,0.2966,0.612,32479,34511,10837007,77011,109490,66990,26.99,20.40,10.00,strength_+3,4,3,7,0.01,3,2,200
strength_+3_soft_0.240,pipeline_soft,0.24,0.00,25,27,11,11,0.3681,0.4334,0.2255,0.4848,0.2966,0.612,32479,34511,10837007,77011,109490,66990,26.99,20.40,10.00,strength_+3,4,3,7,0.01,3,2,200
strength_+3_soft_0.260,pipeline_soft,0.26,0.00,25,27,11,11,0.3681,0.4334,0.2255,0.4848,0.2966,0.612,32479,34511,10837007,77011,109490,66990,26.99,20.40,10.00,strength_+3,4,3,7,0.01,3,2,200
strength_+3_soft_0.280,pipeline_soft,0.28,0.00,25,27,11,11,0.3681,0.4334,0.2255,0.4848,0.2966,0.612,32479,34511,10837007,77011,109490,66990,26.99,20.40,10.00,strength_+3,4,3,7,0.01,3,2,200
strength_+3_soft_0.300,pipeline_soft,0.3,0.01,25,27,11,11,0.3681,0.4334,0.2255,0.4848,0.2966,0.612,32479,34511,10837007,77011,109490,66990,26.99,20.40,10.00,strength_+3,4,3,7,0.01,3,2,200
strength_+3_soft_0.320,pipeline_soft,0.32,0.01,25,27,11,11,0.3681,0.4334,0.2255,0.4848,0.2966,0.612,32479,34511,10837007,77011,109490,66990,26.99,20.40,10.00,strength_+3,4,3,7,0.01,3,2,200
strength_+3_soft_0.340,pipeline_soft,0.34,0.01,18,27,11,11,0.2957,0.3254,0.1735,0.6244,0.1938,0.310,21214,12761,10858757,88276,109490,33975,26.99,10.03,5.71,strength_+3,4,3,7,0.01,3,2,200
strength_+3_soft_0.360,pipeline_soft,0.36,0.00,18,27,11,11,0.2957,0.3254,0.1735,0.6244,0.1938,0.310,21214,12761,10858757,88276,109490,33975,26.99,10.03,5.71,strength_+3,4,3,7,0.01,3,2,200
strength_+3_soft_0.380,pipeline_soft,0.38,0.00,18,27,11,11,0.2957,0.3254,0.1735,0.6244,0.1938,0.310,21214,12761,10858757,88276,109490,33975,26.99,10.03,5.71,strength_+3,4,3,7,0.01,3,2,200
strength_+3_soft_0.400,pipeline_soft,0.4,0.00,18,27,11,11,0.2957,0.3254,0.1735,0.6244,0.1938,0.310,21214,12761,10858757,88276,109490,33975,26.99,10.03,5.71,strength_+3,4,3,7,0.01,3,2,200
strength_+3_soft_0.420,pipeline_soft,0.42,0.00,18,27,11,11,0.2957,0.3254,0.1735,0.6244,0.1938,0.310,21214,12761,10858757,88276,109490,33975,26.99,10.03,5.71,strength_+3,4,3,7,0.01,3,2,200
strength_+3_soft_0.440,pipeline_soft,0.44,0.00,18,27,11,11,0.2957,0.3254,0.1735,0.6244,0.1938,0.310,21214,12761,10858757,88276,109490,33975,26.99,10.03,5.71,strength_+3,4,3,7,0.01,3,2,200
strength_+3_soft_0.460,pipeline_soft,0.46,0.00,18,27,11,11,0.2957,0.3254,0.1735,0.6244,0.1938,0.310,21214,12761,10858757,88276,109490,33975,26.99,10.03,5.71,strength_+3,4,3,7,0.01,3,2,200
strength_+3_soft_0.480,pipeline_soft,0.48,0.00,18,27,11,11,0.2957,0.3254,0.1735,0.6244,0.1938,0.310,21214,12761,10858757,88276,109490,33975,26.99,10.03,5.71,strength_+3,4,3,7,0.01,3,2,200
strength_+3_soft_0.500,pipeline_soft,0.5,0.00,18,27,11,11,0.2957,0.3254,0.1735,0.6244,0.1938,0.310,21214,12761,10858757,88276,109490,33975,26.99,10.03,5.71,strength_+3,4,3,7,0.01,3,2,200
strength_+3_soft_0.520,pipeline_soft,0.52,0.00,18,27,11,11,0.2957,0.3254,0.1735,0.6244,0.1938,0.310,21214,12761,10858757,88276,109490,33975,26.99,10.03,5.71,strength_+3,4,3,7,0.01,3,2,200
strength_+3_soft_0.540,pipeline_soft,0.54,0.01,18,27,11,11,0.2957,0.3254,0.1735,0.6244,0.1938,0.310,21214,12761,10858757,88276,109490,33975,26.99,10.03,5.71,strength_+3,4,3,7,0.01,3,2,200
strength_+3_soft_0.560,pipeline_soft,0.56,0.00,18,27,11,11,0.2957,0.3254,0.1735,0.6244,0.1938,0.310,21214,12761,10858757,88276,109490,33975,26.99,10.03,5.71,strength_+3,4,3,7,0.01,3,2,200
strength_+3_soft_0.580,pipeline_soft,0.58,0.00,18,27,11,11,0.2957,0.3254,0.1735,0.6244,0.1938,0.310,21214,12761,10858757,88276,109490,33975,26.99,10.03,5.71,strength_+3,4,3,7,0.01,3,2,200
strength_+3_soft_0.600,pipeline_soft,0.6,0.00,18,27,11,11,0.2957,0.3254,0.1735,0.6244,0.1938,0.310,21214,12761,10858757,88276,109490,33975,26.99,10.03,5.71,strength_+3,4,3,7,0.01,3,2,200
strength_+3_soft_0.620,pipeline_soft,0.62,0.00,18,27,11,11,0.2957,0.3254,0.1735,0.6244,0.1938,0.310,21214,12761,10858757,88276,109490,33975,26.99,10.03,5.71,strength_+3,4,3,7,0.01,3,2,200
strength_+3_soft_0.640,pipeline_soft,0.64,0.00,18,27,11,11,0.2957,0.3254,0.1735,0.6244,0.1938,0.310,21214,12761,10858757,88276,109490,33975,26.99,10.03,5.71,strength_+3,4,3,7,0.01,3,2,200
strength_+3_soft_0.660,pipeline_soft,0.66,0.00,18,27,11,11,0.2957,0.3254,0.1735,0.6244,0.1938,0.310,21214,12761,10858757,88276,109490,33975,26.99,10.03,5.71,strength_+3,4,3,7,0.01,3,2,200
strength_+3_soft_0.680,pipeline_soft,0.68,0.00,16,27,11,11,0.2299,0.2444,0.1299,0.7066,0.1373,0.194,15028,6239,10865279,94462,109490,21267,26.99,5.56,3.61,strength_+3,4,3,7,0.01,3,2,200
strength_+3_soft_0.700,pipeline_soft,0.7,0.00,16,27,11,11,0.2299,0.2444,0.1299,0.7066,0.1373,0.194,15028,6239,10865279,94462,109490,21267,26.99,5.56,3.61,strength_+3,4,3,7,0.01,3,2,200
strength_+3_soft_0.720,pipeline_soft,0.72,0.00,16,27,11,11,0.2299,0.2444,0.1299,0.7066,0.1373,0.194,15028,6239,10865279,94462,109490,21267,26.99,5.56,3.61,strength_+3,4,3,7,0.01,3,2,200
strength_+3_soft_0.740,pipeline_soft,0.74,0.00,16,27,11,11,0.2299,0.2444,0.1299,0.7066,0.1373,0.194,15028,6239,10865279,94462,109490,21267,26.99,5.56,3.61,strength_+3,4,3,7,0.01,3,2,200
strength_+3_soft_0.760,pipeline_soft,0.76,0.00,16,27,11,11,0.2299,0.2444,0.1299,0.7066,0.1373,0.194,15028,6239,10865279,94462,109490,21267,26.99,5.56,3.61,strength_+3,4,3,7,0.01,3,2,200
strength_+3_soft_0.780,pipeline_soft,0.78,0.00,16,27,11,11,0.2299,0.2444,0.1299,0.7066,0.1373,0.194,15028,6239,10865279,94462,109490,21267,26.99,5.56,3.61,strength_+3,4,3,7,0.01,3,2,200
strength_+3_soft_0.800,pipeline_soft,0.8,0.00,16,27,11,11,0.2299,0.2444,0.1299,0.7066,0.1373,0.194,15028,6239,10865279,94462,109490,21267,26.99,5.56,3.61,strength_+3,4,3,7,0.01,3,2,200
strength_+3_soft_0.820,pipeline_soft,0.82,0.00,16,27,11,11,0.2299,0.2444,0.1299,0.7066,0.1373,0.194,15028,6239,10865279,94462,109490,21267,26.99,5.56,3.61,strength_+3,4,3,7,0.01,3,2,200
strength_+3_soft_0.840,pipeline_soft,0.84,0.00,16,27,11,11,0.2299,0.2444,0.1299,0.7066,0.1373,0.194,15028,6239,10865279,94462,109490,21267,26.99,5.56,3.61,strength_+3,4,3,7,0.01,3,2,200
strength_+3_soft_0.860,pipeline_soft,0.86,0.00,16,27,11,11,0.2299,0.2444,0.1299,0.7066,0.1373,0.194,15028,6239,10865279,94462,109490,21267,26.99,5.56,3.61,strength_+3,4,3,7,0.01,3,2,200
strength_+3_soft_0.880,pipeline_soft,0.88,0.00,16,27,11,11,0.2299,0.2444,0.1299,0.7066,0.1373,0.194,15028,6239,10865279,94462,109490,21267,26.99,5.56,3.61,strength_+3,4,3,7,0.01,3,2,200
strength_+3_soft_0.900,pipeline_soft,0.9,0.00,16,27,11,11,0.2299,0.2444,0.1299,0.7066,0.1373,0.194,15028,6239,10865279,94462,109490,21267,26.99,5.56,3.61,strength_+3,4,3,7,0.01,3,2,200
strength_+3_soft_0.920,pipeline_soft,0.92,0.00,16,27,11,11,0.2299,0.2444,0.1299,0.7066,0.1373,0.194,15028,6239,10865279,94462,109490,21267,26.99,5.56,3.61,strength_+3,4,3,7,0.01,3,2,200
strength_+3_soft_0.940,pipeline_soft,0.94,0.00,16,27,11,11,0.2299,0.2444,0.1299,0.7066,0.1373,0.194,15028,6239,10865279,94462,109490,21267,26.99,5.56,3.61,strength_+3,4,3,7,0.01,3,2,200
strength_+3_soft_0.960,pipeline_soft,0.96,0.00,16,27,11,11,0.2299,0.2444,0.1299,0.7066,0.1373,0.194,15028,6239,10865279,94462,109490,21267,26.99,5.56,3.61,strength_+3,4,3,7,0.01,3,2,200
strength_+3_soft_0.980,pipeline_soft,0.98,0.00,16,27,11,11,0.2299,0.2444,0.1299,0.7066,0.1373,0.194,15028,6239,10865279,94462,109490,21267,26.99,5.56,3.61,strength_+3,4,3,7,0.01,3,2,200
