scan,method,variant,threshold_value,vessel_id,volume_voxels,length_mm,overlap_voxels,corresponding_ids,n_corresponding
SLICES_CA-RU-R_x_916_y_901_z_222_experiment,ground_truth,,,1,1167,0.4200000000000001,0,,0
SLICES_CA-RU-R_x_916_y_901_z_222_experiment,ground_truth,,,2,653,0.11400000000000002,0,,0
SLICES_CA-RU-R_x_916_y_901_z_222_experiment,ground_truth,,,3,2517,0.5940000000000001,0,,0
SLICES_CA-RU-R_x_916_y_901_z_222_experiment,ground_truth,,,4,996,0.10800000000000001,0,,0
SLICES_CA-RU-R_x_916_y_901_z_222_experiment,ground_truth,,,5,2336,0.6120000000000001,0,,0
SLICES_CA-RU-R_x_916_y_901_z_222_experiment,ground_truth,,,6,699,0.32400000000000007,0,,0
SLICES_CA-RU-R_x_916_y_901_z_222_experiment,ground_truth,,,7,470,0.11400000000000002,0,,0
SLICES_CA-RU-R_x_916_y_901_z_222_experiment,ground_truth,,,8,24,0.0,0,,0
SLICES_CA-RU-R_x_916_y_901_z_222_experiment,ground_truth,,,9,9,0.018000000000000002,0,,0
SLICES_CA-RU-R_x_916_y_901_z_222_experiment,ground_truth,,,10,234,0.11400000000000002,0,,0
SLICES_CA-RU-R_x_916_y_901_z_222_experiment,ground_truth,,,11,973,0.30600000000000005,0,,0
SLICES_CA-RU-R_x_916_y_901_z_222_experiment,ground_truth,,,12,597,0.21000000000000005,0,,0
SLICES_CA-RU-R_x_916_y_901_z_222_experiment,ground_truth,,,13,912,0.21600000000000003,0,,0
SLICES_CA-RU-R_x_916_y_901_z_222_experiment,ground_truth,,,14,1,0.0,0,,0
SLICES_CA-RU-R_x_916_y_901_z_222_experiment,ground_truth,,,15,72,0.030000000000000006,0,,0
SLICES_CA-RU-R_x_916_y_901_z_222_experiment,ground_truth,,,16,481,0.08400000000000002,0,,0
SLICES_CA-RU-R_x_916_y_901_z_222_experiment,ground_truth,,,17,308,0.11400000000000002,0,,0
SLICES_CA-RU-R_x_916_y_901_z_222_experiment,ground_truth,,,18,53,0.030000000000000006,0,,0
SLICES_CA-RU-R_x_916_y_901_z_222_experiment,ground_truth,,,19,1190,0.3960000000000001,0,,0
SLICES_CA-RU-R_x_916_y_901_z_222_experiment,ground_truth,,,20,69,0.024000000000000004,0,,0
SLICES_CA-RU-R_x_916_y_901_z_222_experiment,ground_truth,,,21,176,0.04800000000000001,0,,0
SLICES_CA-RU-R_x_916_y_901_z_222_experiment,ground_truth,,,22,3215,0.558,0,,0
SLICES_CA-RU-R_x_916_y_901_z_222_experiment,ground_truth,,,23,4339,0.6120000000000001,0,,0
SLICES_CA-RU-R_x_916_y_901_z_222_experiment,ground_truth,,,24,18,0.0,0,,0
SLICES_CA-RU-R_x_916_y_901_z_222_experiment,ground_truth,,,25,694,0.30600000000000005,0,,0
SLICES_CA-RU-R_x_916_y_901_z_222_experiment,ground_truth,,,26,33,0.030000000000000006,0,,0
SLICES_CA-RU-R_x_916_y_901_z_222_experiment,ground_truth,,,27,1384,0.36600000000000005,0,,0
SLICES_CA-RU-R_x_916_y_901_z_222_experiment,ground_truth,,,28,592,0.24000000000000005,0,,0
SLICES_CA-RU-R_x_916_y_901_z_222_experiment,ground_truth,,,29,125,0.04200000000000001,0,,0
SLICES_CA-RU-R_x_916_y_901_z_222_experiment,ground_truth,,,30,33,0.018000000000000002,0,,0
SLICES_CA-RU-R_x_916_y_901_z_222_experiment,ground_truth,,,31,1848,0.6120000000000001,0,,0
SLICES_CA-RU-R_x_916_y_901_z_222_experiment,ground_truth,,,32,38,0.012000000000000002,0,,0
SLICES_CA-RU-R_x_916_y_901_z_222_experiment,ground_truth,,,33,41,0.018000000000000002,0,,0
SLICES_CA-RU-R_x_916_y_901_z_222_experiment,ground_truth,,,34,1391,0.36000000000000004,0,,0
SLICES_CA-RU-R_x_916_y_901_z_222_experiment,ground_truth,,,35,1212,0.4020000000000001,0,,0
SLICES_CA-RU-R_x_916_y_901_z_222_experiment,ground_truth,,,36,15,0.0,0,,0
SLICES_CA-RU-R_x_916_y_901_z_222_experiment,ground_truth,,,37,2243,0.5280000000000001,0,,0
SLICES_CA-RU-R_x_916_y_901_z_222_experiment,ground_truth,,,38,55,0.018000000000000002,0,,0
SLICES_CA-RU-R_x_916_y_901_z_222_experiment,ground_truth,,,39,462,0.18600000000000003,0,,0
SLICES_CA-RU-R_x_916_y_901_z_222_experiment,ground_truth,,,40,19,0.04200000000000001,0,,0
SLICES_CA-RU-R_x_916_y_901_z_222_experiment,ground_truth,,,41,27,0.024000000000000004,0,,0
SLICES_CA-RU-R_x_916_y_901_z_222_experiment,ground_truth,,,42,355,0.054000000000000006,0,,0
SLICES_CA-RU-R_x_916_y_901_z_222_experiment,ground_truth,,,43,351,0.13200000000000003,0,,0
SLICES_CA-RU-R_x_916_y_901_z_222_experiment,ground_truth,,,44,1401,0.30600000000000005,0,,0
SLICES_CA-RU-R_x_916_y_901_z_222_experiment,ground_truth,,,45,83,0.10200000000000002,0,,0
SLICES_CA-RU-R_x_916_y_901_z_222_experiment,ground_truth,,,46,85,0.054000000000000006,0,,0
SLICES_CA-RU-R_x_916_y_901_z_222_experiment,ground_truth,,,47,213,0.07800000000000001,0,,0
SLICES_CA-RU-R_x_916_y_901_z_222_experiment,ground_truth,,,48,85,0.09000000000000001,0,,0
SLICES_CA-RU-R_x_916_y_901_z_222_experiment,ground_truth,,,49,31551,5.652000000000001,0,,0
SLICES_CA-RU-R_x_916_y_901_z_222_experiment,ground_truth,,,50,12,0.024000000000000004,0,,0
SLICES_CA-RU-R_x_916_y_901_z_222_experiment,ground_truth,,,51,542,0.12600000000000003,0,,0
SLICES_CA-RU-R_x_916_y_901_z_222_experiment,ground_truth,,,52,26,0.012000000000000002,0,,0
SLICES_CA-RU-R_x_916_y_901_z_222_experiment,ground_truth,,,53,76,0.024000000000000004,0,,0
SLICES_CA-RU-R_x_916_y_901_z_222_experiment,ground_truth,,,54,3116,0.7080000000000001,0,,0
SLICES_CA-RU-R_x_916_y_901_z_222_experiment,ground_truth,,,55,27,0.018000000000000002,0,,0
SLICES_CA-RU-R_x_916_y_901_z_222_experiment,ground_truth,,,56,9,0.018000000000000002,0,,0
SLICES_CA-RU-R_x_916_y_901_z_222_experiment,ground_truth,,,57,9,0.018000000000000002,0,,0
SLICES_CA-RU-R_x_916_y_901_z_222_experiment,ground_truth,,,58,202,0.09600000000000002,0,,0
SLICES_CA-RU-R_x_916_y_901_z_222_experiment,ground_truth,,,59,34,0.04800000000000001,0,,0
SLICES_CA-RU-R_x_916_y_901_z_222_experiment,ground_truth,,,60,341,0.09000000000000001,0,,0
SLICES_CA-RU-R_x_916_y_901_z_222_experiment,ground_truth,,,61,217,0.06600000000000002,0,,0
SLICES_CA-RU-R_x_916_y_901_z_222_experiment,ground_truth,,,62,45,0.036000000000000004,0,,0
SLICES_CA-RU-R_x_916_y_901_z_222_experiment,ground_truth,,,63,98,0.06600000000000002,0,,0
SLICES_CA-RU-R_x_916_y_901_z_222_experiment,ground_truth,,,64,45,0.024000000000000004,0,,0
SLICES_CA-RU-R_x_916_y_901_z_222_experiment,ground_truth,,,65,58,0.012000000000000002,0,,0
SLICES_CA-RU-R_x_916_y_901_z_222_experiment,ground_truth,,,66,9,0.018000000000000002,0,,0
SLICES_CA-RU-R_x_916_y_901_z_222_experiment,ground_truth,,,67,18,0.012000000000000002,0,,0
SLICES_CA-RU-R_x_916_y_901_z_222_experiment,ground_truth,,,68,2005,0.6060000000000001,0,,0
SLICES_CA-RU-R_x_916_y_901_z_222_experiment,ground_truth,,,69,18,0.0,0,,0
SLICES_CA-RU-R_x_916_y_901_z_222_experiment,ground_truth,,,70,680,0.16800000000000004,0,,0
SLICES_CA-RU-R_x_916_y_901_z_222_experiment,ground_truth,,,71,55,0.018000000000000002,0,,0
SLICES_CA-RU-R_x_916_y_901_z_222_experiment,ground_truth,,,72,2039,0.7680000000000001,0,,0
SLICES_CA-RU-R_x_916_y_901_z_222_experiment,ground_truth,,,73,96,0.036000000000000004,0,,0
SLICES_CA-RU-R_x_916_y_901_z_222_experiment,ground_truth,,,74,1320,0.6240000000000001,0,,0
SLICES_CA-RU-R_x_916_y_901_z_222_experiment,ground_truth,,,75,972,0.27,0,,0
SLICES_CA-RU-R_x_916_y_901_z_222_experiment,ground_truth,,,76,234,0.12000000000000002,0,,0
SLICES_CA-RU-R_x_916_y_901_z_222_experiment,ground_truth,,,77,1249,0.3360000000000001,0,,0
SLICES_CA-RU-R_x_916_y_901_z_222_experiment,ground_truth,,,78,119,0.012000000000000002,0,,0
SLICES_CA-RU-R_x_916_y_901_z_222_experiment,ground_truth,,,79,334,0.13200000000000003,0,,0
SLICES_CA-RU-R_x_916_y_901_z_222_experiment,ground_truth,,,80,88,0.054000000000000006,0,,0
SLICES_CA-RU-R_x_916_y_901_z_222_experiment,ground_truth,,,81,94,0.06000000000000001,0,,0
SLICES_CA-RU-R_x_916_y_901_z_222_experiment,ground_truth,,,82,18,0.012000000000000002,0,,0
SLICES_CA-RU-R_x_916_y_901_z_222_experiment,ground_truth,,,83,143,0.06000000000000001,0,,0
SLICES_CA-RU-R_x_916_y_901_z_222_experiment,ground_truth,,,84,125,0.06000000000000001,0,,0
SLICES_CA-RU-R_x_916_y_901_z_222_experiment,ground_truth,,,85,161,0.0,0,,0
SLICES_CA-RU-R_x_916_y_901_z_222_experiment,ground_truth,,,86,42,0.018000000000000002,0,,0
SLICES_CA-RU-R_x_916_y_901_z_222_experiment,ground_truth,,,87,30,0.030000000000000006,0,,0
SLICES_CA-RU-R_x_916_y_901_z_222_experiment,ground_truth,,,88,9,0.018000000000000002,0,,0
SLICES_CA-RU-R_x_916_y_901_z_222_experiment,ground_truth,,,89,159,0.030000000000000006,0,,0
SLICES_CA-RU-R_x_916_y_901_z_222_experiment,ground_truth,,,90,35,0.024000000000000004,0,,0
SLICES_CA-RU-R_x_916_y_901_z_222_experiment,ground_truth,,,91,9,0.018000000000000002,0,,0
SLICES_CA-RU-R_x_916_y_901_z_222_experiment,ground_truth,,,92,363,0.06600000000000002,0,,0
SLICES_CA-RU-R_x_916_y_901_z_222_experiment,ground_truth,,,93,380,0.08400000000000002,0,,0
SLICES_CA-RU-R_x_916_y_901_z_222_experiment,ground_truth,,,94,726,0.34800000000000003,0,,0
SLICES_CA-RU-R_x_916_y_901_z_222_experiment,ground_truth,,,95,1020,0.30600000000000005,0,,0
SLICES_CA-RU-R_x_916_y_901_z_222_experiment,ground_truth,,,96,1859,0.45000000000000007,0,,0
SLICES_CA-RU-R_x_916_y_901_z_222_experiment,ground_truth,,,97,72,0.04200000000000001,0,,0
SLICES_CA-RU-R_x_916_y_901_z_222_experiment,ground_truth,,,98,8417,1.2060000000000002,0,,0
SLICES_CA-RU-R_x_916_y_901_z_222_experiment,ground_truth,,,99,132,0.054000000000000006,0,,0
SLICES_CA-RU-R_x_916_y_901_z_222_experiment,ground_truth,,,100,53,0.024000000000000004,0,,0
SLICES_CA-RU-R_x_916_y_901_z_222_experiment,ground_truth,,,101,34,0.030000000000000006,0,,0
SLICES_CA-RU-R_x_916_y_901_z_222_experiment,ground_truth,,,102,1511,0.23400000000000004,0,,0
SLICES_CA-RU-R_x_916_y_901_z_222_experiment,ground_truth,,,103,24,0.012000000000000002,0,,0
SLICES_CA-RU-R_x_916_y_901_z_222_experiment,ground_truth,,,104,176,0.06000000000000001,0,,0
SLICES_CA-RU-R_x_916_y_901_z_222_experiment,ground_truth,,,105,35,0.0,0,,0
SLICES_CA-RU-R_x_916_y_901_z_222_experiment,ground_truth,,,106,189,0.07200000000000001,0,,0
SLICES_CA-RU-R_x_916_y_901_z_222_experiment,ground_truth,,,107,197,0.036000000000000004,0,,0
SLICES_CA-RU-R_x_916_y_901_z_222_experiment,ground_truth,,,108,166,0.04200000000000001,0,,0
SLICES_CA-RU-R_x_916_y_901_z_222_experiment,ground_truth,,,109,9,0.018000000000000002,0,,0
SLICES_CA-RU-R_x_916_y_901_z_222_experiment,ground_truth,,,110,15,0.018000000000000002,0,,0
SLICES_CA-RU-R_x_916_y_901_z_222_experiment,ground_truth,,,111,77,0.030000000000000006,0,,0
SLICES_CA-RU-R_x_916_y_901_z_222_experiment,ground_truth,,,112,1464,0.39000000000000007,0,,0
SLICES_CA-RU-R_x_916_y_901_z_222_experiment,ground_truth,,,113,110,0.04200000000000001,0,,0
SLICES_CA-RU-R_x_916_y_901_z_222_experiment,ground_truth,,,114,86,0.018000000000000002,0,,0
SLICES_CA-RU-R_x_916_y_901_z_222_experiment,ground_truth,,,115,84,0.012000000000000002,0,,0
SLICES_CA-RU-R_x_916_y_901_z_222_experiment,ground_truth,,,116,162,0.06600000000000002,0,,0
SLICES_CA-RU-R_x_916_y_901_z_222_experiment,ground_truth,,,117,88,0.04200000000000001,0,,0
SLICES_CA-RU-R_x_916_y_901_z_222_experiment,ground_truth,,,118,177,0.04800000000000001,0,,0
SLICES_CA-RU-R_x_916_y_901_z_222_experiment,ground_truth,,,119,32,0.036000000000000004,0,,0
SLICES_CA-RU-R_x_916_y_901_z_222_experiment,ground_truth,,,120,850,0.28200000000000003,0,,0
SLICES_CA-RU-R_x_916_y_901_z_222_experiment,ground_truth,,,121,392,0.20400000000000004,0,,0
SLICES_CA-RU-R_x_916_y_901_z_222_experiment,ground_truth,,,122,367,0.16800000000000004,0,,0
SLICES_CA-RU-R_x_916_y_901_z_222_experiment,ground_truth,,,123,9,0.018000000000000002,0,,0
SLICES_CA-RU-R_x_916_y_901_z_222_experiment,ground_truth,,,124,1913,0.37200000000000005,0,,0
SLICES_CA-RU-R_x_916_y_901_z_222_experiment,ground_truth,,,125,412,0.17400000000000002,0,,0
SLICES_CA-RU-R_x_916_y_901_z_222_experiment,ground_truth,,,126,27,0.018000000000000002,0,,0
SLICES_CA-RU-R_x_916_y_901_z_222_experiment,ground_truth,,,127,498,0.18000000000000002,0,,0
SLICES_CA-RU-R_x_916_y_901_z_222_experiment,ground_truth,,,128,305,0.10200000000000002,0,,0
SLICES_CA-RU-R_x_916_y_901_z_222_experiment,ground_truth,,,129,681,0.28200000000000003,0,,0
SLICES_CA-RU-R_x_916_y_901_z_222_experiment,ground_truth,,,130,12,0.012000000000000002,0,,0
SLICES_CA-RU-R_x_916_y_901_z_222_experiment,ground_truth,,,131,282,0.054000000000000006,0,,0
SLICES_CA-RU-R_x_916_y_901_z_222_experiment,ground_truth,,,132,442,0.22200000000000003,0,,0
SLICES_CA-RU-R_x_916_y_901_z_222_experiment,ground_truth,,,133,29,0.018000000000000002,0,,0
SLICES_CA-RU-R_x_916_y_901_z_222_experiment,ground_truth,,,134,477,0.19200000000000003,0,,0
SLICES_CA-RU-R_x_916_y_901_z_222_experiment,ground_truth,,,135,313,0.07200000000000001,0,,0
SLICES_CA-RU-R_x_916_y_901_z_222_experiment,ground_truth,,,136,224,0.13200000000000003,0,,0
SLICES_CA-RU-R_x_916_y_901_z_222_experiment,ground_truth,,,137,128,0.054000000000000006,0,,0
SLICES_CA-RU-R_x_916_y_901_z_222_experiment,ground_truth,,,138,624,0.15000000000000002,0,,0
SLICES_CA-RU-R_x_916_y_901_z_222_experiment,ground_truth,,,139,49,0.06600000000000002,0,,0
SLICES_CA-RU-R_x_916_y_901_z_222_experiment,ground_truth,,,140,244,0.13200000000000003,0,,0
SLICES_CA-RU-R_x_916_y_901_z_222_experiment,ground_truth,,,141,23,0.018000000000000002,0,,0
SLICES_CA-RU-R_x_916_y_901_z_222_experiment,ground_truth,,,142,1379,0.19200000000000003,0,,0
SLICES_CA-RU-R_x_916_y_901_z_222_experiment,ground_truth,,,143,171,0.06600000000000002,0,,0
SLICES_CA-RU-R_x_916_y_901_z_222_experiment,ground_truth,,,144,191,0.07800000000000001,0,,0
SLICES_CA-RU-R_x_916_y_901_z_222_experiment,ground_truth,,,145,205,0.06600000000000002,0,,0
SLICES_CA-RU-R_x_916_y_901_z_222_experiment,ground_truth,,,146,507,0.15600000000000003,0,,0
SLICES_CA-RU-R_x_916_y_901_z_222_experiment,ground_truth,,,147,315,0.12000000000000002,0,,0
SLICES_CA-RU-R_x_916_y_901_z_222_experiment,threshold,best_dice,173,1,777,0.054000000000000006,577,2,1
SLICES_CA-RU-R_x_916_y_901_z_222_experiment,threshold,best_dice,173,2,138,0.10800000000000001,0,,0
SLICES_CA-RU-R_x_916_y_901_z_222_experiment,threshold,best_dice,173,3,17,0.006000000000000001,0,,0
SLICES_CA-RU-R_x_916_y_901_z_222_experiment,threshold,best_dice,173,4,17,0.006000000000000001,0,,0
SLICES_CA-RU-R_x_916_y_901_z_222_experiment,threshold,best_dice,173,5,441,0.16200000000000003,430,3,1
SLICES_CA-RU-R_x_916_y_901_z_222_experiment,threshold,best_dice,173,6,1,0.006000000000000001,0,,0
SLICES_CA-RU-R_x_916_y_901_z_222_experiment,threshold,best_dice,173,7,6,0.018000000000000002,0,,0
SLICES_CA-RU-R_x_916_y_901_z_222_experiment,threshold,best_dice,173,8,1192,0.036000000000000004,896,4,1
SLICES_CA-RU-R_x_916_y_901_z_222_experiment,threshold,best_dice,173,9,15528,1.1640000000000001,0,,0
SLICES_CA-RU-R_x_916_y_901_z_222_experiment,threshold,best_dice,173,10,194,0.04200000000000001,0,,0
SLICES_CA-RU-R_x_916_y_901_z_222_experiment,threshold,best_dice,173,11,7,0.006000000000000001,0,,0
SLICES_CA-RU-R_x_916_y_901_z_222_experiment,threshold,best_dice,173,12,1456,0.21000000000000005,0,,0
SLICES_CA-RU-R_x_916_y_901_z_222_experiment,threshold,best_dice,173,13,275,0.10200000000000002,0,,0
SLICES_CA-RU-R_x_916_y_901_z_222_experiment,threshold,best_dice,173,14,12,0.006000000000000001,0,,0
SLICES_CA-RU-R_x_916_y_901_z_222_experiment,threshold,best_dice,173,15,296,0.012000000000000002,0,,0
SLICES_CA-RU-R_x_916_y_901_z_222_experiment,threshold,best_dice,173,16,1,0.006000000000000001,0,,0
SLICES_CA-RU-R_x_916_y_901_z_222_experiment,threshold,best_dice,173,17,22,0.012000000000000002,0,,0
SLICES_CA-RU-R_x_916_y_901_z_222_experiment,threshold,best_dice,173,18,326,0.054000000000000006,287,7,1
SLICES_CA-RU-R_x_916_y_901_z_222_experiment,threshold,best_dice,173,19,1,0.0,0,,0
SLICES_CA-RU-R_x_916_y_901_z_222_experiment,threshold,best_dice,173,20,21,0.006000000000000001,0,,0
SLICES_CA-RU-R_x_916_y_901_z_222_experiment,threshold,best_dice,173,21,2,0.0,0,,0
SLICES_CA-RU-R_x_916_y_901_z_222_experiment,threshold,best_dice,173,22,7,0.006000000000000001,0,,0
SLICES_CA-RU-R_x_916_y_901_z_222_experiment,threshold,best_dice,173,23,55,0.024000000000000004,0,,0
SLICES_CA-RU-R_x_916_y_901_z_222_experiment,threshold,best_dice,173,24,1,0.006000000000000001,0,,0
SLICES_CA-RU-R_x_916_y_901_z_222_experiment,threshold,best_dice,173,25,2,0.012000000000000002,0,,0
SLICES_CA-RU-R_x_916_y_901_z_222_experiment,threshold,best_dice,173,26,14,0.012000000000000002,0,,0
SLICES_CA-RU-R_x_916_y_901_z_222_experiment,threshold,best_dice,173,27,3,0.0,0,,0
SLICES_CA-RU-R_x_916_y_901_z_222_experiment,threshold,best_dice,173,28,7,0.012000000000000002,0,,0
SLICES_CA-RU-R_x_916_y_901_z_222_experiment,threshold,best_dice,173,29,1,0.006000000000000001,0,,0
SLICES_CA-RU-R_x_916_y_901_z_222_experiment,threshold,best_dice,173,30,146,0.006000000000000001,0,,0
SLICES_CA-RU-R_x_916_y_901_z_222_experiment,threshold,best_dice,173,31,3,0.006000000000000001,0,,0
SLICES_CA-RU-R_x_916_y_901_z_222_experiment,threshold,best_dice,173,32,17,0.012000000000000002,0,,0
SLICES_CA-RU-R_x_916_y_901_z_222_experiment,threshold,best_dice,173,33,2,0.012000000000000002,0,,0
SLICES_CA-RU-R_x_916_y_901_z_222_experiment,threshold,best_dice,173,34,1,0.006000000000000001,0,,0
SLICES_CA-RU-R_x_916_y_901_z_222_experiment,threshold,best_dice,173,35,7,0.0,0,,0
SLICES_CA-RU-R_x_916_y_901_z_222_experiment,threshold,best_dice,173,36,4,0.012000000000000002,0,,0
SLICES_CA-RU-R_x_916_y_901_z_222_experiment,threshold,best_dice,173,37,10,0.006000000000000001,0,,0
SLICES_CA-RU-R_x_916_y_901_z_222_experiment,threshold,best_dice,173,38,6,0.006000000000000001,0,,0
SLICES_CA-RU-R_x_916_y_901_z_222_experiment,threshold,best_dice,173,39,1,0.0,0,,0
SLICES_CA-RU-R_x_916_y_901_z_222_experiment,threshold,best_dice,173,40,11,0.006000000000000001,11,11,1
SLICES_CA-RU-R_x_916_y_901_z_222_experiment,threshold,best_dice,173,41,10,0.006000000000000001,0,,0
SLICES_CA-RU-R_x_916_y_901_z_222_experiment,threshold,best_dice,173,42,5,0.006000000000000001,0,,0
SLICES_CA-RU-R_x_916_y_901_z_222_experiment,threshold,best_dice,173,43,4,0.006000000000000001,0,,0
SLICES_CA-RU-R_x_916_y_901_z_222_experiment,threshold,best_dice,173,44,201,0.024000000000000004,201,3,1
SLICES_CA-RU-R_x_916_y_901_z_222_experiment,threshold,best_dice,173,45,15,0.018000000000000002,0,,0
SLICES_CA-RU-R_x_916_y_901_z_222_experiment,threshold,best_dice,173,46,7,0.0,0,,0
SLICES_CA-RU-R_x_916_y_901_z_222_experiment,threshold,best_dice,173,47,4,0.012000000000000002,0,,0
SLICES_CA-RU-R_x_916_y_901_z_222_experiment,threshold,best_dice,173,48,68,0.012000000000000002,68,3,1
SLICES_CA-RU-R_x_916_y_901_z_222_experiment,threshold,best_dice,173,49,3,0.0,0,,0
SLICES_CA-RU-R_x_916_y_901_z_222_experiment,threshold,best_dice,173,50,6,0.006000000000000001,0,,0
SLICES_CA-RU-R_x_916_y_901_z_222_experiment,threshold,best_dice,173,51,30,0.012000000000000002,0,,0
SLICES_CA-RU-R_x_916_y_901_z_222_experiment,threshold,best_dice,173,52,512,0.08400000000000002,458,11,1
SLICES_CA-RU-R_x_916_y_901_z_222_experiment,threshold,best_dice,173,53,22,0.012000000000000002,0,,0
SLICES_CA-RU-R_x_916_y_901_z_222_experiment,threshold,best_dice,173,54,1,0.006000000000000001,0,,0
SLICES_CA-RU-R_x_916_y_901_z_222_experiment,threshold,best_dice,173,55,9,0.006000000000000001,0,,0
SLICES_CA-RU-R_x_916_y_901_z_222_experiment,threshold,best_dice,173,56,55,0.030000000000000006,0,,0
SLICES_CA-RU-R_x_916_y_901_z_222_experiment,threshold,best_dice,173,57,6,0.006000000000000001,0,,0
SLICES_CA-RU-R_x_916_y_901_z_222_experiment,threshold,best_dice,173,58,23,0.006000000000000001,0,,0
SLICES_CA-RU-R_x_916_y_901_z_222_experiment,threshold,best_dice,173,59,62,0.012000000000000002,50,12,1
SLICES_CA-RU-R_x_916_y_901_z_222_experiment,threshold,best_dice,173,60,5,0.006000000000000001,0,,0
SLICES_CA-RU-R_x_916_y_901_z_222_experiment,threshold,best_dice,173,61,168,0.018000000000000002,0,,0
SLICES_CA-RU-R_x_916_y_901_z_222_experiment,threshold,best_dice,173,62,12,0.012000000000000002,0,,0
SLICES_CA-RU-R_x_916_y_901_z_222_experiment,threshold,best_dice,173,63,1,0.006000000000000001,0,,0
SLICES_CA-RU-R_x_916_y_901_z_222_experiment,threshold,best_dice,173,64,5,0.012000000000000002,5,12,1
SLICES_CA-RU-R_x_916_y_901_z_222_experiment,threshold,best_dice,173,65,2,0.012000000000000002,0,,0
SLICES_CA-RU-R_x_916_y_901_z_222_experiment,threshold,best_dice,173,66,2,0.012000000000000002,0,,0
SLICES_CA-RU-R_x_916_y_901_z_222_experiment,threshold,best_dice,173,67,1,0.006000000000000001,0,,0
SLICES_CA-RU-R_x_916_y_901_z_222_experiment,threshold,best_dice,173,68,4,0.0,0,,0
SLICES_CA-RU-R_x_916_y_901_z_222_experiment,threshold,best_dice,173,69,30,0.030000000000000006,0,,0
SLICES_CA-RU-R_x_916_y_901_z_222_experiment,threshold,best_dice,173,70,4,0.006000000000000001,0,,0
SLICES_CA-RU-R_x_916_y_901_z_222_experiment,threshold,best_dice,173,71,368,0.08400000000000002,263,13,1
SLICES_CA-RU-R_x_916_y_901_z_222_experiment,threshold,best_dice,173,72,407,0.012000000000000002,369,16,1
SLICES_CA-RU-R_x_916_y_901_z_222_experiment,threshold,best_dice,173,73,6,0.012000000000000002,0,,0
SLICES_CA-RU-R_x_916_y_901_z_222_experiment,threshold,best_dice,173,74,1,0.006000000000000001,0,,0
SLICES_CA-RU-R_x_916_y_901_z_222_experiment,threshold,best_dice,173,75,22,0.012000000000000002,0,,0
SLICES_CA-RU-R_x_916_y_901_z_222_experiment,threshold,best_dice,173,76,13,0.0,0,,0
SLICES_CA-RU-R_x_916_y_901_z_222_experiment,threshold,best_dice,173,77,16,0.012000000000000002,0,,0
SLICES_CA-RU-R_x_916_y_901_z_222_experiment,threshold,best_dice,173,78,9,0.0,9,17,1
SLICES_CA-RU-R_x_916_y_901_z_222_experiment,threshold,best_dice,173,79,4,0.0,0,,0
SLICES_CA-RU-R_x_916_y_901_z_222_experiment,threshold,best_dice,173,80,15,0.012000000000000002,0,,0
SLICES_CA-RU-R_x_916_y_901_z_222_experiment,threshold,best_dice,173,81,7,0.006000000000000001,0,,0
SLICES_CA-RU-R_x_916_y_901_z_222_experiment,threshold,best_dice,173,82,3,0.0,0,,0
SLICES_CA-RU-R_x_916_y_901_z_222_experiment,threshold,best_dice,173,83,17,0.024000000000000004,17,5,1
SLICES_CA-RU-R_x_916_y_901_z_222_experiment,threshold,best_dice,173,84,84,0.036000000000000004,0,,0
SLICES_CA-RU-R_x_916_y_901_z_222_experiment,threshold,best_dice,173,85,9,0.006000000000000001,0,,0
SLICES_CA-RU-R_x_916_y_901_z_222_experiment,threshold,best_dice,173,86,8,0.006000000000000001,0,,0
SLICES_CA-RU-R_x_916_y_901_z_222_experiment,threshold,best_dice,173,87,60,0.012000000000000002,0,,0
SLICES_CA-RU-R_x_916_y_901_z_222_experiment,threshold,best_dice,173,88,70,0.012000000000000002,0,,0
SLICES_CA-RU-R_x_916_y_901_z_222_experiment,threshold,best_dice,173,89,7,0.006000000000000001,0,,0
SLICES_CA-RU-R_x_916_y_901_z_222_experiment,threshold,best_dice,173,90,237,0.012000000000000002,0,,0
SLICES_CA-RU-R_x_916_y_901_z_222_experiment,threshold,best_dice,173,91,1,0.006000000000000001,0,,0
SLICES_CA-RU-R_x_916_y_901_z_222_experiment,threshold,best_dice,173,92,8,0.0,0,,0
SLICES_CA-RU-R_x_916_y_901_z_222_experiment,threshold,best_dice,173,93,42,0.006000000000000001,0,,0
SLICES_CA-RU-R_x_916_y_901_z_222_experiment,threshold,best_dice,173,94,48,0.012000000000000002,0,,0
SLICES_CA-RU-R_x_916_y_901_z_222_experiment,threshold,best_dice,173,95,1,0.006000000000000001,0,,0
SLICES_CA-RU-R_x_916_y_901_z_222_experiment,threshold,best_dice,173,96,1,0.006000000000000001,0,,0
SLICES_CA-RU-R_x_916_y_901_z_222_experiment,threshold,best_dice,173,97,86,0.012000000000000002,0,,0
SLICES_CA-RU-R_x_916_y_901_z_222_experiment,threshold,best_dice,173,98,28,0.0,28,21,1
SLICES_CA-RU-R_x_916_y_901_z_222_experiment,threshold,best_dice,173,99,2210,0.27,1987,22,1
SLICES_CA-RU-R_x_916_y_901_z_222_experiment,threshold,best_dice,173,100,79,0.054000000000000006,79,23,1
SLICES_CA-RU-R_x_916_y_901_z_222_experiment,threshold,best_dice,173,101,375,0.15000000000000002,0,,0
SLICES_CA-RU-R_x_916_y_901_z_222_experiment,threshold,best_dice,173,102,1,0.006000000000000001,0,,0
SLICES_CA-RU-R_x_916_y_901_z_222_experiment,threshold,best_dice,173,103,1,0.006000000000000001,0,,0
SLICES_CA-RU-R_x_916_y_901_z_222_experiment,threshold,best_dice,173,104,31,0.012000000000000002,0,,0
SLICES_CA-RU-R_x_916_y_901_z_222_experiment,threshold,best_dice,173,105,93,0.0,0,,0
SLICES_CA-RU-R_x_916_y_901_z_222_experiment,threshold,best_dice,173,106,1,0.006000000000000001,0,,0
SLICES_CA-RU-R_x_916_y_901_z_222_experiment,threshold,best_dice,173,107,1,0.006000000000000001,0,,0
SLICES_CA-RU-R_x_916_y_901_z_222_experiment,threshold,best_dice,173,108,43,0.012000000000000002,41,27,1
SLICES_CA-RU-R_x_916_y_901_z_222_experiment,threshold,best_dice,173,109,64,0.030000000000000006,0,,0
SLICES_CA-RU-R_x_916_y_901_z_222_experiment,threshold,best_dice,173,110,2768,0.17400000000000002,2614,23,1
SLICES_CA-RU-R_x_916_y_901_z_222_experiment,threshold,best_dice,173,111,9,0.0,0,,0
SLICES_CA-RU-R_x_916_y_901_z_222_experiment,threshold,best_dice,173,112,36,0.012000000000000002,0,,0
SLICES_CA-RU-R_x_916_y_901_z_222_experiment,threshold,best_dice,173,113,115,0.018000000000000002,107,27,1
SLICES_CA-RU-R_x_916_y_901_z_222_experiment,threshold,best_dice,173,114,41,0.0,41,28,1
SLICES_CA-RU-R_x_916_y_901_z_222_experiment,threshold,best_dice,173,115,2,0.012000000000000002,0,,0
SLICES_CA-RU-R_x_916_y_901_z_222_experiment,threshold,best_dice,173,116,82,0.012000000000000002,0,,0
SLICES_CA-RU-R_x_916_y_901_z_222_experiment,threshold,best_dice,173,117,47,0.024000000000000004,0,,0
SLICES_CA-RU-R_x_916_y_901_z_222_experiment,threshold,best_dice,173,118,82,0.012000000000000002,0,,0
SLICES_CA-RU-R_x_916_y_901_z_222_experiment,threshold,best_dice,173,119,4,0.018000000000000002,0,,0
SLICES_CA-RU-R_x_916_y_901_z_222_experiment,threshold,best_dice,173,120,9,0.0,9,29,1
SLICES_CA-RU-R_x_916_y_901_z_222_experiment,threshold,best_dice,173,121,2,0.012000000000000002,0,,0
SLICES_CA-RU-R_x_916_y_901_z_222_experiment,threshold,best_dice,173,122,3,0.018000000000000002,0,,0
SLICES_CA-RU-R_x_916_y_901_z_222_experiment,threshold,best_dice,173,123,1,0.006000000000000001,0,,0
SLICES_CA-RU-R_x_916_y_901_z_222_experiment,threshold,best_dice,173,124,5,0.006000000000000001,0,,0
SLICES_CA-RU-R_x_916_y_901_z_222_experiment,threshold,best_dice,173,125,1094,0.21000000000000005,683,35;59,2
SLICES_CA-RU-R_x_916_y_901_z_222_experiment,threshold,best_dice,173,126,6,0.018000000000000002,0,,0
SLICES_CA-RU-R_x_916_y_901_z_222_experiment,threshold,best_dice,173,127,19,0.018000000000000002,18,27,1
SLICES_CA-RU-R_x_916_y_901_z_222_experiment,threshold,best_dice,173,128,159,0.07200000000000001,0,,0
SLICES_CA-RU-R_x_916_y_901_z_222_experiment,threshold,best_dice,173,129,73,0.018000000000000002,73,31,1
SLICES_CA-RU-R_x_916_y_901_z_222_experiment,threshold,best_dice,173,130,3,0.006000000000000001,0,,0
SLICES_CA-RU-R_x_916_y_901_z_222_experiment,threshold,best_dice,173,131,7,0.012000000000000002,0,,0
SLICES_CA-RU-R_x_916_y_901_z_222_experiment,threshold,best_dice,173,132,1,0.006000000000000001,0,,0
SLICES_CA-RU-R_x_916_y_901_z_222_experiment,threshold,best_dice,173,133,50,0.024000000000000004,0,,0
SLICES_CA-RU-R_x_916_y_901_z_222_experiment,threshold,best_dice,173,134,119,0.012000000000000002,119,22,1
SLICES_CA-RU-R_x_916_y_901_z_222_experiment,threshold,best_dice,173,135,5,0.006000000000000001,5,28,1
SLICES_CA-RU-R_x_916_y_901_z_222_experiment,threshold,best_dice,173,136,1,0.0,1,35,1
SLICES_CA-RU-R_x_916_y_901_z_222_experiment,threshold,best_dice,173,137,630,0.15000000000000002,627,37,1
SLICES_CA-RU-R_x_916_y_901_z_222_experiment,threshold,best_dice,173,138,73,0.018000000000000002,0,,0
SLICES_CA-RU-R_x_916_y_901_z_222_experiment,threshold,best_dice,173,139,15,0.006000000000000001,0,,0
SLICES_CA-RU-R_x_916_y_901_z_222_experiment,threshold,best_dice,173,140,6,0.006000000000000001,0,,0
SLICES_CA-RU-R_x_916_y_901_z_222_experiment,threshold,best_dice,173,141,1,0.0,0,,0
SLICES_CA-RU-R_x_916_y_901_z_222_experiment,threshold,best_dice,173,142,7,0.006000000000000001,0,,0
SLICES_CA-RU-R_x_916_y_901_z_222_experiment,threshold,best_dice,173,143,3,0.0,0,,0
SLICES_CA-RU-R_x_916_y_901_z_222_experiment,threshold,best_dice,173,144,180,0.024000000000000004,173,42,1
SLICES_CA-RU-R_x_916_y_901_z_222_experiment,threshold,best_dice,173,145,4,0.006000000000000001,0,,0
SLICES_CA-RU-R_x_916_y_901_z_222_experiment,threshold,best_dice,173,146,1,0.006000000000000001,1,38,1
SLICES_CA-RU-R_x_916_y_901_z_222_experiment,threshold,best_dice,173,147,14,0.012000000000000002,0,,0
SLICES_CA-RU-R_x_916_y_901_z_222_experiment,threshold,best_dice,173,148,153,0.036000000000000004,0,,0
SLICES_CA-RU-R_x_916_y_901_z_222_experiment,threshold,best_dice,173,149,5,0.012000000000000002,0,,0
SLICES_CA-RU-R_x_916_y_901_z_222_experiment,threshold,best_dice,173,150,1,0.006000000000000001,0,,0
SLICES_CA-RU-R_x_916_y_901_z_222_experiment,threshold,best_dice,173,151,1,0.006000000000000001,0,,0
SLICES_CA-RU-R_x_916_y_901_z_222_experiment,threshold,best_dice,173,152,838,0.08400000000000002,774,44,1
SLICES_CA-RU-R_x_916_y_901_z_222_experiment,threshold,best_dice,173,153,1,0.006000000000000001,0,,0
SLICES_CA-RU-R_x_916_y_901_z_222_experiment,threshold,best_dice,173,154,1,0.006000000000000001,0,,0
SLICES_CA-RU-R_x_916_y_901_z_222_experiment,threshold,best_dice,173,155,1,0.006000000000000001,0,,0
SLICES_CA-RU-R_x_916_y_901_z_222_experiment,threshold,best_dice,173,156,9,0.012000000000000002,8,47,1
SLICES_CA-RU-R_x_916_y_901_z_222_experiment,threshold,best_dice,173,157,239,0.024000000000000004,0,,0
SLICES_CA-RU-R_x_916_y_901_z_222_experiment,threshold,best_dice,173,158,61,0.006000000000000001,0,,0
SLICES_CA-RU-R_x_916_y_901_z_222_experiment,threshold,best_dice,173,159,10,0.0,3,50,1
SLICES_CA-RU-R_x_916_y_901_z_222_experiment,threshold,best_dice,173,160,5,0.006000000000000001,5,34,1
SLICES_CA-RU-R_x_916_y_901_z_222_experiment,threshold,best_dice,173,161,38,0.024000000000000004,0,,0
SLICES_CA-RU-R_x_916_y_901_z_222_experiment,threshold,best_dice,173,162,9,0.006000000000000001,0,,0
SLICES_CA-RU-R_x_916_y_901_z_222_experiment,threshold,best_dice,173,163,24,0.018000000000000002,17,53,1
SLICES_CA-RU-R_x_916_y_901_z_222_experiment,threshold,best_dice,173,164,7,0.006000000000000001,0,,0
SLICES_CA-RU-R_x_916_y_901_z_222_experiment,threshold,best_dice,173,165,511,0.15600000000000003,511,54,1
SLICES_CA-RU-R_x_916_y_901_z_222_experiment,threshold,best_dice,173,166,2,0.0,1,53,1
SLICES_CA-RU-R_x_916_y_901_z_222_experiment,threshold,best_dice,173,167,86,0.06000000000000001,86,51,1
SLICES_CA-RU-R_x_916_y_901_z_222_experiment,threshold,best_dice,173,168,18,0.006000000000000001,0,,0
SLICES_CA-RU-R_x_916_y_901_z_222_experiment,threshold,best_dice,173,169,2,0.0,0,,0
SLICES_CA-RU-R_x_916_y_901_z_222_experiment,threshold,best_dice,173,170,11,0.006000000000000001,0,,0
SLICES_CA-RU-R_x_916_y_901_z_222_experiment,threshold,best_dice,173,171,223,0.018000000000000002,220,37,1
SLICES_CA-RU-R_x_916_y_901_z_222_experiment,threshold,best_dice,173,172,1551,0.5160000000000001,0,,0
SLICES_CA-RU-R_x_916_y_901_z_222_experiment,threshold,best_dice,173,173,70,0.0,60,61,1
SLICES_CA-RU-R_x_916_y_901_z_222_experiment,threshold,best_dice,173,174,331,0.04200000000000001,0,,0
SLICES_CA-RU-R_x_916_y_901_z_222_experiment,threshold,best_dice,173,175,1,0.0,0,,0
SLICES_CA-RU-R_x_916_y_901_z_222_experiment,threshold,best_dice,173,176,2,0.0,0,,0
SLICES_CA-RU-R_x_916_y_901_z_222_experiment,threshold,best_dice,173,177,1,0.006000000000000001,0,,0
SLICES_CA-RU-R_x_916_y_901_z_222_experiment,threshold,best_dice,173,178,33,0.006000000000000001,0,,0
SLICES_CA-RU-R_x_916_y_901_z_222_experiment,threshold,best_dice,173,179,66,0.04200000000000001,66,34,1
SLICES_CA-RU-R_x_916_y_901_z_222_experiment,threshold,best_dice,173,180,9,0.0,2,64,1
SLICES_CA-RU-R_x_916_y_901_z_222_experiment,threshold,best_dice,173,181,779,0.12000000000000002,730,54,1
SLICES_CA-RU-R_x_916_y_901_z_222_experiment,threshold,best_dice,173,182,1361,0.09000000000000001,1336,49,1
SLICES_CA-RU-R_x_916_y_901_z_222_experiment,threshold,best_dice,173,183,1,0.006000000000000001,0,,0
SLICES_CA-RU-R_x_916_y_901_z_222_experiment,threshold,best_dice,173,184,10,0.0,0,,0
SLICES_CA-RU-R_x_916_y_901_z_222_experiment,threshold,best_dice,173,185,3,0.0,0,,0
SLICES_CA-RU-R_x_916_y_901_z_222_experiment,threshold,best_dice,173,186,20,0.006000000000000001,0,,0
SLICES_CA-RU-R_x_916_y_901_z_222_experiment,threshold,best_dice,173,187,13,0.006000000000000001,0,,0
SLICES_CA-RU-R_x_916_y_901_z_222_experiment,threshold,best_dice,173,188,3,0.0,0,,0
SLICES_CA-RU-R_x_916_y_901_z_222_experiment,threshold,best_dice,173,189,30,0.018000000000000002,0,,0
SLICES_CA-RU-R_x_916_y_901_z_222_experiment,threshold,best_dice,173,190,23,0.012000000000000002,23,49,1
SLICES_CA-RU-R_x_916_y_901_z_222_experiment,threshold,best_dice,173,191,1,0.0,0,,0
SLICES_CA-RU-R_x_916_y_901_z_222_experiment,threshold,best_dice,173,192,2,0.0,0,,0
SLICES_CA-RU-R_x_916_y_901_z_222_experiment,threshold,best_dice,173,193,6,0.012000000000000002,6,49,1
SLICES_CA-RU-R_x_916_y_901_z_222_experiment,threshold,best_dice,173,194,80,0.006000000000000001,80,49,1
SLICES_CA-RU-R_x_916_y_901_z_222_experiment,threshold,best_dice,173,195,16,0.012000000000000002,0,,0
SLICES_CA-RU-R_x_916_y_901_z_222_experiment,threshold,best_dice,173,196,16,0.006000000000000001,14,65,1
SLICES_CA-RU-R_x_916_y_901_z_222_experiment,threshold,best_dice,173,197,1,0.006000000000000001,1,49,1
SLICES_CA-RU-R_x_916_y_901_z_222_experiment,threshold,best_dice,173,198,1,0.0,0,,0
SLICES_CA-RU-R_x_916_y_901_z_222_experiment,threshold,best_dice,173,199,3,0.0,0,,0
SLICES_CA-RU-R_x_916_y_901_z_222_experiment,threshold,best_dice,173,200,4442,0.6900000000000002,4204,49,1
SLICES_CA-RU-R_x_916_y_901_z_222_experiment,threshold,best_dice,173,201,2,0.012000000000000002,0,,0
SLICES_CA-RU-R_x_916_y_901_z_222_experiment,threshold,best_dice,173,202,1,0.006000000000000001,0,,0
SLICES_CA-RU-R_x_916_y_901_z_222_experiment,threshold,best_dice,173,203,10,0.012000000000000002,0,,0
SLICES_CA-RU-R_x_916_y_901_z_222_experiment,threshold,best_dice,173,204,108,0.012000000000000002,0,,0
SLICES_CA-RU-R_x_916_y_901_z_222_experiment,threshold,best_dice,173,205,101,0.054000000000000006,100,70,1
SLICES_CA-RU-R_x_916_y_901_z_222_experiment,threshold,best_dice,173,206,1,0.006000000000000001,0,,0
SLICES_CA-RU-R_x_916_y_901_z_222_experiment,threshold,best_dice,173,207,15,0.006000000000000001,0,,0
SLICES_CA-RU-R_x_916_y_901_z_222_experiment,threshold,best_dice,173,208,11,0.012000000000000002,11,71,1
SLICES_CA-RU-R_x_916_y_901_z_222_experiment,threshold,best_dice,173,209,3,0.006000000000000001,3,74,1
SLICES_CA-RU-R_x_916_y_901_z_222_experiment,threshold,best_dice,173,210,1,0.006000000000000001,0,,0
SLICES_CA-RU-R_x_916_y_901_z_222_experiment,threshold,best_dice,173,211,1,0.006000000000000001,0,,0
SLICES_CA-RU-R_x_916_y_901_z_222_experiment,threshold,best_dice,173,212,1,0.006000000000000001,0,,0
SLICES_CA-RU-R_x_916_y_901_z_222_experiment,threshold,best_dice,173,213,3,0.006000000000000001,3,70,1
SLICES_CA-RU-R_x_916_y_901_z_222_experiment,threshold,best_dice,173,214,55,0.018000000000000002,0,,0
SLICES_CA-RU-R_x_916_y_901_z_222_experiment,threshold,best_dice,173,215,92,0.024000000000000004,0,,0
SLICES_CA-RU-R_x_916_y_901_z_222_experiment,threshold,best_dice,173,216,20,0.012000000000000002,0,,0
SLICES_CA-RU-R_x_916_y_901_z_222_experiment,threshold,best_dice,173,217,2,0.012000000000000002,0,,0
SLICES_CA-RU-R_x_916_y_901_z_222_experiment,threshold,best_dice,173,218,8,0.006000000000000001,0,,0
SLICES_CA-RU-R_x_916_y_901_z_222_experiment,threshold,best_dice,173,219,169,0.07800000000000001,0,,0
SLICES_CA-RU-R_x_916_y_901_z_222_experiment,threshold,best_dice,173,220,1,0.006000000000000001,0,,0
SLICES_CA-RU-R_x_916_y_901_z_222_experiment,threshold,best_dice,173,221,39,0.012000000000000002,0,,0
SLICES_CA-RU-R_x_916_y_901_z_222_experiment,threshold,best_dice,173,222,44,0.006000000000000001,0,,0
SLICES_CA-RU-R_x_916_y_901_z_222_experiment,threshold,best_dice,173,223,5,0.006000000000000001,5,84,1
SLICES_CA-RU-R_x_916_y_901_z_222_experiment,threshold,best_dice,173,224,7,0.012000000000000002,0,,0
SLICES_CA-RU-R_x_916_y_901_z_222_experiment,threshold,best_dice,173,225,7,0.012000000000000002,0,,0
SLICES_CA-RU-R_x_916_y_901_z_222_experiment,threshold,best_dice,173,226,20,0.006000000000000001,20,49,1
SLICES_CA-RU-R_x_916_y_901_z_222_experiment,threshold,best_dice,173,227,196,0.06600000000000002,0,,0
SLICES_CA-RU-R_x_916_y_901_z_222_experiment,threshold,best_dice,173,228,2,0.012000000000000002,0,,0
SLICES_CA-RU-R_x_916_y_901_z_222_experiment,threshold,best_dice,173,229,1,0.006000000000000001,0,,0
SLICES_CA-RU-R_x_916_y_901_z_222_experiment,threshold,best_dice,173,230,72,0.006000000000000001,71,49,1
SLICES_CA-RU-R_x_916_y_901_z_222_experiment,threshold,best_dice,173,231,2,0.0,0,,0
SLICES_CA-RU-R_x_916_y_901_z_222_experiment,threshold,best_dice,173,232,1,0.0,0,,0
SLICES_CA-RU-R_x_916_y_901_z_222_experiment,threshold,best_dice,173,233,2,0.012000000000000002,0,,0
SLICES_CA-RU-R_x_916_y_901_z_222_experiment,threshold,best_dice,173,234,9,0.018000000000000002,0,,0
SLICES_CA-RU-R_x_916_y_901_z_222_experiment,threshold,best_dice,173,235,29,0.0,0,,0
SLICES_CA-RU-R_x_916_y_901_z_222_experiment,threshold,best_dice,173,236,37,0.018000000000000002,35,74,1
SLICES_CA-RU-R_x_916_y_901_z_222_experiment,threshold,best_dice,173,237,19,0.012000000000000002,0,,0
SLICES_CA-RU-R_x_916_y_901_z_222_experiment,threshold,best_dice,173,238,1,0.0,0,,0
SLICES_CA-RU-R_x_916_y_901_z_222_experiment,threshold,best_dice,173,239,582,0.30600000000000005,0,,0
SLICES_CA-RU-R_x_916_y_901_z_222_experiment,threshold,best_dice,173,240,4,0.006000000000000001,0,,0
SLICES_CA-RU-R_x_916_y_901_z_222_experiment,threshold,best_dice,173,241,4,0.006000000000000001,0,,0
SLICES_CA-RU-R_x_916_y_901_z_222_experiment,threshold,best_dice,173,242,20,0.024000000000000004,0,,0
SLICES_CA-RU-R_x_916_y_901_z_222_experiment,threshold,best_dice,173,243,3,0.0,2,49,1
SLICES_CA-RU-R_x_916_y_901_z_222_experiment,threshold,best_dice,173,244,39,0.024000000000000004,0,,0
SLICES_CA-RU-R_x_916_y_901_z_222_experiment,threshold,best_dice,173,245,1,0.0,1,49,1
SLICES_CA-RU-R_x_916_y_901_z_222_experiment,threshold,best_dice,173,246,3053,0.23400000000000004,2739,49,1
SLICES_CA-RU-R_x_916_y_901_z_222_experiment,threshold,best_dice,173,247,26,0.006000000000000001,0,,0
SLICES_CA-RU-R_x_916_y_901_z_222_experiment,threshold,best_dice,173,248,61,0.036000000000000004,0,,0
SLICES_CA-RU-R_x_916_y_901_z_222_experiment,threshold,best_dice,173,249,27,0.012000000000000002,26,74,1
SLICES_CA-RU-R_x_916_y_901_z_222_experiment,threshold,best_dice,173,250,6,0.006000000000000001,6,49,1
SLICES_CA-RU-R_x_916_y_901_z_222_experiment,threshold,best_dice,173,251,6,0.012000000000000002,6,93,1
SLICES_CA-RU-R_x_916_y_901_z_222_experiment,threshold,best_dice,173,252,3,0.0,3,95,1
SLICES_CA-RU-R_x_916_y_901_z_222_experiment,threshold,best_dice,173,253,17,0.006000000000000001,0,,0
SLICES_CA-RU-R_x_916_y_901_z_222_experiment,threshold,best_dice,173,254,65,0.030000000000000006,0,,0
SLICES_CA-RU-R_x_916_y_901_z_222_experiment,threshold,best_dice,173,255,25,0.024000000000000004,0,,0
SLICES_CA-RU-R_x_916_y_901_z_222_experiment,threshold,best_dice,173,256,10559,0.9540000000000002,9203,49,1
SLICES_CA-RU-R_x_916_y_901_z_222_experiment,threshold,best_dice,173,257,3,0.006000000000000001,3,49,1
SLICES_CA-RU-R_x_916_y_901_z_222_experiment,threshold,best_dice,173,258,11,0.006000000000000001,0,,0
SLICES_CA-RU-R_x_916_y_901_z_222_experiment,threshold,best_dice,173,259,1,0.0,0,,0
SLICES_CA-RU-R_x_916_y_901_z_222_experiment,threshold,best_dice,173,260,1,0.006000000000000001,0,,0
SLICES_CA-RU-R_x_916_y_901_z_222_experiment,threshold,best_dice,173,261,62,0.06000000000000001,0,,0
SLICES_CA-RU-R_x_916_y_901_z_222_experiment,threshold,best_dice,173,262,1,0.006000000000000001,0,,0
SLICES_CA-RU-R_x_916_y_901_z_222_experiment,threshold,best_dice,173,263,10,0.006000000000000001,0,,0
SLICES_CA-RU-R_x_916_y_901_z_222_experiment,threshold,best_dice,173,264,8,0.012000000000000002,0,,0
SLICES_CA-RU-R_x_916_y_901_z_222_experiment,threshold,best_dice,173,265,3,0.006000000000000001,0,,0
SLICES_CA-RU-R_x_916_y_901_z_222_experiment,threshold,best_dice,173,266,2,0.012000000000000002,2,95,1
SLICES_CA-RU-R_x_916_y_901_z_222_experiment,threshold,best_dice,173,267,1,0.006000000000000001,0,,0
SLICES_CA-RU-R_x_916_y_901_z_222_experiment,threshold,best_dice,173,268,57,0.024000000000000004,0,,0
SLICES_CA-RU-R_x_916_y_901_z_222_experiment,threshold,best_dice,173,269,83,0.012000000000000002,60,49,1
SLICES_CA-RU-R_x_916_y_901_z_222_experiment,threshold,best_dice,173,270,5,0.006000000000000001,0,,0
SLICES_CA-RU-R_x_916_y_901_z_222_experiment,threshold,best_dice,173,271,11,0.0,0,,0
SLICES_CA-RU-R_x_916_y_901_z_222_experiment,threshold,best_dice,173,272,6613,0.6480000000000001,5699,98,1
SLICES_CA-RU-R_x_916_y_901_z_222_experiment,threshold,best_dice,173,273,8,0.0,0,,0
SLICES_CA-RU-R_x_916_y_901_z_222_experiment,threshold,best_dice,173,274,101,0.030000000000000006,0,,0
SLICES_CA-RU-R_x_916_y_901_z_222_experiment,threshold,best_dice,173,275,5,0.006000000000000001,0,,0
SLICES_CA-RU-R_x_916_y_901_z_222_experiment,threshold,best_dice,173,276,1,0.006000000000000001,0,,0
SLICES_CA-RU-R_x_916_y_901_z_222_experiment,threshold,best_dice,173,277,8,0.0,8,49,1
SLICES_CA-RU-R_x_916_y_901_z_222_experiment,threshold,best_dice,173,278,7,0.012000000000000002,0,,0
SLICES_CA-RU-R_x_916_y_901_z_222_experiment,threshold,best_dice,173,279,1,0.006000000000000001,0,,0
SLICES_CA-RU-R_x_916_y_901_z_222_experiment,threshold,best_dice,173,280,85,0.012000000000000002,84,49,1
SLICES_CA-RU-R_x_916_y_901_z_222_experiment,threshold,best_dice,173,281,12,0.012000000000000002,0,,0
SLICES_CA-RU-R_x_916_y_901_z_222_experiment,threshold,best_dice,173,282,17,0.012000000000000002,16,49,1
SLICES_CA-RU-R_x_916_y_901_z_222_experiment,threshold,best_dice,173,283,6,0.006000000000000001,0,,0
SLICES_CA-RU-R_x_916_y_901_z_222_experiment,threshold,best_dice,173,284,1,0.006000000000000001,0,,0
SLICES_CA-RU-R_x_916_y_901_z_222_experiment,threshold,best_dice,173,285,6,0.012000000000000002,0,,0
SLICES_CA-RU-R_x_916_y_901_z_222_experiment,threshold,best_dice,173,286,60,0.036000000000000004,0,,0
SLICES_CA-RU-R_x_916_y_901_z_222_experiment,threshold,best_dice,173,287,988,0.08400000000000002,950,102,1
SLICES_CA-RU-R_x_916_y_901_z_222_experiment,threshold,best_dice,173,288,1,0.006000000000000001,0,,0
SLICES_CA-RU-R_x_916_y_901_z_222_experiment,threshold,best_dice,173,289,6,0.012000000000000002,0,,0
SLICES_CA-RU-R_x_916_y_901_z_222_experiment,threshold,best_dice,173,290,35,0.036000000000000004,0,,0
SLICES_CA-RU-R_x_916_y_901_z_222_experiment,threshold,best_dice,173,291,3,0.0,0,,0
SLICES_CA-RU-R_x_916_y_901_z_222_experiment,threshold,best_dice,173,292,1,0.006000000000000001,0,,0
SLICES_CA-RU-R_x_916_y_901_z_222_experiment,threshold,best_dice,173,293,10289,2.2020000000000004,0,,0
SLICES_CA-RU-R_x_916_y_901_z_222_experiment,threshold,best_dice,173,294,113,0.018000000000000002,113,98,1
SLICES_CA-RU-R_x_916_y_901_z_222_experiment,threshold,best_dice,173,295,27,0.030000000000000006,0,,0
SLICES_CA-RU-R_x_916_y_901_z_222_experiment,threshold,best_dice,173,296,7,0.012000000000000002,0,,0
SLICES_CA-RU-R_x_916_y_901_z_222_experiment,threshold,best_dice,173,297,8,0.0,0,,0
SLICES_CA-RU-R_x_916_y_901_z_222_experiment,threshold,best_dice,173,298,1,0.006000000000000001,0,,0
SLICES_CA-RU-R_x_916_y_901_z_222_experiment,threshold,best_dice,173,299,1,0.006000000000000001,0,,0
SLICES_CA-RU-R_x_916_y_901_z_222_experiment,threshold,best_dice,173,300,6,0.006000000000000001,0,,0
SLICES_CA-RU-R_x_916_y_901_z_222_experiment,threshold,best_dice,173,301,85,0.024000000000000004,77,108,1
SLICES_CA-RU-R_x_916_y_901_z_222_experiment,threshold,best_dice,173,302,33,0.030000000000000006,0,,0
SLICES_CA-RU-R_x_916_y_901_z_222_experiment,threshold,best_dice,173,303,22,0.024000000000000004,0,,0
SLICES_CA-RU-R_x_916_y_901_z_222_experiment,threshold,best_dice,173,304,2,0.006000000000000001,0,,0
SLICES_CA-RU-R_x_916_y_901_z_222_experiment,threshold,best_dice,173,305,1,0.006000000000000001,0,,0
SLICES_CA-RU-R_x_916_y_901_z_222_experiment,threshold,best_dice,173,306,5,0.012000000000000002,0,,0
SLICES_CA-RU-R_x_916_y_901_z_222_experiment,threshold,best_dice,173,307,31,0.006000000000000001,0,,0
SLICES_CA-RU-R_x_916_y_901_z_222_experiment,threshold,best_dice,173,308,41,0.036000000000000004,0,,0
SLICES_CA-RU-R_x_916_y_901_z_222_experiment,threshold,best_dice,173,309,160,0.06600000000000002,160,49,1
SLICES_CA-RU-R_x_916_y_901_z_222_experiment,threshold,best_dice,173,310,1,0.006000000000000001,0,,0
SLICES_CA-RU-R_x_916_y_901_z_222_experiment,threshold,best_dice,173,311,1,0.006000000000000001,0,,0
SLICES_CA-RU-R_x_916_y_901_z_222_experiment,threshold,best_dice,173,312,1,0.006000000000000001,0,,0
SLICES_CA-RU-R_x_916_y_901_z_222_experiment,threshold,best_dice,173,313,2,0.0,0,,0
SLICES_CA-RU-R_x_916_y_901_z_222_experiment,threshold,best_dice,173,314,11,0.006000000000000001,0,,0
SLICES_CA-RU-R_x_916_y_901_z_222_experiment,threshold,best_dice,173,315,41,0.012000000000000002,0,,0
SLICES_CA-RU-R_x_916_y_901_z_222_experiment,threshold,best_dice,173,316,1,0.0,0,,0
SLICES_CA-RU-R_x_916_y_901_z_222_experiment,threshold,best_dice,173,317,1,0.006000000000000001,0,,0
SLICES_CA-RU-R_x_916_y_901_z_222_experiment,threshold,best_dice,173,318,1,0.0,0,,0
SLICES_CA-RU-R_x_916_y_901_z_222_experiment,threshold,best_dice,173,319,2,0.0,0,,0
SLICES_CA-RU-R_x_916_y_901_z_222_experiment,threshold,best_dice,173,320,4,0.0,4,122,1
SLICES_CA-RU-R_x_916_y_901_z_222_experiment,threshold,best_dice,173,321,1,0.006000000000000001,0,,0
SLICES_CA-RU-R_x_916_y_901_z_222_experiment,threshold,best_dice,173,322,1,0.0,0,,0
SLICES_CA-RU-R_x_916_y_901_z_222_experiment,threshold,best_dice,173,323,50,0.018000000000000002,0,,0
SLICES_CA-RU-R_x_916_y_901_z_222_experiment,threshold,best_dice,173,324,95,0.006000000000000001,87,121,1
SLICES_CA-RU-R_x_916_y_901_z_222_experiment,threshold,best_dice,173,325,48,0.006000000000000001,47,122,1
SLICES_CA-RU-R_x_916_y_901_z_222_experiment,threshold,best_dice,173,326,8,0.012000000000000002,0,,0
SLICES_CA-RU-R_x_916_y_901_z_222_experiment,threshold,best_dice,173,327,1,0.006000000000000001,0,,0
SLICES_CA-RU-R_x_916_y_901_z_222_experiment,threshold,best_dice,173,328,58,0.04800000000000001,58,124,1
SLICES_CA-RU-R_x_916_y_901_z_222_experiment,threshold,best_dice,173,329,1,0.0,0,,0
SLICES_CA-RU-R_x_916_y_901_z_222_experiment,threshold,best_dice,173,330,53,0.012000000000000002,0,,0
SLICES_CA-RU-R_x_916_y_901_z_222_experiment,threshold,best_dice,173,331,1,0.0,1,124,1
SLICES_CA-RU-R_x_916_y_901_z_222_experiment,threshold,best_dice,173,332,8,0.012000000000000002,8,124,1
SLICES_CA-RU-R_x_916_y_901_z_222_experiment,threshold,best_dice,173,333,32,0.030000000000000006,0,,0
SLICES_CA-RU-R_x_916_y_901_z_222_experiment,threshold,best_dice,173,334,13,0.018000000000000002,0,,0
SLICES_CA-RU-R_x_916_y_901_z_222_experiment,threshold,best_dice,173,335,137,0.08400000000000002,137,98,1
SLICES_CA-RU-R_x_916_y_901_z_222_experiment,threshold,best_dice,173,336,12,0.0,0,,0
SLICES_CA-RU-R_x_916_y_901_z_222_experiment,threshold,best_dice,173,337,1,0.006000000000000001,1,124,1
SLICES_CA-RU-R_x_916_y_901_z_222_experiment,threshold,best_dice,173,338,5,0.018000000000000002,5,124,1
SLICES_CA-RU-R_x_916_y_901_z_222_experiment,threshold,best_dice,173,339,1,0.006000000000000001,1,131,1
SLICES_CA-RU-R_x_916_y_901_z_222_experiment,threshold,best_dice,173,340,17,0.030000000000000006,17,131,1
SLICES_CA-RU-R_x_916_y_901_z_222_experiment,threshold,best_dice,173,341,31,0.012000000000000002,8,137,1
SLICES_CA-RU-R_x_916_y_901_z_222_experiment,threshold,best_dice,173,342,74,0.018000000000000002,0,,0
SLICES_CA-RU-R_x_916_y_901_z_222_experiment,threshold,best_dice,173,343,41,0.036000000000000004,41,135,1
SLICES_CA-RU-R_x_916_y_901_z_222_experiment,threshold,best_dice,173,344,310,0.012000000000000002,246,138,1
SLICES_CA-RU-R_x_916_y_901_z_222_experiment,threshold,best_dice,173,345,49,0.012000000000000002,49,98,1
SLICES_CA-RU-R_x_916_y_901_z_222_experiment,threshold,best_dice,173,346,78,0.018000000000000002,0,,0
SLICES_CA-RU-R_x_916_y_901_z_222_experiment,threshold,best_dice,173,347,1103,0.10800000000000001,1010,142,1
SLICES_CA-RU-R_x_916_y_901_z_222_experiment,threshold,best_dice,173,348,7,0.012000000000000002,7,144,1
SLICES_CA-RU-R_x_916_y_901_z_222_experiment,threshold,best_dice,173,349,13,0.012000000000000002,13,98,1
SLICES_CA-RU-R_x_916_y_901_z_222_experiment,threshold,best_dice,173,350,123,0.07800000000000001,0,,0
SLICES_CA-RU-R_x_916_y_901_z_222_experiment,threshold,best_dice,173,351,1,0.0,0,,0
SLICES_CA-RU-R_x_916_y_901_z_222_experiment,threshold,best_dice,173,352,14,0.018000000000000002,0,,0
SLICES_CA-RU-R_x_916_y_901_z_222_experiment,threshold,best_dice,173,353,4,0.006000000000000001,0,,0
SLICES_CA-RU-R_x_916_y_901_z_222_experiment,threshold,best_dice,173,354,3,0.0,3,145,1
SLICES_CA-RU-R_x_916_y_901_z_222_experiment,threshold,best_dice,173,355,1,0.006000000000000001,0,,0
SLICES_CA-RU-R_x_916_y_901_z_222_experiment,pipeline,default,,1,767,0.45600000000000007,509,1,1
SLICES_CA-RU-R_x_916_y_901_z_222_experiment,pipeline,default,,2,998,0.19800000000000004,511,2,1
SLICES_CA-RU-R_x_916_y_901_z_222_experiment,pipeline,default,,3,4285,1.104,1679,3;4,2
SLICES_CA-RU-R_x_916_y_901_z_222_experiment,pipeline,default,,4,24,0.012000000000000002,0,,0
SLICES_CA-RU-R_x_916_y_901_z_222_experiment,pipeline,default,,5,361,0.08400000000000002,0,,0
SLICES_CA-RU-R_x_916_y_901_z_222_experiment,pipeline,default,,6,790,0.28800000000000003,407,11,1
SLICES_CA-RU-R_x_916_y_901_z_222_experiment,pipeline,default,,7,1130,0.5040000000000001,661,5,1
SLICES_CA-RU-R_x_916_y_901_z_222_experiment,pipeline,default,,8,586,0.10800000000000001,317,4;16,2
SLICES_CA-RU-R_x_916_y_901_z_222_experiment,pipeline,default,,9,29,0.012000000000000002,0,,0
SLICES_CA-RU-R_x_916_y_901_z_222_experiment,pipeline,default,,10,262,0.06000000000000001,141,13,1
SLICES_CA-RU-R_x_916_y_901_z_222_experiment,pipeline,default,,11,3154,0.8160000000000002,1969,22;27,2
SLICES_CA-RU-R_x_916_y_901_z_222_experiment,pipeline,default,,12,1912,0.3360000000000001,1455,23,1
SLICES_CA-RU-R_x_916_y_901_z_222_experiment,pipeline,default,,13,9389,2.2920000000000003,6655,28;37;45;49,4
SLICES_CA-RU-R_x_916_y_901_z_222_experiment,pipeline,default,,14,255,0.08400000000000002,0,,0
SLICES_CA-RU-R_x_916_y_901_z_222_experiment,pipeline,default,,15,672,0.18600000000000003,260,22,1
SLICES_CA-RU-R_x_916_y_901_z_222_experiment,pipeline,default,,16,969,0.45600000000000007,288,25,1
SLICES_CA-RU-R_x_916_y_901_z_222_experiment,pipeline,default,,17,1501,0.5340000000000001,760,42;44,2
SLICES_CA-RU-R_x_916_y_901_z_222_experiment,pipeline,default,,18,963,0.30600000000000005,0,,0
SLICES_CA-RU-R_x_916_y_901_z_222_experiment,pipeline,default,,19,414,0.23400000000000004,217,43,1
SLICES_CA-RU-R_x_916_y_901_z_222_experiment,pipeline,default,,20,239,0.10200000000000002,0,,0
SLICES_CA-RU-R_x_916_y_901_z_222_experiment,pipeline,default,,21,1148,0.276,740,54,1
SLICES_CA-RU-R_x_916_y_901_z_222_experiment,pipeline,default,,22,1836,0.4920000000000001,977,54,1
SLICES_CA-RU-R_x_916_y_901_z_222_experiment,pipeline,default,,23,425,0.12600000000000003,0,,0
SLICES_CA-RU-R_x_916_y_901_z_222_experiment,pipeline,default,,24,1542,0.35400000000000004,0,,0
SLICES_CA-RU-R_x_916_y_901_z_222_experiment,pipeline,default,,25,162,0.036000000000000004,0,,0
SLICES_CA-RU-R_x_916_y_901_z_222_experiment,pipeline,default,,26,106,0.030000000000000006,0,,0
SLICES_CA-RU-R_x_916_y_901_z_222_experiment,pipeline,default,,27,307,0.11400000000000002,0,,0
SLICES_CA-RU-R_x_916_y_901_z_222_experiment,pipeline,default,,28,545,0.23400000000000004,209,34,1
SLICES_CA-RU-R_x_916_y_901_z_222_experiment,pipeline,default,,29,467,0.19200000000000003,28,68,1
SLICES_CA-RU-R_x_916_y_901_z_222_experiment,pipeline,default,,30,101,0.030000000000000006,0,,0
SLICES_CA-RU-R_x_916_y_901_z_222_experiment,pipeline,default,,31,186,0.054000000000000006,0,,0
SLICES_CA-RU-R_x_916_y_901_z_222_experiment,pipeline,default,,32,5889,1.7340000000000002,3418,49;70;75;81;82,5
SLICES_CA-RU-R_x_916_y_901_z_222_experiment,pipeline,default,,33,19,0.012000000000000002,0,,0
SLICES_CA-RU-R_x_916_y_901_z_222_experiment,pipeline,default,,34,1942,0.6060000000000001,600,80;102,2
SLICES_CA-RU-R_x_916_y_901_z_222_experiment,pipeline,default,,35,1334,0.5880000000000001,443,77;79;89,3
SLICES_CA-RU-R_x_916_y_901_z_222_experiment,pipeline,default,,36,406,0.13200000000000003,0,,0
SLICES_CA-RU-R_x_916_y_901_z_222_experiment,pipeline,default,,37,54,0.012000000000000002,13,68,1
SLICES_CA-RU-R_x_916_y_901_z_222_experiment,pipeline,default,,38,360,0.10800000000000001,0,,0
SLICES_CA-RU-R_x_916_y_901_z_222_experiment,pipeline,default,,39,36,0.012000000000000002,0,,0
SLICES_CA-RU-R_x_916_y_901_z_222_experiment,pipeline,default,,40,84,0.018000000000000002,0,,0
SLICES_CA-RU-R_x_916_y_901_z_222_experiment,pipeline,default,,41,1650,0.6600000000000001,848,49;95;116,3
SLICES_CA-RU-R_x_916_y_901_z_222_experiment,pipeline,default,,42,35,0.0,0,,0
SLICES_CA-RU-R_x_916_y_901_z_222_experiment,pipeline,default,,43,3002,1.2780000000000002,1025,72;112,2
SLICES_CA-RU-R_x_916_y_901_z_222_experiment,pipeline,default,,44,444,0.15000000000000002,0,,0
SLICES_CA-RU-R_x_916_y_901_z_222_experiment,pipeline,default,,45,2155,0.6720000000000002,1085,49;101;125,3
SLICES_CA-RU-R_x_916_y_901_z_222_experiment,pipeline,default,,46,158,0.04200000000000001,0,,0
SLICES_CA-RU-R_x_916_y_901_z_222_experiment,pipeline,default,,47,121,0.054000000000000006,0,,0
SLICES_CA-RU-R_x_916_y_901_z_222_experiment,pipeline,default,,48,766,0.32400000000000007,468,96,1
SLICES_CA-RU-R_x_916_y_901_z_222_experiment,pipeline,default,,49,348,0.12000000000000002,0,,0
SLICES_CA-RU-R_x_916_y_901_z_222_experiment,pipeline,default,,50,5029,0.9840000000000002,4720,98,1
SLICES_CA-RU-R_x_916_y_901_z_222_experiment,pipeline,default,,51,673,0.30600000000000005,342,120,1
SLICES_CA-RU-R_x_916_y_901_z_222_experiment,pipeline,default,,52,903,0.29400000000000004,0,,0
SLICES_CA-RU-R_x_916_y_901_z_222_experiment,pipeline,default,,53,1307,0.37800000000000006,0,,0
SLICES_CA-RU-R_x_916_y_901_z_222_experiment,pipeline,default,,54,846,0.25200000000000006,696,124,1
SLICES_CA-RU-R_x_916_y_901_z_222_experiment,pipeline,default,,55,1116,0.43200000000000005,21,133,1
SLICES_CA-RU-R_x_916_y_901_z_222_experiment,pipeline,default,,56,781,0.30000000000000004,0,,0
SLICES_CA-RU-R_x_916_y_901_z_222_experiment,pipeline,default,,57,357,0.11400000000000002,176,131,1
SLICES_CA-RU-R_x_916_y_901_z_222_experiment,pipeline,default,,58,497,0.16200000000000003,220,135,1
SLICES_CA-RU-R_x_916_y_901_z_222_experiment,pipeline,default,,59,530,0.18000000000000002,0,,0
SLICES_CA-RU-R_x_916_y_901_z_222_experiment,pipeline,default,,60,528,0.19200000000000003,121,140,1
SLICES_CA-RU-R_x_916_y_901_z_222_experiment,pipeline,default,,61,616,0.24600000000000005,183,144;145,2
SLICES_CA-RU-R_x_916_y_901_z_222_experiment,pipeline,default,,62,318,0.06000000000000001,317,142,1
SLICES_CA-RU-R_x_916_y_901_z_222_experiment,pipeline,vsize_-1,,1,328,0.22200000000000003,271,1,1
SLICES_CA-RU-R_x_916_y_901_z_222_experiment,pipeline,vsize_-1,,2,821,0.25200000000000006,341,2,1
SLICES_CA-RU-R_x_916_y_901_z_222_experiment,pipeline,vsize_-1,,3,2541,0.8400000000000002,1331,3;11;14,3
SLICES_CA-RU-R_x_916_y_901_z_222_experiment,pipeline,vsize_-1,,4,301,0.07800000000000001,0,,0
SLICES_CA-RU-R_x_916_y_901_z_222_experiment,pipeline,vsize_-1,,5,678,0.10200000000000002,497,4,1
SLICES_CA-RU-R_x_916_y_901_z_222_experiment,pipeline,vsize_-1,,6,304,0.09600000000000002,0,,0
SLICES_CA-RU-R_x_916_y_901_z_222_experiment,pipeline,vsize_-1,,7,1214,0.54,642,5,1
SLICES_CA-RU-R_x_916_y_901_z_222_experiment,pipeline,vsize_-1,,8,311,0.12000000000000002,12,24,1
SLICES_CA-RU-R_x_916_y_901_z_222_experiment,pipeline,vsize_-1,,9,463,0.10200000000000002,259,4;16,2
SLICES_CA-RU-R_x_916_y_901_z_222_experiment,pipeline,vsize_-1,,10,305,0.08400000000000002,0,,0
SLICES_CA-RU-R_x_916_y_901_z_222_experiment,pipeline,vsize_-1,,11,14,0.006000000000000001,0,,0
SLICES_CA-RU-R_x_916_y_901_z_222_experiment,pipeline,vsize_-1,,12,264,0.08400000000000002,140,13,1
SLICES_CA-RU-R_x_916_y_901_z_222_experiment,pipeline,vsize_-1,,13,72,0.012000000000000002,2,23,1
SLICES_CA-RU-R_x_916_y_901_z_222_experiment,pipeline,vsize_-1,,14,1676,0.4140000000000001,1318,22,1
SLICES_CA-RU-R_x_916_y_901_z_222_experiment,pipeline,vsize_-1,,15,1503,0.32400000000000007,1109,23,1
SLICES_CA-RU-R_x_916_y_901_z_222_experiment,pipeline,vsize_-1,,16,732,0.30000000000000004,187,27,1
SLICES_CA-RU-R_x_916_y_901_z_222_experiment,pipeline,vsize_-1,,17,8516,2.4960000000000004,5709,28;37;45;49;67,5
SLICES_CA-RU-R_x_916_y_901_z_222_experiment,pipeline,vsize_-1,,18,471,0.14400000000000002,279,22,1
SLICES_CA-RU-R_x_916_y_901_z_222_experiment,pipeline,vsize_-1,,19,986,0.4680000000000001,291,25,1
SLICES_CA-RU-R_x_916_y_901_z_222_experiment,pipeline,vsize_-1,,20,445,0.24000000000000005,203,43,1
SLICES_CA-RU-R_x_916_y_901_z_222_experiment,pipeline,vsize_-1,,21,1112,0.3420000000000001,575,42;44,2
SLICES_CA-RU-R_x_916_y_901_z_222_experiment,pipeline,vsize_-1,,22,1572,0.4620000000000001,674,54,1
SLICES_CA-RU-R_x_916_y_901_z_222_experiment,pipeline,vsize_-1,,23,1530,0.6000000000000001,263,68,1
SLICES_CA-RU-R_x_916_y_901_z_222_experiment,pipeline,vsize_-1,,24,893,0.34800000000000003,7,19,1
SLICES_CA-RU-R_x_916_y_901_z_222_experiment,pipeline,vsize_-1,,25,1617,0.45000000000000007,841,54,1
SLICES_CA-RU-R_x_916_y_901_z_222_experiment,pipeline,vsize_-1,,26,116,0.012000000000000002,0,,0
SLICES_CA-RU-R_x_916_y_901_z_222_experiment,pipeline,vsize_-1,,27,1291,0.34800000000000003,0,,0
SLICES_CA-RU-R_x_916_y_901_z_222_experiment,pipeline,vsize_-1,,28,316,0.13200000000000003,0,,0
SLICES_CA-RU-R_x_916_y_901_z_222_experiment,pipeline,vsize_-1,,29,112,0.030000000000000006,0,,0
SLICES_CA-RU-R_x_916_y_901_z_222_experiment,pipeline,vsize_-1,,30,3065,0.9540000000000002,728,34;80;102,3
SLICES_CA-RU-R_x_916_y_901_z_222_experiment,pipeline,vsize_-1,,31,291,0.11400000000000002,0,,0
SLICES_CA-RU-R_x_916_y_901_z_222_experiment,pipeline,vsize_-1,,32,208,0.07800000000000001,0,,0
SLICES_CA-RU-R_x_916_y_901_z_222_experiment,pipeline,vsize_-1,,33,453,0.15000000000000002,36,37,1
SLICES_CA-RU-R_x_916_y_901_z_222_experiment,pipeline,vsize_-1,,34,19,0.012000000000000002,0,,0
SLICES_CA-RU-R_x_916_y_901_z_222_experiment,pipeline,vsize_-1,,35,409,0.16800000000000004,0,,0
SLICES_CA-RU-R_x_916_y_901_z_222_experiment,pipeline,vsize_-1,,36,2013,0.7200000000000001,820,70;75;81;82,4
SLICES_CA-RU-R_x_916_y_901_z_222_experiment,pipeline,vsize_-1,,37,1991,0.7260000000000001,436,77;79;89,3
SLICES_CA-RU-R_x_916_y_901_z_222_experiment,pipeline,vsize_-1,,38,906,0.3420000000000001,0,,0
SLICES_CA-RU-R_x_916_y_901_z_222_experiment,pipeline,vsize_-1,,39,480,0.12600000000000003,192,92,1
SLICES_CA-RU-R_x_916_y_901_z_222_experiment,pipeline,vsize_-1,,40,1587,0.6360000000000001,812,49;95;116,3
SLICES_CA-RU-R_x_916_y_901_z_222_experiment,pipeline,vsize_-1,,41,2192,0.6600000000000001,1102,49;101;125,3
SLICES_CA-RU-R_x_916_y_901_z_222_experiment,pipeline,vsize_-1,,42,38,0.012000000000000002,0,,0
SLICES_CA-RU-R_x_916_y_901_z_222_experiment,pipeline,vsize_-1,,43,974,0.18600000000000003,734,49,1
SLICES_CA-RU-R_x_916_y_901_z_222_experiment,pipeline,vsize_-1,,44,746,0.3420000000000001,457,96,1
SLICES_CA-RU-R_x_916_y_901_z_222_experiment,pipeline,vsize_-1,,45,2405,1.0080000000000002,992,72;112,2
SLICES_CA-RU-R_x_916_y_901_z_222_experiment,pipeline,vsize_-1,,46,203,0.018000000000000002,100,49,1
SLICES_CA-RU-R_x_916_y_901_z_222_experiment,pipeline,vsize_-1,,47,4700,1.0200000000000002,4378,98;147,2
SLICES_CA-RU-R_x_916_y_901_z_222_experiment,pipeline,vsize_-1,,48,912,0.19200000000000003,875,49,1
SLICES_CA-RU-R_x_916_y_901_z_222_experiment,pipeline,vsize_-1,,49,1202,0.38400000000000006,0,,0
SLICES_CA-RU-R_x_916_y_901_z_222_experiment,pipeline,vsize_-1,,50,909,0.3360000000000001,0,,0
SLICES_CA-RU-R_x_916_y_901_z_222_experiment,pipeline,vsize_-1,,51,804,0.24000000000000005,662,124,1
SLICES_CA-RU-R_x_916_y_901_z_222_experiment,pipeline,vsize_-1,,52,1176,0.45000000000000007,21,133,1
SLICES_CA-RU-R_x_916_y_901_z_222_experiment,pipeline,vsize_-1,,53,415,0.12000000000000002,0,,0
SLICES_CA-RU-R_x_916_y_901_z_222_experiment,pipeline,vsize_-1,,54,213,0.054000000000000006,0,,0
SLICES_CA-RU-R_x_916_y_901_z_222_experiment,pipeline,vsize_-1,,55,592,0.18600000000000003,208,135,1
SLICES_CA-RU-R_x_916_y_901_z_222_experiment,pipeline,vsize_-1,,56,509,0.16200000000000003,158,131,1
SLICES_CA-RU-R_x_916_y_901_z_222_experiment,pipeline,vsize_-1,,57,27,0.018000000000000002,9,137,1
SLICES_CA-RU-R_x_916_y_901_z_222_experiment,pipeline,vsize_-1,,58,774,0.22800000000000004,0,,0
SLICES_CA-RU-R_x_916_y_901_z_222_experiment,pipeline,vsize_-1,,59,459,0.07200000000000001,0,,0
SLICES_CA-RU-R_x_916_y_901_z_222_experiment,pipeline,vsize_-1,,60,505,0.19800000000000004,122,140,1
SLICES_CA-RU-R_x_916_y_901_z_222_experiment,pipeline,vsize_-1,,61,675,0.19200000000000003,294,138,1
SLICES_CA-RU-R_x_916_y_901_z_222_experiment,pipeline,vsize_-1,,62,665,0.23400000000000004,177,144;145,2
SLICES_CA-RU-R_x_916_y_901_z_222_experiment,pipeline,vsize_-1,,63,289,0.054000000000000006,289,142,1
SLICES_CA-RU-R_x_916_y_901_z_222_experiment,pipeline,vsize_-2_std_-1,,1,274,0.20400000000000004,237,1,1
SLICES_CA-RU-R_x_916_y_901_z_222_experiment,pipeline,vsize_-2_std_-1,,2,758,0.25800000000000006,361,2,1
SLICES_CA-RU-R_x_916_y_901_z_222_experiment,pipeline,vsize_-2_std_-1,,3,1032,0.45600000000000007,753,3,1
SLICES_CA-RU-R_x_916_y_901_z_222_experiment,pipeline,vsize_-2_std_-1,,4,830,0.30600000000000005,377,11,1
SLICES_CA-RU-R_x_916_y_901_z_222_experiment,pipeline,vsize_-2_std_-1,,5,322,0.06600000000000002,0,,0
SLICES_CA-RU-R_x_916_y_901_z_222_experiment,pipeline,vsize_-2_std_-1,,6,23,0.012000000000000002,0,,0
SLICES_CA-RU-R_x_916_y_901_z_222_experiment,pipeline,vsize_-2_std_-1,,7,389,0.04800000000000001,389,4,1
SLICES_CA-RU-R_x_916_y_901_z_222_experiment,pipeline,vsize_-2_std_-1,,8,178,0.04800000000000001,0,,0
SLICES_CA-RU-R_x_916_y_901_z_222_experiment,pipeline,vsize_-2_std_-1,,9,298,0.10200000000000002,0,,0
SLICES_CA-RU-R_x_916_y_901_z_222_experiment,pipeline,vsize_-2_std_-1,,10,271,0.09600000000000002,0,,0
SLICES_CA-RU-R_x_916_y_901_z_222_experiment,pipeline,vsize_-2_std_-1,,11,1063,0.546,608,5,1
SLICES_CA-RU-R_x_916_y_901_z_222_experiment,pipeline,vsize_-2_std_-1,,12,348,0.138,131,17,1
SLICES_CA-RU-R_x_916_y_901_z_222_experiment,pipeline,vsize_-2_std_-1,,13,27,0.018000000000000002,0,,0
SLICES_CA-RU-R_x_916_y_901_z_222_experiment,pipeline,vsize_-2_std_-1,,14,375,0.11400000000000002,211,4;16,2
SLICES_CA-RU-R_x_916_y_901_z_222_experiment,pipeline,vsize_-2_std_-1,,15,299,0.09600000000000002,0,,0
SLICES_CA-RU-R_x_916_y_901_z_222_experiment,pipeline,vsize_-2_std_-1,,16,245,0.08400000000000002,137,13,1
SLICES_CA-RU-R_x_916_y_901_z_222_experiment,pipeline,vsize_-2_std_-1,,17,253,0.06000000000000001,0,,0
SLICES_CA-RU-R_x_916_y_901_z_222_experiment,pipeline,vsize_-2_std_-1,,18,927,0.54,351,23;27,2
SLICES_CA-RU-R_x_916_y_901_z_222_experiment,pipeline,vsize_-2_std_-1,,19,1561,0.4080000000000001,1253,22,1
SLICES_CA-RU-R_x_916_y_901_z_222_experiment,pipeline,vsize_-2_std_-1,,20,1296,0.3360000000000001,973,23,1
SLICES_CA-RU-R_x_916_y_901_z_222_experiment,pipeline,vsize_-2_std_-1,,21,8003,2.5680000000000005,5272,28;37;45;49;67,5
SLICES_CA-RU-R_x_916_y_901_z_222_experiment,pipeline,vsize_-2_std_-1,,22,903,0.36600000000000005,0,,0
SLICES_CA-RU-R_x_916_y_901_z_222_experiment,pipeline,vsize_-2_std_-1,,23,434,0.12600000000000003,290,22,1
SLICES_CA-RU-R_x_916_y_901_z_222_experiment,pipeline,vsize_-2_std_-1,,24,1061,0.6000000000000001,298,25,1
SLICES_CA-RU-R_x_916_y_901_z_222_experiment,pipeline,vsize_-2_std_-1,,25,759,0.25800000000000006,452,44,1
SLICES_CA-RU-R_x_916_y_901_z_222_experiment,pipeline,vsize_-2_std_-1,,26,5,0.006000000000000001,0,,0
SLICES_CA-RU-R_x_916_y_901_z_222_experiment,pipeline,vsize_-2_std_-1,,27,27,0.018000000000000002,0,,0
SLICES_CA-RU-R_x_916_y_901_z_222_experiment,pipeline,vsize_-2_std_-1,,28,371,0.21600000000000003,202,43,1
SLICES_CA-RU-R_x_916_y_901_z_222_experiment,pipeline,vsize_-2_std_-1,,29,320,0.07800000000000001,167,42,1
SLICES_CA-RU-R_x_916_y_901_z_222_experiment,pipeline,vsize_-2_std_-1,,30,1350,0.6540000000000001,482,68,1
SLICES_CA-RU-R_x_916_y_901_z_222_experiment,pipeline,vsize_-2_std_-1,,31,193,0.07800000000000001,0,,0
SLICES_CA-RU-R_x_916_y_901_z_222_experiment,pipeline,vsize_-2_std_-1,,32,1794,0.4800000000000001,744,54,1
SLICES_CA-RU-R_x_916_y_901_z_222_experiment,pipeline,vsize_-2_std_-1,,33,230,0.07800000000000001,0,,0
SLICES_CA-RU-R_x_916_y_901_z_222_experiment,pipeline,vsize_-2_std_-1,,34,135,0.04200000000000001,0,,0
SLICES_CA-RU-R_x_916_y_901_z_222_experiment,pipeline,vsize_-2_std_-1,,35,341,0.138,0,,0
SLICES_CA-RU-R_x_916_y_901_z_222_experiment,pipeline,vsize_-2_std_-1,,36,353,0.19800000000000004,0,,0
SLICES_CA-RU-R_x_916_y_901_z_222_experiment,pipeline,vsize_-2_std_-1,,37,1189,0.3360000000000001,0,,0
SLICES_CA-RU-R_x_916_y_901_z_222_experiment,pipeline,vsize_-2_std_-1,,38,908,0.24600000000000005,634,54,1
SLICES_CA-RU-R_x_916_y_901_z_222_experiment,pipeline,vsize_-2_std_-1,,39,31,0.006000000000000001,0,,0
SLICES_CA-RU-R_x_916_y_901_z_222_experiment,pipeline,vsize_-2_std_-1,,40,682,0.24600000000000005,203,34,1
SLICES_CA-RU-R_x_916_y_901_z_222_experiment,pipeline,vsize_-2_std_-1,,41,232,0.10200000000000002,89,49,1
SLICES_CA-RU-R_x_916_y_901_z_222_experiment,pipeline,vsize_-2_std_-1,,42,1229,0.45600000000000007,58,77,1
SLICES_CA-RU-R_x_916_y_901_z_222_experiment,pipeline,vsize_-2_std_-1,,43,2034,0.8160000000000002,524,49;70;82,3
SLICES_CA-RU-R_x_916_y_901_z_222_experiment,pipeline,vsize_-2_std_-1,,44,100,0.06000000000000001,0,,0
SLICES_CA-RU-R_x_916_y_901_z_222_experiment,pipeline,vsize_-2_std_-1,,45,858,0.36600000000000005,294,75,1
SLICES_CA-RU-R_x_916_y_901_z_222_experiment,pipeline,vsize_-2_std_-1,,46,1129,0.5220000000000001,383,77;79,2
SLICES_CA-RU-R_x_916_y_901_z_222_experiment,pipeline,vsize_-2_std_-1,,47,35,0.0,0,,0
SLICES_CA-RU-R_x_916_y_901_z_222_experiment,pipeline,vsize_-2_std_-1,,48,37,0.018000000000000002,0,,0
SLICES_CA-RU-R_x_916_y_901_z_222_experiment,pipeline,vsize_-2_std_-1,,49,657,0.20400000000000004,155,49,1
SLICES_CA-RU-R_x_916_y_901_z_222_experiment,pipeline,vsize_-2_std_-1,,50,502,0.13200000000000003,193,92,1
SLICES_CA-RU-R_x_916_y_901_z_222_experiment,pipeline,vsize_-2_std_-1,,51,1452,0.6540000000000001,795,49;95;116,3
SLICES_CA-RU-R_x_916_y_901_z_222_experiment,pipeline,vsize_-2_std_-1,,52,690,0.3360000000000001,81,68,1
SLICES_CA-RU-R_x_916_y_901_z_222_experiment,pipeline,vsize_-2_std_-1,,53,873,0.30000000000000004,692,49,1
SLICES_CA-RU-R_x_916_y_901_z_222_experiment,pipeline,vsize_-2_std_-1,,54,35,0.006000000000000001,0,,0
SLICES_CA-RU-R_x_916_y_901_z_222_experiment,pipeline,vsize_-2_std_-1,,55,815,0.19200000000000003,607,49,1
SLICES_CA-RU-R_x_916_y_901_z_222_experiment,pipeline,vsize_-2_std_-1,,56,765,0.37200000000000005,459,96,1
SLICES_CA-RU-R_x_916_y_901_z_222_experiment,pipeline,vsize_-2_std_-1,,57,1123,0.3960000000000001,231,101;125,2
SLICES_CA-RU-R_x_916_y_901_z_222_experiment,pipeline,vsize_-2_std_-1,,58,250,0.09600000000000002,140,49,1
SLICES_CA-RU-R_x_916_y_901_z_222_experiment,pipeline,vsize_-2_std_-1,,59,188,0.054000000000000006,146,49,1
SLICES_CA-RU-R_x_916_y_901_z_222_experiment,pipeline,vsize_-2_std_-1,,60,572,0.12600000000000003,220,98,1
SLICES_CA-RU-R_x_916_y_901_z_222_experiment,pipeline,vsize_-2_std_-1,,61,4343,1.0080000000000002,4184,98,1
SLICES_CA-RU-R_x_916_y_901_z_222_experiment,pipeline,vsize_-2_std_-1,,62,32,0.012000000000000002,0,,0
SLICES_CA-RU-R_x_916_y_901_z_222_experiment,pipeline,vsize_-2_std_-1,,63,1963,0.9240000000000002,990,72;112,2
SLICES_CA-RU-R_x_916_y_901_z_222_experiment,pipeline,vsize_-2_std_-1,,64,714,0.18600000000000003,303,102,1
SLICES_CA-RU-R_x_916_y_901_z_222_experiment,pipeline,vsize_-2_std_-1,,65,238,0.12000000000000002,62,108,1
SLICES_CA-RU-R_x_916_y_901_z_222_experiment,pipeline,vsize_-2_std_-1,,66,689,0.17400000000000002,650,49,1
SLICES_CA-RU-R_x_916_y_901_z_222_experiment,pipeline,vsize_-2_std_-1,,67,761,0.31800000000000006,347,120,1
SLICES_CA-RU-R_x_916_y_901_z_222_experiment,pipeline,vsize_-2_std_-1,,68,1260,0.4680000000000001,0,,0
SLICES_CA-RU-R_x_916_y_901_z_222_experiment,pipeline,vsize_-2_std_-1,,69,1063,0.45000000000000007,419,121;122,2
SLICES_CA-RU-R_x_916_y_901_z_222_experiment,pipeline,vsize_-2_std_-1,,70,942,0.33000000000000007,0,,0
SLICES_CA-RU-R_x_916_y_901_z_222_experiment,pipeline,vsize_-2_std_-1,,71,835,0.25200000000000006,651,124,1
SLICES_CA-RU-R_x_916_y_901_z_222_experiment,pipeline,vsize_-2_std_-1,,72,1203,0.42600000000000005,21,133,1
SLICES_CA-RU-R_x_916_y_901_z_222_experiment,pipeline,vsize_-2_std_-1,,73,549,0.24000000000000005,158,127,1
SLICES_CA-RU-R_x_916_y_901_z_222_experiment,pipeline,vsize_-2_std_-1,,74,904,0.3360000000000001,255,138,1
SLICES_CA-RU-R_x_916_y_901_z_222_experiment,pipeline,vsize_-2_std_-1,,75,314,0.13200000000000003,155,131,1
SLICES_CA-RU-R_x_916_y_901_z_222_experiment,pipeline,vsize_-2_std_-1,,76,329,0.11400000000000002,0,,0
SLICES_CA-RU-R_x_916_y_901_z_222_experiment,pipeline,vsize_-2_std_-1,,77,20,0.012000000000000002,0,,0
SLICES_CA-RU-R_x_916_y_901_z_222_experiment,pipeline,vsize_-2_std_-1,,78,633,0.21000000000000005,0,,0
SLICES_CA-RU-R_x_916_y_901_z_222_experiment,pipeline,vsize_-2_std_-1,,79,431,0.15600000000000003,0,,0
SLICES_CA-RU-R_x_916_y_901_z_222_experiment,pipeline,vsize_-2_std_-1,,80,23,0.018000000000000002,0,,0
SLICES_CA-RU-R_x_916_y_901_z_222_experiment,pipeline,vsize_-2_std_-1,,81,134,0.036000000000000004,0,,0
SLICES_CA-RU-R_x_916_y_901_z_222_experiment,pipeline,vsize_-2_std_-1,,82,525,0.25200000000000006,173,144;145,2
SLICES_CA-RU-R_x_916_y_901_z_222_experiment,pipeline,vsize_-2_std_-1,,83,220,0.06000000000000001,220,142,1
SLICES_CA-RU-R_x_916_y_901_z_222_experiment,pipeline,vsize_+1,,1,411,0.17400000000000002,316,1,1
SLICES_CA-RU-R_x_916_y_901_z_222_experiment,pipeline,vsize_+1,,2,1001,0.26400000000000007,508,2,1
SLICES_CA-RU-R_x_916_y_901_z_222_experiment,pipeline,vsize_+1,,3,5002,1.2420000000000002,2260,3;4;11;14,4
SLICES_CA-RU-R_x_916_y_901_z_222_experiment,pipeline,vsize_+1,,4,1604,0.5940000000000001,796,5,1
SLICES_CA-RU-R_x_916_y_901_z_222_experiment,pipeline,vsize_+1,,5,48,0.006000000000000001,0,,0
SLICES_CA-RU-R_x_916_y_901_z_222_experiment,pipeline,vsize_+1,,6,648,0.07800000000000001,332,4;16,2
SLICES_CA-RU-R_x_916_y_901_z_222_experiment,pipeline,vsize_+1,,7,548,0.054000000000000006,213,13,1
SLICES_CA-RU-R_x_916_y_901_z_222_experiment,pipeline,vsize_+1,,8,4479,0.7080000000000001,2944,22;23,2
SLICES_CA-RU-R_x_916_y_901_z_222_experiment,pipeline,vsize_+1,,9,162,0.036000000000000004,0,,0
SLICES_CA-RU-R_x_916_y_901_z_222_experiment,pipeline,vsize_+1,,10,3349,1.0560000000000003,1707,28;37;43;45,4
SLICES_CA-RU-R_x_916_y_901_z_222_experiment,pipeline,vsize_+1,,11,479,0.16800000000000004,298,22,1
SLICES_CA-RU-R_x_916_y_901_z_222_experiment,pipeline,vsize_+1,,12,1153,0.4200000000000001,348,25,1
SLICES_CA-RU-R_x_916_y_901_z_222_experiment,pipeline,vsize_+1,,13,1961,0.38400000000000006,808,54,1
SLICES_CA-RU-R_x_916_y_901_z_222_experiment,pipeline,vsize_+1,,14,1771,0.4140000000000001,1002,54,1
SLICES_CA-RU-R_x_916_y_901_z_222_experiment,pipeline,vsize_+1,,15,1630,0.30000000000000004,0,,0
SLICES_CA-RU-R_x_916_y_901_z_222_experiment,pipeline,vsize_+1,,16,829,0.24000000000000005,0,,0
SLICES_CA-RU-R_x_916_y_901_z_222_experiment,pipeline,vsize_+1,,17,197,0.030000000000000006,0,,0
SLICES_CA-RU-R_x_916_y_901_z_222_experiment,pipeline,vsize_+1,,18,6790,1.2960000000000003,5400,49,1
SLICES_CA-RU-R_x_916_y_901_z_222_experiment,pipeline,vsize_+1,,19,3715,0.6780000000000002,1120,49,1
SLICES_CA-RU-R_x_916_y_901_z_222_experiment,pipeline,vsize_+1,,20,1669,0.4140000000000001,500,70;81;82,3
SLICES_CA-RU-R_x_916_y_901_z_222_experiment,pipeline,vsize_+1,,21,1432,0.45000000000000007,741,68,1
SLICES_CA-RU-R_x_916_y_901_z_222_experiment,pipeline,vsize_+1,,22,1763,0.5820000000000001,517,77;79;89,3
SLICES_CA-RU-R_x_916_y_901_z_222_experiment,pipeline,vsize_+1,,23,1982,0.6240000000000001,911,49;95;116,3
SLICES_CA-RU-R_x_916_y_901_z_222_experiment,pipeline,vsize_+1,,24,24,0.024000000000000004,0,,0
SLICES_CA-RU-R_x_916_y_901_z_222_experiment,pipeline,vsize_+1,,25,3118,0.7800000000000001,1363,49;101;125,3
SLICES_CA-RU-R_x_916_y_901_z_222_experiment,pipeline,vsize_+1,,26,186,0.054000000000000006,0,,0
SLICES_CA-RU-R_x_916_y_901_z_222_experiment,pipeline,vsize_+1,,27,615,0.18000000000000002,0,,0
SLICES_CA-RU-R_x_916_y_901_z_222_experiment,pipeline,vsize_+1,,28,63,0.036000000000000004,0,,0
SLICES_CA-RU-R_x_916_y_901_z_222_experiment,pipeline,vsize_+1,,29,51,0.0,0,,0
SLICES_CA-RU-R_x_916_y_901_z_222_experiment,pipeline,vsize_+1,,30,284,0.04200000000000001,0,,0
SLICES_CA-RU-R_x_916_y_901_z_222_experiment,pipeline,vsize_+1,,31,1027,0.35400000000000004,568,96,1
SLICES_CA-RU-R_x_916_y_901_z_222_experiment,pipeline,vsize_+1,,32,433,0.16200000000000003,325,96,1
SLICES_CA-RU-R_x_916_y_901_z_222_experiment,pipeline,vsize_+1,,33,2889,0.6420000000000001,1628,49,1
SLICES_CA-RU-R_x_916_y_901_z_222_experiment,pipeline,vsize_+1,,34,307,0.036000000000000004,130,49,1
SLICES_CA-RU-R_x_916_y_901_z_222_experiment,pipeline,vsize_+1,,35,5514,0.9900000000000002,5123,98,1
SLICES_CA-RU-R_x_916_y_901_z_222_experiment,pipeline,vsize_+1,,36,60,0.024000000000000004,0,,0
SLICES_CA-RU-R_x_916_y_901_z_222_experiment,pipeline,vsize_+1,,37,3333,1.104,1230,72;112,2
SLICES_CA-RU-R_x_916_y_901_z_222_experiment,pipeline,vsize_+1,,38,1160,0.28800000000000003,0,,0
SLICES_CA-RU-R_x_916_y_901_z_222_experiment,pipeline,vsize_+1,,39,598,0.138,0,,0
SLICES_CA-RU-R_x_916_y_901_z_222_experiment,pipeline,vsize_+1,,40,57,0.006000000000000001,0,,0
SLICES_CA-RU-R_x_916_y_901_z_222_experiment,pipeline,vsize_+1,,41,934,0.23400000000000004,756,124,1
SLICES_CA-RU-R_x_916_y_901_z_222_experiment,pipeline,vsize_+1,,42,432,0.13200000000000003,0,,0
SLICES_CA-RU-R_x_916_y_901_z_222_experiment,pipeline,vsize_+1,,43,36,0.024000000000000004,0,,0
SLICES_CA-RU-R_x_916_y_901_z_222_experiment,pipeline,vsize_+1,,44,668,0.18000000000000002,221,135,1
SLICES_CA-RU-R_x_916_y_901_z_222_experiment,pipeline,vsize_+1,,45,366,0.14400000000000002,169,131,1
SLICES_CA-RU-R_x_916_y_901_z_222_experiment,pipeline,vsize_+1,,46,1014,0.21000000000000005,0,,0
SLICES_CA-RU-R_x_916_y_901_z_222_experiment,pipeline,vsize_+1,,47,39,0.006000000000000001,0,,0
SLICES_CA-RU-R_x_916_y_901_z_222_experiment,pipeline,vsize_+1,,48,415,0.12600000000000003,121,143,1
SLICES_CA-RU-R_x_916_y_901_z_222_experiment,pipeline,vsize_+1,,49,742,0.21600000000000003,202,144;145,2
SLICES_CA-RU-R_x_916_y_901_z_222_experiment,pipeline,vsize_+1,,50,399,0.04200000000000001,392,142,1
SLICES_CA-RU-R_x_916_y_901_z_222_experiment,pipeline,vsize_+2_std_+1,,1,576,0.23400000000000004,409,1,1
SLICES_CA-RU-R_x_916_y_901_z_222_experiment,pipeline,vsize_+2_std_+1,,2,373,0.12600000000000003,0,,0
SLICES_CA-RU-R_x_916_y_901_z_222_experiment,pipeline,vsize_+2_std_+1,,3,385,0.12000000000000002,36,1,1
SLICES_CA-RU-R_x_916_y_901_z_222_experiment,pipeline,vsize_+2_std_+1,,4,1217,0.28200000000000003,564,2,1
SLICES_CA-RU-R_x_916_y_901_z_222_experiment,pipeline,vsize_+2_std_+1,,5,6549,1.5420000000000003,2595,3;4;11;14,4
SLICES_CA-RU-R_x_916_y_901_z_222_experiment,pipeline,vsize_+2_std_+1,,6,448,0.07200000000000001,0,,0
SLICES_CA-RU-R_x_916_y_901_z_222_experiment,pipeline,vsize_+2_std_+1,,7,1569,0.5760000000000001,799,5,1
SLICES_CA-RU-R_x_916_y_901_z_222_experiment,pipeline,vsize_+2_std_+1,,8,97,0.06000000000000001,80,5,1
SLICES_CA-RU-R_x_916_y_901_z_222_experiment,pipeline,vsize_+2_std_+1,,9,809,0.13200000000000003,0,,0
SLICES_CA-RU-R_x_916_y_901_z_222_experiment,pipeline,vsize_+2_std_+1,,10,3448,0.25200000000000006,0,,0
SLICES_CA-RU-R_x_916_y_901_z_222_experiment,pipeline,vsize_+2_std_+1,,11,694,0.08400000000000002,392,4;16,2
SLICES_CA-RU-R_x_916_y_901_z_222_experiment,pipeline,vsize_+2_std_+1,,12,672,0.09600000000000002,316,13,1
SLICES_CA-RU-R_x_916_y_901_z_222_experiment,pipeline,vsize_+2_std_+1,,13,1479,0.22200000000000003,651,27,1
SLICES_CA-RU-R_x_916_y_901_z_222_experiment,pipeline,vsize_+2_std_+1,,14,526,0.06600000000000002,0,,0
SLICES_CA-RU-R_x_916_y_901_z_222_experiment,pipeline,vsize_+2_std_+1,,15,4437,0.7260000000000001,3171,22;23,2
SLICES_CA-RU-R_x_916_y_901_z_222_experiment,pipeline,vsize_+2_std_+1,,16,173,0.04200000000000001,0,,0
SLICES_CA-RU-R_x_916_y_901_z_222_experiment,pipeline,vsize_+2_std_+1,,17,12093,2.4120000000000004,7579,28;37;45;49,4
SLICES_CA-RU-R_x_916_y_901_z_222_experiment,pipeline,vsize_+2_std_+1,,18,458,0.15600000000000003,304,22,1
SLICES_CA-RU-R_x_916_y_901_z_222_experiment,pipeline,vsize_+2_std_+1,,19,1148,0.4140000000000001,344,25,1
SLICES_CA-RU-R_x_916_y_901_z_222_experiment,pipeline,vsize_+2_std_+1,,20,81,0.006000000000000001,0,,0
SLICES_CA-RU-R_x_916_y_901_z_222_experiment,pipeline,vsize_+2_std_+1,,21,1405,0.28200000000000003,706,44,1
SLICES_CA-RU-R_x_916_y_901_z_222_experiment,pipeline,vsize_+2_std_+1,,22,545,0.23400000000000004,234,43,1
SLICES_CA-RU-R_x_916_y_901_z_222_experiment,pipeline,vsize_+2_std_+1,,23,365,0.09000000000000001,171,42,1
SLICES_CA-RU-R_x_916_y_901_z_222_experiment,pipeline,vsize_+2_std_+1,,24,953,0.38400000000000006,243,34,1
SLICES_CA-RU-R_x_916_y_901_z_222_experiment,pipeline,vsize_+2_std_+1,,25,2108,0.4680000000000001,1037,54,1
SLICES_CA-RU-R_x_916_y_901_z_222_experiment,pipeline,vsize_+2_std_+1,,26,1466,0.29400000000000004,887,54,1
SLICES_CA-RU-R_x_916_y_901_z_222_experiment,pipeline,vsize_+2_std_+1,,27,1773,0.31800000000000006,0,,0
SLICES_CA-RU-R_x_916_y_901_z_222_experiment,pipeline,vsize_+2_std_+1,,28,776,0.28800000000000003,0,,0
SLICES_CA-RU-R_x_916_y_901_z_222_experiment,pipeline,vsize_+2_std_+1,,29,36,0.012000000000000002,0,,0
SLICES_CA-RU-R_x_916_y_901_z_222_experiment,pipeline,vsize_+2_std_+1,,30,808,0.276,276,37;87,2
SLICES_CA-RU-R_x_916_y_901_z_222_experiment,pipeline,vsize_+2_std_+1,,31,133,0.054000000000000006,0,,0
SLICES_CA-RU-R_x_916_y_901_z_222_experiment,pipeline,vsize_+2_std_+1,,32,1143,0.276,0,,0
SLICES_CA-RU-R_x_916_y_901_z_222_experiment,pipeline,vsize_+2_std_+1,,33,2283,0.6600000000000001,1013,70;75;81;82,4
SLICES_CA-RU-R_x_916_y_901_z_222_experiment,pipeline,vsize_+2_std_+1,,34,36,0.024000000000000004,0,,0
SLICES_CA-RU-R_x_916_y_901_z_222_experiment,pipeline,vsize_+2_std_+1,,35,3677,1.2600000000000002,1284,68;77;79;89,4
SLICES_CA-RU-R_x_916_y_901_z_222_experiment,pipeline,vsize_+2_std_+1,,36,976,0.25800000000000006,241,92,1
SLICES_CA-RU-R_x_916_y_901_z_222_experiment,pipeline,vsize_+2_std_+1,,37,4150,0.9240000000000002,2160,49;102,2
SLICES_CA-RU-R_x_916_y_901_z_222_experiment,pipeline,vsize_+2_std_+1,,38,4491,1.1280000000000001,2204,49;101;124;125,4
SLICES_CA-RU-R_x_916_y_901_z_222_experiment,pipeline,vsize_+2_std_+1,,39,2207,0.7140000000000001,147,113;115;117,3
SLICES_CA-RU-R_x_916_y_901_z_222_experiment,pipeline,vsize_+2_std_+1,,40,503,0.16800000000000004,0,,0
SLICES_CA-RU-R_x_916_y_901_z_222_experiment,pipeline,vsize_+2_std_+1,,41,1405,0.43800000000000006,594,96,1
SLICES_CA-RU-R_x_916_y_901_z_222_experiment,pipeline,vsize_+2_std_+1,,42,273,0.054000000000000006,0,,0
SLICES_CA-RU-R_x_916_y_901_z_222_experiment,pipeline,vsize_+2_std_+1,,43,437,0.15600000000000003,321,96,1
SLICES_CA-RU-R_x_916_y_901_z_222_experiment,pipeline,vsize_+2_std_+1,,44,6016,1.0080000000000002,5414,98;147,2
SLICES_CA-RU-R_x_916_y_901_z_222_experiment,pipeline,vsize_+2_std_+1,,45,3777,1.104,1306,72;112,2
SLICES_CA-RU-R_x_916_y_901_z_222_experiment,pipeline,vsize_+2_std_+1,,46,49,0.024000000000000004,0,,0
SLICES_CA-RU-R_x_916_y_901_z_222_experiment,pipeline,vsize_+2_std_+1,,47,160,0.04800000000000001,0,,0
SLICES_CA-RU-R_x_916_y_901_z_222_experiment,pipeline,vsize_+2_std_+1,,48,987,0.31200000000000006,417,120,1
SLICES_CA-RU-R_x_916_y_901_z_222_experiment,pipeline,vsize_+2_std_+1,,49,1755,0.37800000000000006,0,,0
SLICES_CA-RU-R_x_916_y_901_z_222_experiment,pipeline,vsize_+2_std_+1,,50,1882,0.30600000000000005,1459,49,1
SLICES_CA-RU-R_x_916_y_901_z_222_experiment,pipeline,vsize_+2_std_+1,,51,571,0.138,0,,0
SLICES_CA-RU-R_x_916_y_901_z_222_experiment,pipeline,vsize_+2_std_+1,,52,419,0.12600000000000003,119,116,1
SLICES_CA-RU-R_x_916_y_901_z_222_experiment,pipeline,vsize_+2_std_+1,,53,133,0.036000000000000004,26,119,1
SLICES_CA-RU-R_x_916_y_901_z_222_experiment,pipeline,vsize_+2_std_+1,,54,1683,0.33000000000000007,0,,0
SLICES_CA-RU-R_x_916_y_901_z_222_experiment,pipeline,vsize_+2_std_+1,,55,92,0.018000000000000002,0,,0
SLICES_CA-RU-R_x_916_y_901_z_222_experiment,pipeline,vsize_+2_std_+1,,56,2706,0.5940000000000001,0,,0
SLICES_CA-RU-R_x_916_y_901_z_222_experiment,pipeline,vsize_+2_std_+1,,57,97,0.024000000000000004,0,,0
SLICES_CA-RU-R_x_916_y_901_z_222_experiment,pipeline,vsize_+2_std_+1,,58,2075,0.4740000000000001,351,131;135,2
SLICES_CA-RU-R_x_916_y_901_z_222_experiment,pipeline,vsize_+2_std_+1,,59,166,0.030000000000000006,0,,0
SLICES_CA-RU-R_x_916_y_901_z_222_experiment,pipeline,vsize_+2_std_+1,,60,39,0.006000000000000001,0,,0
SLICES_CA-RU-R_x_916_y_901_z_222_experiment,pipeline,vsize_+2_std_+1,,61,651,0.16800000000000004,134,140,1
SLICES_CA-RU-R_x_916_y_901_z_222_experiment,pipeline,vsize_+2_std_+1,,62,451,0.12600000000000003,121,143,1
SLICES_CA-RU-R_x_916_y_901_z_222_experiment,pipeline,vsize_+2_std_+1,,63,131,0.07200000000000001,0,,0
SLICES_CA-RU-R_x_916_y_901_z_222_experiment,pipeline,vsize_+2_std_+1,,64,613,0.12600000000000003,122,144,1
SLICES_CA-RU-R_x_916_y_901_z_222_experiment,pipeline,vsize_+2_std_+1,,65,218,0.06600000000000002,0,,0
SLICES_CA-RU-R_x_916_y_901_z_222_experiment,pipeline,vsize_+2_std_+1,,66,471,0.04200000000000001,459,142,1
SLICES_CA-RU-R_x_916_y_901_z_222_experiment,pipeline,vsize_+4_std_+3,,1,1285,0.5340000000000001,645,1,1
SLICES_CA-RU-R_x_916_y_901_z_222_experiment,pipeline,vsize_+4_std_+3,,2,2499,0.4740000000000001,579,2,1
SLICES_CA-RU-R_x_916_y_901_z_222_experiment,pipeline,vsize_+4_std_+3,,3,5971,1.1580000000000001,1901,3;11;14,3
SLICES_CA-RU-R_x_916_y_901_z_222_experiment,pipeline,vsize_+4_std_+3,,4,32861,6.378000000000001,683,30;36;44;50,4
SLICES_CA-RU-R_x_916_y_901_z_222_experiment,pipeline,vsize_+4_std_+3,,5,1785,0.23400000000000004,734,4,1
SLICES_CA-RU-R_x_916_y_901_z_222_experiment,pipeline,vsize_+4_std_+3,,6,10989,0.8580000000000001,0,,0
SLICES_CA-RU-R_x_916_y_901_z_222_experiment,pipeline,vsize_+4_std_+3,,7,712,0.16800000000000004,0,,0
SLICES_CA-RU-R_x_916_y_901_z_222_experiment,pipeline,vsize_+4_std_+3,,8,2514,0.5280000000000001,0,,0
SLICES_CA-RU-R_x_916_y_901_z_222_experiment,pipeline,vsize_+4_std_+3,,9,418,0.15600000000000003,0,,0
SLICES_CA-RU-R_x_916_y_901_z_222_experiment,pipeline,vsize_+4_std_+3,,10,2496,0.7620000000000001,954,5,1
SLICES_CA-RU-R_x_916_y_901_z_222_experiment,pipeline,vsize_+4_std_+3,,11,3958,0.8460000000000001,0,,0
SLICES_CA-RU-R_x_916_y_901_z_222_experiment,pipeline,vsize_+4_std_+3,,12,799,0.11400000000000002,409,4;16,2
SLICES_CA-RU-R_x_916_y_901_z_222_experiment,pipeline,vsize_+4_std_+3,,13,1878,0.4140000000000001,401,27,1
SLICES_CA-RU-R_x_916_y_901_z_222_experiment,pipeline,vsize_+4_std_+3,,14,470,0.07200000000000001,240,13,1
SLICES_CA-RU-R_x_916_y_901_z_222_experiment,pipeline,vsize_+4_std_+3,,15,3443,0.6240000000000001,0,,0
SLICES_CA-RU-R_x_916_y_901_z_222_experiment,pipeline,vsize_+4_std_+3,,16,1145,0.32400000000000007,0,,0
SLICES_CA-RU-R_x_916_y_901_z_222_experiment,pipeline,vsize_+4_std_+3,,17,39,0.006000000000000001,0,,0
SLICES_CA-RU-R_x_916_y_901_z_222_experiment,pipeline,vsize_+4_std_+3,,18,4568,0.8580000000000001,2234,22,1
SLICES_CA-RU-R_x_916_y_901_z_222_experiment,pipeline,vsize_+4_std_+3,,19,3495,0.6600000000000001,1697,23;29,2
SLICES_CA-RU-R_x_916_y_901_z_222_experiment,pipeline,vsize_+4_std_+3,,20,169,0.036000000000000004,0,,0
SLICES_CA-RU-R_x_916_y_901_z_222_experiment,pipeline,vsize_+4_std_+3,,21,16242,2.2980000000000005,2605,28;37;43;45;77;79;89,7
SLICES_CA-RU-R_x_916_y_901_z_222_experiment,pipeline,vsize_+4_std_+3,,22,61,0.006000000000000001,25,35,1
SLICES_CA-RU-R_x_916_y_901_z_222_experiment,pipeline,vsize_+4_std_+3,,23,1347,0.4980000000000001,354,25,1
SLICES_CA-RU-R_x_916_y_901_z_222_experiment,pipeline,vsize_+4_std_+3,,24,120,0.006000000000000001,0,,0
SLICES_CA-RU-R_x_916_y_901_z_222_experiment,pipeline,vsize_+4_std_+3,,25,3799,0.5940000000000001,930,54,1
SLICES_CA-RU-R_x_916_y_901_z_222_experiment,pipeline,vsize_+4_std_+3,,26,57,0.012000000000000002,39,31,1
SLICES_CA-RU-R_x_916_y_901_z_222_experiment,pipeline,vsize_+4_std_+3,,27,591,0.12000000000000002,180,42,1
SLICES_CA-RU-R_x_916_y_901_z_222_experiment,pipeline,vsize_+4_std_+3,,28,51,0.018000000000000002,0,,0
SLICES_CA-RU-R_x_916_y_901_z_222_experiment,pipeline,vsize_+4_std_+3,,29,515,0.12600000000000003,6,57,1
SLICES_CA-RU-R_x_916_y_901_z_222_experiment,pipeline,vsize_+4_std_+3,,30,2660,0.4860000000000001,1027,54,1
SLICES_CA-RU-R_x_916_y_901_z_222_experiment,pipeline,vsize_+4_std_+3,,31,5147,1.4340000000000002,2042,68;70;75;81;82,5
SLICES_CA-RU-R_x_916_y_901_z_222_experiment,pipeline,vsize_+4_std_+3,,32,11676,2.2500000000000004,5347,49;102;122,3
SLICES_CA-RU-R_x_916_y_901_z_222_experiment,pipeline,vsize_+4_std_+3,,33,12110,1.6500000000000004,6632,49,1
SLICES_CA-RU-R_x_916_y_901_z_222_experiment,pipeline,vsize_+4_std_+3,,34,65,0.0,0,,0
SLICES_CA-RU-R_x_916_y_901_z_222_experiment,pipeline,vsize_+4_std_+3,,35,410,0.012000000000000002,0,,0
SLICES_CA-RU-R_x_916_y_901_z_222_experiment,pipeline,vsize_+4_std_+3,,36,111,0.04800000000000001,0,,0
SLICES_CA-RU-R_x_916_y_901_z_222_experiment,pipeline,vsize_+4_std_+3,,37,4153,0.6240000000000001,1621,49;74;101,3
SLICES_CA-RU-R_x_916_y_901_z_222_experiment,pipeline,vsize_+4_std_+3,,38,5555,1.3440000000000003,1768,72;96;112,3
SLICES_CA-RU-R_x_916_y_901_z_222_experiment,pipeline,vsize_+4_std_+3,,39,1050,0.22800000000000004,0,,0
SLICES_CA-RU-R_x_916_y_901_z_222_experiment,pipeline,vsize_+4_std_+3,,40,1629,0.4740000000000001,628,96,1
SLICES_CA-RU-R_x_916_y_901_z_222_experiment,pipeline,vsize_+4_std_+3,,41,1253,0.28200000000000003,372,98;103,2
SLICES_CA-RU-R_x_916_y_901_z_222_experiment,pipeline,vsize_+4_std_+3,,42,6648,1.0380000000000003,5568,98,1
SLICES_CA-RU-R_x_916_y_901_z_222_experiment,pipeline,vsize_+4_std_+3,,43,54,0.018000000000000002,0,,0
SLICES_CA-RU-R_x_916_y_901_z_222_experiment,pipeline,vsize_+4_std_+3,,44,669,0.24000000000000005,1,113,1
SLICES_CA-RU-R_x_916_y_901_z_222_experiment,pipeline,vsize_+4_std_+3,,45,33,0.018000000000000002,0,,0
SLICES_CA-RU-R_x_916_y_901_z_222_experiment,pipeline,vsize_+4_std_+3,,46,907,0.31200000000000006,407,120,1
SLICES_CA-RU-R_x_916_y_901_z_222_experiment,pipeline,vsize_+4_std_+3,,47,652,0.138,0,,0
SLICES_CA-RU-R_x_916_y_901_z_222_experiment,pipeline,vsize_+4_std_+3,,48,631,0.14400000000000002,250,125,1
SLICES_CA-RU-R_x_916_y_901_z_222_experiment,pipeline,vsize_+4_std_+3,,49,1117,0.24000000000000005,863,124,1
SLICES_CA-RU-R_x_916_y_901_z_222_experiment,pipeline,vsize_+4_std_+3,,50,2192,0.32400000000000007,0,,0
SLICES_CA-RU-R_x_916_y_901_z_222_experiment,pipeline,vsize_+4_std_+3,,51,3154,0.8100000000000002,485,137;138,2
SLICES_CA-RU-R_x_916_y_901_z_222_experiment,pipeline,vsize_+4_std_+3,,52,189,0.006000000000000001,0,,0
SLICES_CA-RU-R_x_916_y_901_z_222_experiment,pipeline,vsize_+4_std_+3,,53,2235,0.5100000000000001,367,131;135,2
SLICES_CA-RU-R_x_916_y_901_z_222_experiment,pipeline,vsize_+4_std_+3,,54,27,0.018000000000000002,0,,0
SLICES_CA-RU-R_x_916_y_901_z_222_experiment,pipeline,vsize_+4_std_+3,,55,91,0.0,0,,0
SLICES_CA-RU-R_x_916_y_901_z_222_experiment,pipeline,vsize_+4_std_+3,,56,23,0.018000000000000002,0,,0
SLICES_CA-RU-R_x_916_y_901_z_222_experiment,pipeline,vsize_+4_std_+3,,57,533,0.14400000000000002,157,140,1
SLICES_CA-RU-R_x_916_y_901_z_222_experiment,pipeline,vsize_+4_std_+3,,58,481,0.12600000000000003,125,143,1
SLICES_CA-RU-R_x_916_y_901_z_222_experiment,pipeline,vsize_+4_std_+3,,59,824,0.036000000000000004,0,,0
SLICES_CA-RU-R_x_916_y_901_z_222_experiment,pipeline,vsize_+4_std_+3,,60,140,0.07200000000000001,0,,0
SLICES_CA-RU-R_x_916_y_901_z_222_experiment,pipeline,vsize_+4_std_+3,,61,1014,0.22200000000000003,221,144;145,2
SLICES_CA-RU-R_x_916_y_901_z_222_experiment,pipeline,vsize_+4_std_+3,,62,407,0.04800000000000001,397,142,1
SLICES_CA-RU-R_x_916_y_901_z_222_experiment,pipeline,vsize_+6_std_+4,,1,12183,1.9380000000000004,3570,2;22;23;27,4
SLICES_CA-RU-R_x_916_y_901_z_222_experiment,pipeline,vsize_+6_std_+4,,2,1316,0.31200000000000006,491,1,1
SLICES_CA-RU-R_x_916_y_901_z_222_experiment,pipeline,vsize_+6_std_+4,,3,4172,0.6660000000000001,1296,3,1
SLICES_CA-RU-R_x_916_y_901_z_222_experiment,pipeline,vsize_+6_std_+4,,4,1839,0.4980000000000001,0,,0
SLICES_CA-RU-R_x_916_y_901_z_222_experiment,pipeline,vsize_+6_std_+4,,5,17076,1.1940000000000002,0,,0
SLICES_CA-RU-R_x_916_y_901_z_222_experiment,pipeline,vsize_+6_std_+4,,6,2120,0.31200000000000006,314,7;9,2
SLICES_CA-RU-R_x_916_y_901_z_222_experiment,pipeline,vsize_+6_std_+4,,7,58698,6.492000000000001,4494,4;5;16;23;27;29;30;31;33,9
SLICES_CA-RU-R_x_916_y_901_z_222_experiment,pipeline,vsize_+6_std_+4,,8,2377,0.7680000000000001,0,,0
SLICES_CA-RU-R_x_916_y_901_z_222_experiment,pipeline,vsize_+6_std_+4,,9,174,0.012000000000000002,0,,0
SLICES_CA-RU-R_x_916_y_901_z_222_experiment,pipeline,vsize_+6_std_+4,,10,467,0.054000000000000006,0,,0
SLICES_CA-RU-R_x_916_y_901_z_222_experiment,pipeline,vsize_+6_std_+4,,11,2291,0.22200000000000003,457,13,1
SLICES_CA-RU-R_x_916_y_901_z_222_experiment,pipeline,vsize_+6_std_+4,,12,22036,2.6820000000000004,0,,0
SLICES_CA-RU-R_x_916_y_901_z_222_experiment,pipeline,vsize_+6_std_+4,,13,617,0.08400000000000002,0,,0
SLICES_CA-RU-R_x_916_y_901_z_222_experiment,pipeline,vsize_+6_std_+4,,14,8270,1.4760000000000002,2206,28;37;43;45;46,5
SLICES_CA-RU-R_x_916_y_901_z_222_experiment,pipeline,vsize_+6_std_+4,,15,836,0.18000000000000002,0,,0
SLICES_CA-RU-R_x_916_y_901_z_222_experiment,pipeline,vsize_+6_std_+4,,16,565,0.04800000000000001,0,,0
SLICES_CA-RU-R_x_916_y_901_z_222_experiment,pipeline,vsize_+6_std_+4,,17,2111,0.44400000000000006,456,25,1
SLICES_CA-RU-R_x_916_y_901_z_222_experiment,pipeline,vsize_+6_std_+4,,18,7123,0.6960000000000001,1256,42;44;50;55;61,5
SLICES_CA-RU-R_x_916_y_901_z_222_experiment,pipeline,vsize_+6_std_+4,,19,998,0.09000000000000001,0,,0
SLICES_CA-RU-R_x_916_y_901_z_222_experiment,pipeline,vsize_+6_std_+4,,20,903,0.07200000000000001,22,5,1
SLICES_CA-RU-R_x_916_y_901_z_222_experiment,pipeline,vsize_+6_std_+4,,21,12875,0.7560000000000001,2143,44;54,2
SLICES_CA-RU-R_x_916_y_901_z_222_experiment,pipeline,vsize_+6_std_+4,,22,12960,1.8600000000000003,7498,35;49;51;59,4
SLICES_CA-RU-R_x_916_y_901_z_222_experiment,pipeline,vsize_+6_std_+4,,23,92,0.006000000000000001,0,,0
SLICES_CA-RU-R_x_916_y_901_z_222_experiment,pipeline,vsize_+6_std_+4,,24,1342,0.138,0,,0
SLICES_CA-RU-R_x_916_y_901_z_222_experiment,pipeline,vsize_+6_std_+4,,25,2454,0.4200000000000001,353,37,1
SLICES_CA-RU-R_x_916_y_901_z_222_experiment,pipeline,vsize_+6_std_+4,,26,1361,0.16800000000000004,403,34,1
SLICES_CA-RU-R_x_916_y_901_z_222_experiment,pipeline,vsize_+6_std_+4,,27,3118,0.4680000000000001,0,,0
SLICES_CA-RU-R_x_916_y_901_z_222_experiment,pipeline,vsize_+6_std_+4,,28,34846,4.668000000000001,9693,49;68;70;75;81;82;102;122,8
SLICES_CA-RU-R_x_916_y_901_z_222_experiment,pipeline,vsize_+6_std_+4,,29,1263,0.28800000000000003,569,77,1
SLICES_CA-RU-R_x_916_y_901_z_222_experiment,pipeline,vsize_+6_std_+4,,30,3340,0.6600000000000001,1113,49;95;116,3
SLICES_CA-RU-R_x_916_y_901_z_222_experiment,pipeline,vsize_+6_std_+4,,31,317,0.036000000000000004,5,89,1
SLICES_CA-RU-R_x_916_y_901_z_222_experiment,pipeline,vsize_+6_std_+4,,32,25031,2.2380000000000004,2856,72;96;112;118,4
SLICES_CA-RU-R_x_916_y_901_z_222_experiment,pipeline,vsize_+6_std_+4,,33,1712,0.25800000000000006,307,92,1
SLICES_CA-RU-R_x_916_y_901_z_222_experiment,pipeline,vsize_+6_std_+4,,34,8387,0.6900000000000002,2502,49;74;101,3
SLICES_CA-RU-R_x_916_y_901_z_222_experiment,pipeline,vsize_+6_std_+4,,35,4296,0.7080000000000001,544,94;117;119;123,4
SLICES_CA-RU-R_x_916_y_901_z_222_experiment,pipeline,vsize_+6_std_+4,,36,6767,0.9480000000000002,5767,98,1
SLICES_CA-RU-R_x_916_y_901_z_222_experiment,pipeline,vsize_+6_std_+4,,37,1666,0.15000000000000002,348,98,1
SLICES_CA-RU-R_x_916_y_901_z_222_experiment,pipeline,vsize_+6_std_+4,,38,3912,0.7740000000000001,280,126;128,2
SLICES_CA-RU-R_x_916_y_901_z_222_experiment,pipeline,vsize_+6_std_+4,,39,877,0.09600000000000002,143,108,1
SLICES_CA-RU-R_x_916_y_901_z_222_experiment,pipeline,vsize_+6_std_+4,,40,6460,0.7740000000000001,218,131,1
SLICES_CA-RU-R_x_916_y_901_z_222_experiment,pipeline,vsize_+6_std_+4,,41,2825,0.5100000000000001,1269,124;125,2
SLICES_CA-RU-R_x_916_y_901_z_222_experiment,pipeline,vsize_+6_std_+4,,42,501,0.04200000000000001,7,129,1
SLICES_CA-RU-R_x_916_y_901_z_222_experiment,pipeline,vsize_+6_std_+4,,43,195,0.012000000000000002,0,,0
SLICES_CA-RU-R_x_916_y_901_z_222_experiment,pipeline,vsize_+6_std_+4,,44,5317,0.6480000000000001,553,137;138,2
SLICES_CA-RU-R_x_916_y_901_z_222_experiment,pipeline,vsize_+6_std_+4,,45,2888,0.36000000000000004,0,,0
SLICES_CA-RU-R_x_916_y_901_z_222_experiment,pipeline,vsize_+6_std_+4,,46,1544,0.09000000000000001,0,,0
SLICES_CA-RU-R_x_916_y_901_z_222_experiment,pipeline,vsize_+6_std_+4,,47,2139,0.006000000000000001,0,,0
SLICES_CA-RU-R_x_916_y_901_z_222_experiment,pipeline,vsize_+6_std_+4,,48,267,0.09600000000000002,0,,0
SLICES_CA-RU-R_x_916_y_901_z_222_experiment,pipeline,vsize_+6_std_+4,,49,1272,0.20400000000000004,270,144;145,2
SLICES_CA-RU-R_x_916_y_901_z_222_experiment,pipeline,vsize_+6_std_+4,,50,599,0.030000000000000006,526,142,1
SLICES_CA-RU-R_x_916_y_901_z_222_experiment,pipeline,strength_-1,,1,784,0.44400000000000006,515,1,1
SLICES_CA-RU-R_x_916_y_901_z_222_experiment,pipeline,strength_-1,,2,947,0.19800000000000004,505,2,1
SLICES_CA-RU-R_x_916_y_901_z_222_experiment,pipeline,strength_-1,,3,6073,0.9240000000000002,2120,3;4;16,3
SLICES_CA-RU-R_x_916_y_901_z_222_experiment,pipeline,strength_-1,,4,328,0.09000000000000001,0,,0
SLICES_CA-RU-R_x_916_y_901_z_222_experiment,pipeline,strength_-1,,5,790,0.28800000000000003,407,11,1
SLICES_CA-RU-R_x_916_y_901_z_222_experiment,pipeline,strength_-1,,6,1130,0.5040000000000001,661,5,1
SLICES_CA-RU-R_x_916_y_901_z_222_experiment,pipeline,strength_-1,,7,29,0.012000000000000002,0,,0
SLICES_CA-RU-R_x_916_y_901_z_222_experiment,pipeline,strength_-1,,8,278,0.07200000000000001,144,13,1
SLICES_CA-RU-R_x_916_y_901_z_222_experiment,pipeline,strength_-1,,9,1925,0.4200000000000001,1499,22,1
SLICES_CA-RU-R_x_916_y_901_z_222_experiment,pipeline,strength_-1,,10,4546,1.092,2153,23;42;44,3
SLICES_CA-RU-R_x_916_y_901_z_222_experiment,pipeline,strength_-1,,11,255,0.08400000000000002,0,,0
SLICES_CA-RU-R_x_916_y_901_z_222_experiment,pipeline,strength_-1,,12,9198,2.2740000000000005,6649,28;37;45;49,4
SLICES_CA-RU-R_x_916_y_901_z_222_experiment,pipeline,strength_-1,,13,432,0.17400000000000002,254,22,1
SLICES_CA-RU-R_x_916_y_901_z_222_experiment,pipeline,strength_-1,,14,969,0.45600000000000007,288,25,1
SLICES_CA-RU-R_x_916_y_901_z_222_experiment,pipeline,strength_-1,,15,963,0.30600000000000005,0,,0
SLICES_CA-RU-R_x_916_y_901_z_222_experiment,pipeline,strength_-1,,16,414,0.23400000000000004,217,43,1
SLICES_CA-RU-R_x_916_y_901_z_222_experiment,pipeline,strength_-1,,17,239,0.10200000000000002,0,,0
SLICES_CA-RU-R_x_916_y_901_z_222_experiment,pipeline,strength_-1,,18,1161,0.276,752,54,1
SLICES_CA-RU-R_x_916_y_901_z_222_experiment,pipeline,strength_-1,,19,1829,0.4920000000000001,974,54,1
SLICES_CA-RU-R_x_916_y_901_z_222_experiment,pipeline,strength_-1,,20,425,0.12600000000000003,0,,0
SLICES_CA-RU-R_x_916_y_901_z_222_experiment,pipeline,strength_-1,,21,1539,0.35400000000000004,0,,0
SLICES_CA-RU-R_x_916_y_901_z_222_experiment,pipeline,strength_-1,,22,162,0.036000000000000004,0,,0
SLICES_CA-RU-R_x_916_y_901_z_222_experiment,pipeline,strength_-1,,23,106,0.030000000000000006,0,,0
SLICES_CA-RU-R_x_916_y_901_z_222_experiment,pipeline,strength_-1,,24,953,0.276,210,34,1
SLICES_CA-RU-R_x_916_y_901_z_222_experiment,pipeline,strength_-1,,25,307,0.11400000000000002,0,,0
SLICES_CA-RU-R_x_916_y_901_z_222_experiment,pipeline,strength_-1,,26,467,0.19200000000000003,28,68,1
SLICES_CA-RU-R_x_916_y_901_z_222_experiment,pipeline,strength_-1,,27,101,0.030000000000000006,0,,0
SLICES_CA-RU-R_x_916_y_901_z_222_experiment,pipeline,strength_-1,,28,186,0.054000000000000006,0,,0
SLICES_CA-RU-R_x_916_y_901_z_222_experiment,pipeline,strength_-1,,29,5904,1.7400000000000002,3433,49;70;75;81;82,5
SLICES_CA-RU-R_x_916_y_901_z_222_experiment,pipeline,strength_-1,,30,19,0.012000000000000002,0,,0
SLICES_CA-RU-R_x_916_y_901_z_222_experiment,pipeline,strength_-1,,31,1353,0.5880000000000001,451,77;79;89,3
SLICES_CA-RU-R_x_916_y_901_z_222_experiment,pipeline,strength_-1,,32,406,0.13200000000000003,0,,0
SLICES_CA-RU-R_x_916_y_901_z_222_experiment,pipeline,strength_-1,,33,54,0.012000000000000002,13,68,1
SLICES_CA-RU-R_x_916_y_901_z_222_experiment,pipeline,strength_-1,,34,360,0.10800000000000001,0,,0
SLICES_CA-RU-R_x_916_y_901_z_222_experiment,pipeline,strength_-1,,35,36,0.012000000000000002,0,,0
SLICES_CA-RU-R_x_916_y_901_z_222_experiment,pipeline,strength_-1,,36,1699,0.4980000000000001,546,102,1
SLICES_CA-RU-R_x_916_y_901_z_222_experiment,pipeline,strength_-1,,37,44,0.012000000000000002,0,,0
SLICES_CA-RU-R_x_916_y_901_z_222_experiment,pipeline,strength_-1,,38,84,0.018000000000000002,0,,0
SLICES_CA-RU-R_x_916_y_901_z_222_experiment,pipeline,strength_-1,,39,1632,0.6600000000000001,842,49;95;116,3
SLICES_CA-RU-R_x_916_y_901_z_222_experiment,pipeline,strength_-1,,40,35,0.0,0,,0
SLICES_CA-RU-R_x_916_y_901_z_222_experiment,pipeline,strength_-1,,41,3002,1.2780000000000002,1025,72;112,2
SLICES_CA-RU-R_x_916_y_901_z_222_experiment,pipeline,strength_-1,,42,444,0.15000000000000002,0,,0
SLICES_CA-RU-R_x_916_y_901_z_222_experiment,pipeline,strength_-1,,43,2156,0.6720000000000002,1085,49;101;125,3
SLICES_CA-RU-R_x_916_y_901_z_222_experiment,pipeline,strength_-1,,44,158,0.04200000000000001,0,,0
SLICES_CA-RU-R_x_916_y_901_z_222_experiment,pipeline,strength_-1,,45,121,0.054000000000000006,0,,0
SLICES_CA-RU-R_x_916_y_901_z_222_experiment,pipeline,strength_-1,,46,766,0.32400000000000007,468,96,1
SLICES_CA-RU-R_x_916_y_901_z_222_experiment,pipeline,strength_-1,,47,347,0.12000000000000002,0,,0
SLICES_CA-RU-R_x_916_y_901_z_222_experiment,pipeline,strength_-1,,48,5000,0.9780000000000002,4724,98,1
SLICES_CA-RU-R_x_916_y_901_z_222_experiment,pipeline,strength_-1,,49,684,0.30600000000000005,339,120,1
SLICES_CA-RU-R_x_916_y_901_z_222_experiment,pipeline,strength_-1,,50,903,0.29400000000000004,0,,0
SLICES_CA-RU-R_x_916_y_901_z_222_experiment,pipeline,strength_-1,,51,1307,0.37800000000000006,0,,0
SLICES_CA-RU-R_x_916_y_901_z_222_experiment,pipeline,strength_-1,,52,870,0.24600000000000005,720,124,1
SLICES_CA-RU-R_x_916_y_901_z_222_experiment,pipeline,strength_-1,,53,1118,0.43200000000000005,21,133,1
SLICES_CA-RU-R_x_916_y_901_z_222_experiment,pipeline,strength_-1,,54,781,0.30000000000000004,0,,0
SLICES_CA-RU-R_x_916_y_901_z_222_experiment,pipeline,strength_-1,,55,367,0.12000000000000002,182,131,1
SLICES_CA-RU-R_x_916_y_901_z_222_experiment,pipeline,strength_-1,,56,650,0.16200000000000003,220,135,1
SLICES_CA-RU-R_x_916_y_901_z_222_experiment,pipeline,strength_-1,,57,530,0.18000000000000002,0,,0
SLICES_CA-RU-R_x_916_y_901_z_222_experiment,pipeline,strength_-1,,58,542,0.19800000000000004,121,140,1
SLICES_CA-RU-R_x_916_y_901_z_222_experiment,pipeline,strength_-1,,59,742,0.23400000000000004,183,144;145,2
SLICES_CA-RU-R_x_916_y_901_z_222_experiment,pipeline,strength_-1,,60,318,0.06000000000000001,317,142,1
SLICES_CA-RU-R_x_916_y_901_z_222_experiment,pipeline,strength_+1,,1,784,0.44400000000000006,515,1,1
SLICES_CA-RU-R_x_916_y_901_z_222_experiment,pipeline,strength_+1,,2,76,0.054000000000000006,0,,0
SLICES_CA-RU-R_x_916_y_901_z_222_experiment,pipeline,strength_+1,,3,906,0.20400000000000004,441,2,1
SLICES_CA-RU-R_x_916_y_901_z_222_experiment,pipeline,strength_+1,,4,4286,1.098,1682,3;4,2
SLICES_CA-RU-R_x_916_y_901_z_222_experiment,pipeline,strength_+1,,5,361,0.08400000000000002,0,,0
SLICES_CA-RU-R_x_916_y_901_z_222_experiment,pipeline,strength_+1,,6,840,0.30000000000000004,417,11,1
SLICES_CA-RU-R_x_916_y_901_z_222_experiment,pipeline,strength_+1,,7,1130,0.5040000000000001,661,5,1
SLICES_CA-RU-R_x_916_y_901_z_222_experiment,pipeline,strength_+1,,8,593,0.09600000000000002,322,4;16,2
SLICES_CA-RU-R_x_916_y_901_z_222_experiment,pipeline,strength_+1,,9,29,0.012000000000000002,0,,0
SLICES_CA-RU-R_x_916_y_901_z_222_experiment,pipeline,strength_+1,,10,247,0.07800000000000001,133,13,1
SLICES_CA-RU-R_x_916_y_901_z_222_experiment,pipeline,strength_+1,,11,3142,0.8160000000000002,1958,22;27,2
SLICES_CA-RU-R_x_916_y_901_z_222_experiment,pipeline,strength_+1,,12,4371,1.08,2251,23;42;44,3
SLICES_CA-RU-R_x_916_y_901_z_222_experiment,pipeline,strength_+1,,13,255,0.08400000000000002,0,,0
SLICES_CA-RU-R_x_916_y_901_z_222_experiment,pipeline,strength_+1,,14,9353,2.2800000000000002,6632,28;37;45;49,4
SLICES_CA-RU-R_x_916_y_901_z_222_experiment,pipeline,strength_+1,,15,668,0.18600000000000003,256,22,1
SLICES_CA-RU-R_x_916_y_901_z_222_experiment,pipeline,strength_+1,,16,969,0.45600000000000007,288,25,1
SLICES_CA-RU-R_x_916_y_901_z_222_experiment,pipeline,strength_+1,,17,963,0.30600000000000005,0,,0
SLICES_CA-RU-R_x_916_y_901_z_222_experiment,pipeline,strength_+1,,18,411,0.23400000000000004,215,43,1
SLICES_CA-RU-R_x_916_y_901_z_222_experiment,pipeline,strength_+1,,19,239,0.10200000000000002,0,,0
SLICES_CA-RU-R_x_916_y_901_z_222_experiment,pipeline,strength_+1,,20,1148,0.276,740,54,1
SLICES_CA-RU-R_x_916_y_901_z_222_experiment,pipeline,strength_+1,,21,1836,0.4920000000000001,977,54,1
SLICES_CA-RU-R_x_916_y_901_z_222_experiment,pipeline,strength_+1,,22,425,0.12600000000000003,0,,0
SLICES_CA-RU-R_x_916_y_901_z_222_experiment,pipeline,strength_+1,,23,1540,0.35400000000000004,0,,0
SLICES_CA-RU-R_x_916_y_901_z_222_experiment,pipeline,strength_+1,,24,162,0.036000000000000004,0,,0
SLICES_CA-RU-R_x_916_y_901_z_222_experiment,pipeline,strength_+1,,25,106,0.030000000000000006,0,,0
SLICES_CA-RU-R_x_916_y_901_z_222_experiment,pipeline,strength_+1,,26,307,0.11400000000000002,0,,0
SLICES_CA-RU-R_x_916_y_901_z_222_experiment,pipeline,strength_+1,,27,839,0.24600000000000005,224,34,1
SLICES_CA-RU-R_x_916_y_901_z_222_experiment,pipeline,strength_+1,,28,467,0.19200000000000003,28,68,1
SLICES_CA-RU-R_x_916_y_901_z_222_experiment,pipeline,strength_+1,,29,101,0.030000000000000006,0,,0
SLICES_CA-RU-R_x_916_y_901_z_222_experiment,pipeline,strength_+1,,30,186,0.054000000000000006,0,,0
SLICES_CA-RU-R_x_916_y_901_z_222_experiment,pipeline,strength_+1,,31,5907,1.7400000000000002,3420,49;70;75;81;82,5
SLICES_CA-RU-R_x_916_y_901_z_222_experiment,pipeline,strength_+1,,32,19,0.012000000000000002,0,,0
SLICES_CA-RU-R_x_916_y_901_z_222_experiment,pipeline,strength_+1,,33,1942,0.6060000000000001,600,80;102,2
SLICES_CA-RU-R_x_916_y_901_z_222_experiment,pipeline,strength_+1,,34,1335,0.5880000000000001,440,77;79;89,3
SLICES_CA-RU-R_x_916_y_901_z_222_experiment,pipeline,strength_+1,,35,406,0.13200000000000003,0,,0
SLICES_CA-RU-R_x_916_y_901_z_222_experiment,pipeline,strength_+1,,36,54,0.012000000000000002,13,68,1
SLICES_CA-RU-R_x_916_y_901_z_222_experiment,pipeline,strength_+1,,37,360,0.10800000000000001,0,,0
SLICES_CA-RU-R_x_916_y_901_z_222_experiment,pipeline,strength_+1,,38,36,0.012000000000000002,0,,0
SLICES_CA-RU-R_x_916_y_901_z_222_experiment,pipeline,strength_+1,,39,84,0.018000000000000002,0,,0
SLICES_CA-RU-R_x_916_y_901_z_222_experiment,pipeline,strength_+1,,40,1648,0.6600000000000001,847,49;95;116,3
SLICES_CA-RU-R_x_916_y_901_z_222_experiment,pipeline,strength_+1,,41,35,0.0,0,,0
SLICES_CA-RU-R_x_916_y_901_z_222_experiment,pipeline,strength_+1,,42,3002,1.2780000000000002,1025,72;112,2
SLICES_CA-RU-R_x_916_y_901_z_222_experiment,pipeline,strength_+1,,43,444,0.15000000000000002,0,,0
SLICES_CA-RU-R_x_916_y_901_z_222_experiment,pipeline,strength_+1,,44,2156,0.6720000000000002,1085,49;101;125,3
SLICES_CA-RU-R_x_916_y_901_z_222_experiment,pipeline,strength_+1,,45,158,0.04200000000000001,0,,0
SLICES_CA-RU-R_x_916_y_901_z_222_experiment,pipeline,strength_+1,,46,121,0.054000000000000006,0,,0
SLICES_CA-RU-R_x_916_y_901_z_222_experiment,pipeline,strength_+1,,47,766,0.32400000000000007,468,96,1
SLICES_CA-RU-R_x_916_y_901_z_222_experiment,pipeline,strength_+1,,48,348,0.12000000000000002,0,,0
SLICES_CA-RU-R_x_916_y_901_z_222_experiment,pipeline,strength_+1,,49,5065,0.9840000000000002,4755,98,1
SLICES_CA-RU-R_x_916_y_901_z_222_experiment,pipeline,strength_+1,,50,691,0.30600000000000005,340,120,1
SLICES_CA-RU-R_x_916_y_901_z_222_experiment,pipeline,strength_+1,,51,903,0.29400000000000004,0,,0
SLICES_CA-RU-R_x_916_y_901_z_222_experiment,pipeline,strength_+1,,52,1307,0.37800000000000006,0,,0
SLICES_CA-RU-R_x_916_y_901_z_222_experiment,pipeline,strength_+1,,53,846,0.25200000000000006,696,124,1
SLICES_CA-RU-R_x_916_y_901_z_222_experiment,pipeline,strength_+1,,54,1116,0.43200000000000005,21,133,1
SLICES_CA-RU-R_x_916_y_901_z_222_experiment,pipeline,strength_+1,,55,781,0.30000000000000004,0,,0
SLICES_CA-RU-R_x_916_y_901_z_222_experiment,pipeline,strength_+1,,56,357,0.11400000000000002,176,131,1
SLICES_CA-RU-R_x_916_y_901_z_222_experiment,pipeline,strength_+1,,57,495,0.16800000000000004,215,135,1
SLICES_CA-RU-R_x_916_y_901_z_222_experiment,pipeline,strength_+1,,58,530,0.18000000000000002,0,,0
SLICES_CA-RU-R_x_916_y_901_z_222_experiment,pipeline,strength_+1,,59,528,0.19200000000000003,121,140,1
SLICES_CA-RU-R_x_916_y_901_z_222_experiment,pipeline,strength_+1,,60,616,0.24600000000000005,183,144;145,2
SLICES_CA-RU-R_x_916_y_901_z_222_experiment,pipeline,strength_+1,,61,318,0.06000000000000001,317,142,1
SLICES_CA-RU-R_x_916_y_901_z_222_experiment,pipeline,strength_+2,,1,784,0.44400000000000006,515,1,1
SLICES_CA-RU-R_x_916_y_901_z_222_experiment,pipeline,strength_+2,,2,76,0.054000000000000006,0,,0
SLICES_CA-RU-R_x_916_y_901_z_222_experiment,pipeline,strength_+2,,3,974,0.19800000000000004,498,2,1
SLICES_CA-RU-R_x_916_y_901_z_222_experiment,pipeline,strength_+2,,4,4286,1.098,1682,3;4,2
SLICES_CA-RU-R_x_916_y_901_z_222_experiment,pipeline,strength_+2,,5,361,0.08400000000000002,0,,0
SLICES_CA-RU-R_x_916_y_901_z_222_experiment,pipeline,strength_+2,,6,840,0.30000000000000004,417,11,1
SLICES_CA-RU-R_x_916_y_901_z_222_experiment,pipeline,strength_+2,,7,1130,0.5040000000000001,661,5,1
SLICES_CA-RU-R_x_916_y_901_z_222_experiment,pipeline,strength_+2,,8,593,0.09600000000000002,322,4;16,2
SLICES_CA-RU-R_x_916_y_901_z_222_experiment,pipeline,strength_+2,,9,29,0.012000000000000002,0,,0
SLICES_CA-RU-R_x_916_y_901_z_222_experiment,pipeline,strength_+2,,10,247,0.07800000000000001,133,13,1
SLICES_CA-RU-R_x_916_y_901_z_222_experiment,pipeline,strength_+2,,11,3142,0.8160000000000002,1958,22;27,2
SLICES_CA-RU-R_x_916_y_901_z_222_experiment,pipeline,strength_+2,,12,4371,1.08,2251,23;42;44,3
SLICES_CA-RU-R_x_916_y_901_z_222_experiment,pipeline,strength_+2,,13,255,0.08400000000000002,0,,0
SLICES_CA-RU-R_x_916_y_901_z_222_experiment,pipeline,strength_+2,,14,9353,2.2800000000000002,6632,28;37;45;49,4
SLICES_CA-RU-R_x_916_y_901_z_222_experiment,pipeline,strength_+2,,15,668,0.18600000000000003,256,22,1
SLICES_CA-RU-R_x_916_y_901_z_222_experiment,pipeline,strength_+2,,16,969,0.45600000000000007,288,25,1
SLICES_CA-RU-R_x_916_y_901_z_222_experiment,pipeline,strength_+2,,17,963,0.30600000000000005,0,,0
SLICES_CA-RU-R_x_916_y_901_z_222_experiment,pipeline,strength_+2,,18,411,0.23400000000000004,215,43,1
SLICES_CA-RU-R_x_916_y_901_z_222_experiment,pipeline,strength_+2,,19,239,0.10200000000000002,0,,0
SLICES_CA-RU-R_x_916_y_901_z_222_experiment,pipeline,strength_+2,,20,1148,0.276,740,54,1
SLICES_CA-RU-R_x_916_y_901_z_222_experiment,pipeline,strength_+2,,21,1836,0.4920000000000001,977,54,1
SLICES_CA-RU-R_x_916_y_901_z_222_experiment,pipeline,strength_+2,,22,425,0.12600000000000003,0,,0
SLICES_CA-RU-R_x_916_y_901_z_222_experiment,pipeline,strength_+2,,23,1540,0.35400000000000004,0,,0
SLICES_CA-RU-R_x_916_y_901_z_222_experiment,pipeline,strength_+2,,24,162,0.036000000000000004,0,,0
SLICES_CA-RU-R_x_916_y_901_z_222_experiment,pipeline,strength_+2,,25,106,0.030000000000000006,0,,0
SLICES_CA-RU-R_x_916_y_901_z_222_experiment,pipeline,strength_+2,,26,307,0.11400000000000002,0,,0
SLICES_CA-RU-R_x_916_y_901_z_222_experiment,pipeline,strength_+2,,27,839,0.24600000000000005,224,34,1
SLICES_CA-RU-R_x_916_y_901_z_222_experiment,pipeline,strength_+2,,28,467,0.19200000000000003,28,68,1
SLICES_CA-RU-R_x_916_y_901_z_222_experiment,pipeline,strength_+2,,29,101,0.030000000000000006,0,,0
SLICES_CA-RU-R_x_916_y_901_z_222_experiment,pipeline,strength_+2,,30,186,0.054000000000000006,0,,0
SLICES_CA-RU-R_x_916_y_901_z_222_experiment,pipeline,strength_+2,,31,5907,1.7400000000000002,3420,49;70;75;81;82,5
SLICES_CA-RU-R_x_916_y_901_z_222_experiment,pipeline,strength_+2,,32,19,0.012000000000000002,0,,0
SLICES_CA-RU-R_x_916_y_901_z_222_experiment,pipeline,strength_+2,,33,1942,0.6060000000000001,600,80;102,2
SLICES_CA-RU-R_x_916_y_901_z_222_experiment,pipeline,strength_+2,,34,1335,0.5880000000000001,440,77;79;89,3
SLICES_CA-RU-R_x_916_y_901_z_222_experiment,pipeline,strength_+2,,35,406,0.13200000000000003,0,,0
SLICES_CA-RU-R_x_916_y_901_z_222_experiment,pipeline,strength_+2,,36,54,0.012000000000000002,13,68,1
SLICES_CA-RU-R_x_916_y_901_z_222_experiment,pipeline,strength_+2,,37,360,0.10800000000000001,0,,0
SLICES_CA-RU-R_x_916_y_901_z_222_experiment,pipeline,strength_+2,,38,36,0.012000000000000002,0,,0
SLICES_CA-RU-R_x_916_y_901_z_222_experiment,pipeline,strength_+2,,39,84,0.018000000000000002,0,,0
SLICES_CA-RU-R_x_916_y_901_z_222_experiment,pipeline,strength_+2,,40,1648,0.6600000000000001,847,49;95;116,3
SLICES_CA-RU-R_x_916_y_901_z_222_experiment,pipeline,strength_+2,,41,35,0.0,0,,0
SLICES_CA-RU-R_x_916_y_901_z_222_experiment,pipeline,strength_+2,,42,3002,1.2780000000000002,1025,72;112,2
SLICES_CA-RU-R_x_916_y_901_z_222_experiment,pipeline,strength_+2,,43,444,0.15000000000000002,0,,0
SLICES_CA-RU-R_x_916_y_901_z_222_experiment,pipeline,strength_+2,,44,2156,0.6720000000000002,1085,49;101;125,3
SLICES_CA-RU-R_x_916_y_901_z_222_experiment,pipeline,strength_+2,,45,158,0.04200000000000001,0,,0
SLICES_CA-RU-R_x_916_y_901_z_222_experiment,pipeline,strength_+2,,46,121,0.054000000000000006,0,,0
SLICES_CA-RU-R_x_916_y_901_z_222_experiment,pipeline,strength_+2,,47,766,0.32400000000000007,468,96,1
SLICES_CA-RU-R_x_916_y_901_z_222_experiment,pipeline,strength_+2,,48,348,0.12000000000000002,0,,0
SLICES_CA-RU-R_x_916_y_901_z_222_experiment,pipeline,strength_+2,,49,5065,0.9840000000000002,4755,98,1
SLICES_CA-RU-R_x_916_y_901_z_222_experiment,pipeline,strength_+2,,50,691,0.30600000000000005,340,120,1
SLICES_CA-RU-R_x_916_y_901_z_222_experiment,pipeline,strength_+2,,51,903,0.29400000000000004,0,,0
SLICES_CA-RU-R_x_916_y_901_z_222_experiment,pipeline,strength_+2,,52,1307,0.37800000000000006,0,,0
SLICES_CA-RU-R_x_916_y_901_z_222_experiment,pipeline,strength_+2,,53,846,0.25200000000000006,696,124,1
SLICES_CA-RU-R_x_916_y_901_z_222_experiment,pipeline,strength_+2,,54,1116,0.43200000000000005,21,133,1
SLICES_CA-RU-R_x_916_y_901_z_222_experiment,pipeline,strength_+2,,55,781,0.30000000000000004,0,,0
SLICES_CA-RU-R_x_916_y_901_z_222_experiment,pipeline,strength_+2,,56,357,0.11400000000000002,176,131,1
SLICES_CA-RU-R_x_916_y_901_z_222_experiment,pipeline,strength_+2,,57,495,0.16800000000000004,215,135,1
SLICES_CA-RU-R_x_916_y_901_z_222_experiment,pipeline,strength_+2,,58,530,0.18000000000000002,0,,0
SLICES_CA-RU-R_x_916_y_901_z_222_experiment,pipeline,strength_+2,,59,528,0.19200000000000003,121,140,1
SLICES_CA-RU-R_x_916_y_901_z_222_experiment,pipeline,strength_+2,,60,616,0.24600000000000005,183,144;145,2
SLICES_CA-RU-R_x_916_y_901_z_222_experiment,pipeline,strength_+2,,61,318,0.06000000000000001,317,142,1
SLICES_CA-RU-R_x_916_y_901_z_222_experiment,pipeline,strength_+3,,1,767,0.45600000000000007,509,1,1
SLICES_CA-RU-R_x_916_y_901_z_222_experiment,pipeline,strength_+3,,2,998,0.19800000000000004,511,2,1
SLICES_CA-RU-R_x_916_y_901_z_222_experiment,pipeline,strength_+3,,3,4285,1.104,1679,3;4,2
SLICES_CA-RU-R_x_916_y_901_z_222_experiment,pipeline,strength_+3,,4,24,0.012000000000000002,0,,0
SLICES_CA-RU-R_x_916_y_901_z_222_experiment,pipeline,strength_+3,,5,361,0.08400000000000002,0,,0
SLICES_CA-RU-R_x_916_y_901_z_222_experiment,pipeline,strength_+3,,6,790,0.28800000000000003,407,11,1
SLICES_CA-RU-R_x_916_y_901_z_222_experiment,pipeline,strength_+3,,7,1130,0.5040000000000001,661,5,1
SLICES_CA-RU-R_x_916_y_901_z_222_experiment,pipeline,strength_+3,,8,586,0.10800000000000001,317,4;16,2
SLICES_CA-RU-R_x_916_y_901_z_222_experiment,pipeline,strength_+3,,9,29,0.012000000000000002,0,,0
SLICES_CA-RU-R_x_916_y_901_z_222_experiment,pipeline,strength_+3,,10,262,0.06000000000000001,141,13,1
SLICES_CA-RU-R_x_916_y_901_z_222_experiment,pipeline,strength_+3,,11,3154,0.8160000000000002,1969,22;27,2
SLICES_CA-RU-R_x_916_y_901_z_222_experiment,pipeline,strength_+3,,12,1912,0.3360000000000001,1455,23,1
SLICES_CA-RU-R_x_916_y_901_z_222_experiment,pipeline,strength_+3,,13,9389,2.2920000000000003,6655,28;37;45;49,4
SLICES_CA-RU-R_x_916_y_901_z_222_experiment,pipeline,strength_+3,,14,255,0.08400000000000002,0,,0
SLICES_CA-RU-R_x_916_y_901_z_222_experiment,pipeline,strength_+3,,15,672,0.18600000000000003,260,22,1
SLICES_CA-RU-R_x_916_y_901_z_222_experiment,pipeline,strength_+3,,16,969,0.45600000000000007,288,25,1
SLICES_CA-RU-R_x_916_y_901_z_222_experiment,pipeline,strength_+3,,17,1501,0.5340000000000001,760,42;44,2
SLICES_CA-RU-R_x_916_y_901_z_222_experiment,pipeline,strength_+3,,18,963,0.30600000000000005,0,,0
SLICES_CA-RU-R_x_916_y_901_z_222_experiment,pipeline,strength_+3,,19,414,0.23400000000000004,217,43,1
SLICES_CA-RU-R_x_916_y_901_z_222_experiment,pipeline,strength_+3,,20,239,0.10200000000000002,0,,0
SLICES_CA-RU-R_x_916_y_901_z_222_experiment,pipeline,strength_+3,,21,1148,0.276,740,54,1
SLICES_CA-RU-R_x_916_y_901_z_222_experiment,pipeline,strength_+3,,22,1836,0.4920000000000001,977,54,1
SLICES_CA-RU-R_x_916_y_901_z_222_experiment,pipeline,strength_+3,,23,425,0.12600000000000003,0,,0
SLICES_CA-RU-R_x_916_y_901_z_222_experiment,pipeline,strength_+3,,24,1542,0.35400000000000004,0,,0
SLICES_CA-RU-R_x_916_y_901_z_222_experiment,pipeline,strength_+3,,25,162,0.036000000000000004,0,,0
SLICES_CA-RU-R_x_916_y_901_z_222_experiment,pipeline,strength_+3,,26,106,0.030000000000000006,0,,0
SLICES_CA-RU-R_x_916_y_901_z_222_experiment,pipeline,strength_+3,,27,307,0.11400000000000002,0,,0
SLICES_CA-RU-R_x_916_y_901_z_222_experiment,pipeline,strength_+3,,28,545,0.23400000000000004,209,34,1
SLICES_CA-RU-R_x_916_y_901_z_222_experiment,pipeline,strength_+3,,29,467,0.19200000000000003,28,68,1
SLICES_CA-RU-R_x_916_y_901_z_222_experiment,pipeline,strength_+3,,30,101,0.030000000000000006,0,,0
SLICES_CA-RU-R_x_916_y_901_z_222_experiment,pipeline,strength_+3,,31,186,0.054000000000000006,0,,0
SLICES_CA-RU-R_x_916_y_901_z_222_experiment,pipeline,strength_+3,,32,5889,1.7340000000000002,3418,49;70;75;81;82,5
SLICES_CA-RU-R_x_916_y_901_z_222_experiment,pipeline,strength_+3,,33,19,0.012000000000000002,0,,0
SLICES_CA-RU-R_x_916_y_901_z_222_experiment,pipeline,strength_+3,,34,1942,0.6060000000000001,600,80;102,2
SLICES_CA-RU-R_x_916_y_901_z_222_experiment,pipeline,strength_+3,,35,1334,0.5880000000000001,443,77;79;89,3
SLICES_CA-RU-R_x_916_y_901_z_222_experiment,pipeline,strength_+3,,36,406,0.13200000000000003,0,,0
SLICES_CA-RU-R_x_916_y_901_z_222_experiment,pipeline,strength_+3,,37,54,0.012000000000000002,13,68,1
SLICES_CA-RU-R_x_916_y_901_z_222_experiment,pipeline,strength_+3,,38,360,0.10800000000000001,0,,0
SLICES_CA-RU-R_x_916_y_901_z_222_experiment,pipeline,strength_+3,,39,36,0.012000000000000002,0,,0
SLICES_CA-RU-R_x_916_y_901_z_222_experiment,pipeline,strength_+3,,40,84,0.018000000000000002,0,,0
SLICES_CA-RU-R_x_916_y_901_z_222_experiment,pipeline,strength_+3,,41,1650,0.6600000000000001,848,49;95;116,3
SLICES_CA-RU-R_x_916_y_901_z_222_experiment,pipeline,strength_+3,,42,35,0.0,0,,0
SLICES_CA-RU-R_x_916_y_901_z_222_experiment,pipeline,strength_+3,,43,3002,1.2780000000000002,1025,72;112,2
SLICES_CA-RU-R_x_916_y_901_z_222_experiment,pipeline,strength_+3,,44,444,0.15000000000000002,0,,0
SLICES_CA-RU-R_x_916_y_901_z_222_experiment,pipeline,strength_+3,,45,2155,0.6720000000000002,1085,49;101;125,3
SLICES_CA-RU-R_x_916_y_901_z_222_experiment,pipeline,strength_+3,,46,158,0.04200000000000001,0,,0
SLICES_CA-RU-R_x_916_y_901_z_222_experiment,pipeline,strength_+3,,47,121,0.054000000000000006,0,,0
SLICES_CA-RU-R_x_916_y_901_z_222_experiment,pipeline,strength_+3,,48,766,0.32400000000000007,468,96,1
SLICES_CA-RU-R_x_916_y_901_z_222_experiment,pipeline,strength_+3,,49,348,0.12000000000000002,0,,0
SLICES_CA-RU-R_x_916_y_901_z_222_experiment,pipeline,strength_+3,,50,5029,0.9840000000000002,4720,98,1
SLICES_CA-RU-R_x_916_y_901_z_222_experiment,pipeline,strength_+3,,51,673,0.30600000000000005,342,120,1
SLICES_CA-RU-R_x_916_y_901_z_222_experiment,pipeline,strength_+3,,52,903,0.29400000000000004,0,,0
SLICES_CA-RU-R_x_916_y_901_z_222_experiment,pipeline,strength_+3,,53,1307,0.37800000000000006,0,,0
SLICES_CA-RU-R_x_916_y_901_z_222_experiment,pipeline,strength_+3,,54,846,0.25200000000000006,696,124,1
SLICES_CA-RU-R_x_916_y_901_z_222_experiment,pipeline,strength_+3,,55,1116,0.43200000000000005,21,133,1
SLICES_CA-RU-R_x_916_y_901_z_222_experiment,pipeline,strength_+3,,56,781,0.30000000000000004,0,,0
SLICES_CA-RU-R_x_916_y_901_z_222_experiment,pipeline,strength_+3,,57,357,0.11400000000000002,176,131,1
SLICES_CA-RU-R_x_916_y_901_z_222_experiment,pipeline,strength_+3,,58,497,0.16200000000000003,220,135,1
SLICES_CA-RU-R_x_916_y_901_z_222_experiment,pipeline,strength_+3,,59,530,0.18000000000000002,0,,0
SLICES_CA-RU-R_x_916_y_901_z_222_experiment,pipeline,strength_+3,,60,528,0.19200000000000003,121,140,1
SLICES_CA-RU-R_x_916_y_901_z_222_experiment,pipeline,strength_+3,,61,616,0.24600000000000005,183,144;145,2
SLICES_CA-RU-R_x_916_y_901_z_222_experiment,pipeline,strength_+3,,62,318,0.06000000000000001,317,142,1
