scan,method,variant,threshold_value,vessel_id,volume_voxels,length_mm,overlap_voxels,corresponding_ids,n_corresponding
SLICES_CA-LL-L1_x+559_y+604_z+498_experiment,ground_truth,,,1,65,0.036000000000000004,0,,0
SLICES_CA-LL-L1_x+559_y+604_z+498_experiment,ground_truth,,,2,43,0.024000000000000004,0,,0
SLICES_CA-LL-L1_x+559_y+604_z+498_experiment,ground_truth,,,3,177,0.08400000000000002,0,,0
SLICES_CA-LL-L1_x+559_y+604_z+498_experiment,ground_truth,,,4,69,0.04200000000000001,0,,0
SLICES_CA-LL-L1_x+559_y+604_z+498_experiment,ground_truth,,,5,226,0.09000000000000001,0,,0
SLICES_CA-LL-L1_x+559_y+604_z+498_experiment,ground_truth,,,6,50,0.030000000000000006,0,,0
SLICES_CA-LL-L1_x+559_y+604_z+498_experiment,ground_truth,,,7,374,0.10200000000000002,0,,0
SLICES_CA-LL-L1_x+559_y+604_z+498_experiment,ground_truth,,,8,36,0.024000000000000004,0,,0
SLICES_CA-LL-L1_x+559_y+604_z+498_experiment,ground_truth,,,9,42,0.024000000000000004,0,,0
SLICES_CA-LL-L1_x+559_y+604_z+498_experiment,ground_truth,,,10,90,0.0,0,,0
SLICES_CA-LL-L1_x+559_y+604_z+498_experiment,ground_truth,,,11,137,0.024000000000000004,0,,0
SLICES_CA-LL-L1_x+559_y+604_z+498_experiment,ground_truth,,,12,1876,0.37800000000000006,0,,0
SLICES_CA-LL-L1_x+559_y+604_z+498_experiment,ground_truth,,,13,9,0.006000000000000001,0,,0
SLICES_CA-LL-L1_x+559_y+604_z+498_experiment,ground_truth,,,14,261,0.054000000000000006,0,,0
SLICES_CA-LL-L1_x+559_y+604_z+498_experiment,ground_truth,,,15,716,0.21600000000000003,0,,0
SLICES_CA-LL-L1_x+559_y+604_z+498_experiment,ground_truth,,,16,41,0.030000000000000006,0,,0
SLICES_CA-LL-L1_x+559_y+604_z+498_experiment,ground_truth,,,17,9,0.012000000000000002,0,,0
SLICES_CA-LL-L1_x+559_y+604_z+498_experiment,ground_truth,,,18,92,0.04200000000000001,0,,0
SLICES_CA-LL-L1_x+559_y+604_z+498_experiment,ground_truth,,,19,877,0.24000000000000005,0,,0
SLICES_CA-LL-L1_x+559_y+604_z+498_experiment,ground_truth,,,20,599,0.138,0,,0
SLICES_CA-LL-L1_x+559_y+604_z+498_experiment,ground_truth,,,21,39,0.024000000000000004,0,,0
SLICES_CA-LL-L1_x+559_y+604_z+498_experiment,ground_truth,,,22,556,0.138,0,,0
SLICES_CA-LL-L1_x+559_y+604_z+498_experiment,ground_truth,,,23,903,0.036000000000000004,0,,0
SLICES_CA-LL-L1_x+559_y+604_z+498_experiment,ground_truth,,,24,395,0.10200000000000002,0,,0
SLICES_CA-LL-L1_x+559_y+604_z+498_experiment,ground_truth,,,25,11234,1.0320000000000003,0,,0
SLICES_CA-LL-L1_x+559_y+604_z+498_experiment,ground_truth,,,26,4037,0.9900000000000002,0,,0
SLICES_CA-LL-L1_x+559_y+604_z+498_experiment,ground_truth,,,27,289,0.11400000000000002,0,,0
SLICES_CA-LL-L1_x+559_y+604_z+498_experiment,ground_truth,,,28,30,0.012000000000000002,0,,0
SLICES_CA-LL-L1_x+559_y+604_z+498_experiment,ground_truth,,,29,1,0.0,0,,0
SLICES_CA-LL-L1_x+559_y+604_z+498_experiment,ground_truth,,,30,1,0.006000000000000001,0,,0
SLICES_CA-LL-L1_x+559_y+604_z+498_experiment,ground_truth,,,31,1,0.0,0,,0
SLICES_CA-LL-L1_x+559_y+604_z+498_experiment,ground_truth,,,32,3852,0.44400000000000006,0,,0
SLICES_CA-LL-L1_x+559_y+604_z+498_experiment,ground_truth,,,33,1,0.0,0,,0
SLICES_CA-LL-L1_x+559_y+604_z+498_experiment,ground_truth,,,34,101,0.018000000000000002,0,,0
SLICES_CA-LL-L1_x+559_y+604_z+498_experiment,ground_truth,,,35,493,0.09600000000000002,0,,0
SLICES_CA-LL-L1_x+559_y+604_z+498_experiment,threshold,best_dice,183,1,1,0.006000000000000001,1,1,1
SLICES_CA-LL-L1_x+559_y+604_z+498_experiment,threshold,best_dice,183,2,1,0.006000000000000001,0,,0
SLICES_CA-LL-L1_x+559_y+604_z+498_experiment,threshold,best_dice,183,3,1,0.006000000000000001,1,6,1
SLICES_CA-LL-L1_x+559_y+604_z+498_experiment,threshold,best_dice,183,4,9,0.012000000000000002,0,,0
SLICES_CA-LL-L1_x+559_y+604_z+498_experiment,threshold,best_dice,183,5,6,0.0,6,5,1
SLICES_CA-LL-L1_x+559_y+604_z+498_experiment,threshold,best_dice,183,6,48,0.018000000000000002,48,7,1
SLICES_CA-LL-L1_x+559_y+604_z+498_experiment,threshold,best_dice,183,7,7,0.006000000000000001,7,11,1
SLICES_CA-LL-L1_x+559_y+604_z+498_experiment,threshold,best_dice,183,8,19,0.012000000000000002,0,,0
SLICES_CA-LL-L1_x+559_y+604_z+498_experiment,threshold,best_dice,183,9,2,0.012000000000000002,0,,0
SLICES_CA-LL-L1_x+559_y+604_z+498_experiment,threshold,best_dice,183,10,27,0.006000000000000001,0,,0
SLICES_CA-LL-L1_x+559_y+604_z+498_experiment,threshold,best_dice,183,11,7,0.0,7,12,1
SLICES_CA-LL-L1_x+559_y+604_z+498_experiment,threshold,best_dice,183,12,1,0.006000000000000001,1,12,1
SLICES_CA-LL-L1_x+559_y+604_z+498_experiment,threshold,best_dice,183,13,29,0.024000000000000004,26,14,1
SLICES_CA-LL-L1_x+559_y+604_z+498_experiment,threshold,best_dice,183,14,922,0.17400000000000002,883,12,1
SLICES_CA-LL-L1_x+559_y+604_z+498_experiment,threshold,best_dice,183,15,28,0.018000000000000002,0,,0
SLICES_CA-LL-L1_x+559_y+604_z+498_experiment,threshold,best_dice,183,16,1,0.006000000000000001,0,,0
SLICES_CA-LL-L1_x+559_y+604_z+498_experiment,threshold,best_dice,183,17,20,0.012000000000000002,0,,0
SLICES_CA-LL-L1_x+559_y+604_z+498_experiment,threshold,best_dice,183,18,5,0.012000000000000002,0,,0
SLICES_CA-LL-L1_x+559_y+604_z+498_experiment,threshold,best_dice,183,19,6,0.0,0,,0
SLICES_CA-LL-L1_x+559_y+604_z+498_experiment,threshold,best_dice,183,20,52,0.006000000000000001,51,12,1
SLICES_CA-LL-L1_x+559_y+604_z+498_experiment,threshold,best_dice,183,21,6,0.0,0,,0
SLICES_CA-LL-L1_x+559_y+604_z+498_experiment,threshold,best_dice,183,22,1,0.0,1,12,1
SLICES_CA-LL-L1_x+559_y+604_z+498_experiment,threshold,best_dice,183,23,3,0.0,3,15,1
SLICES_CA-LL-L1_x+559_y+604_z+498_experiment,threshold,best_dice,183,24,3,0.006000000000000001,0,,0
SLICES_CA-LL-L1_x+559_y+604_z+498_experiment,threshold,best_dice,183,25,1,0.006000000000000001,0,,0
SLICES_CA-LL-L1_x+559_y+604_z+498_experiment,threshold,best_dice,183,26,5,0.012000000000000002,5,18,1
SLICES_CA-LL-L1_x+559_y+604_z+498_experiment,threshold,best_dice,183,27,57,0.036000000000000004,57,19,1
SLICES_CA-LL-L1_x+559_y+604_z+498_experiment,threshold,best_dice,183,28,10,0.006000000000000001,0,,0
SLICES_CA-LL-L1_x+559_y+604_z+498_experiment,threshold,best_dice,183,29,36,0.012000000000000002,0,,0
SLICES_CA-LL-L1_x+559_y+604_z+498_experiment,threshold,best_dice,183,30,1,0.006000000000000001,0,,0
SLICES_CA-LL-L1_x+559_y+604_z+498_experiment,threshold,best_dice,183,31,2,0.012000000000000002,0,,0
SLICES_CA-LL-L1_x+559_y+604_z+498_experiment,threshold,best_dice,183,32,5,0.012000000000000002,0,,0
SLICES_CA-LL-L1_x+559_y+604_z+498_experiment,threshold,best_dice,183,33,300,0.10800000000000001,274,19,1
SLICES_CA-LL-L1_x+559_y+604_z+498_experiment,threshold,best_dice,183,34,12,0.012000000000000002,0,,0
SLICES_CA-LL-L1_x+559_y+604_z+498_experiment,threshold,best_dice,183,35,21,0.012000000000000002,0,,0
SLICES_CA-LL-L1_x+559_y+604_z+498_experiment,threshold,best_dice,183,36,1,0.006000000000000001,0,,0
SLICES_CA-LL-L1_x+559_y+604_z+498_experiment,threshold,best_dice,183,37,2,0.012000000000000002,0,,0
SLICES_CA-LL-L1_x+559_y+604_z+498_experiment,threshold,best_dice,183,38,1952,0.4740000000000001,350,21;22,2
SLICES_CA-LL-L1_x+559_y+604_z+498_experiment,threshold,best_dice,183,39,4,0.012000000000000002,0,,0
SLICES_CA-LL-L1_x+559_y+604_z+498_experiment,threshold,best_dice,183,40,2,0.012000000000000002,0,,0
SLICES_CA-LL-L1_x+559_y+604_z+498_experiment,threshold,best_dice,183,41,17,0.012000000000000002,0,,0
SLICES_CA-LL-L1_x+559_y+604_z+498_experiment,threshold,best_dice,183,42,11,0.0,0,,0
SLICES_CA-LL-L1_x+559_y+604_z+498_experiment,threshold,best_dice,183,43,190,0.0,0,,0
SLICES_CA-LL-L1_x+559_y+604_z+498_experiment,threshold,best_dice,183,44,1,0.006000000000000001,0,,0
SLICES_CA-LL-L1_x+559_y+604_z+498_experiment,threshold,best_dice,183,45,730,0.18000000000000002,0,,0
SLICES_CA-LL-L1_x+559_y+604_z+498_experiment,threshold,best_dice,183,46,1,0.006000000000000001,0,,0
SLICES_CA-LL-L1_x+559_y+604_z+498_experiment,threshold,best_dice,183,47,987,0.06000000000000001,753,23,1
SLICES_CA-LL-L1_x+559_y+604_z+498_experiment,threshold,best_dice,183,48,280,0.024000000000000004,0,,0
SLICES_CA-LL-L1_x+559_y+604_z+498_experiment,threshold,best_dice,183,49,47,0.006000000000000001,0,,0
SLICES_CA-LL-L1_x+559_y+604_z+498_experiment,threshold,best_dice,183,50,88,0.04800000000000001,0,,0
SLICES_CA-LL-L1_x+559_y+604_z+498_experiment,threshold,best_dice,183,51,7,0.012000000000000002,0,,0
SLICES_CA-LL-L1_x+559_y+604_z+498_experiment,threshold,best_dice,183,52,9,0.012000000000000002,0,,0
SLICES_CA-LL-L1_x+559_y+604_z+498_experiment,threshold,best_dice,183,53,139,0.030000000000000006,135,24,1
SLICES_CA-LL-L1_x+559_y+604_z+498_experiment,threshold,best_dice,183,54,11,0.0,0,,0
SLICES_CA-LL-L1_x+559_y+604_z+498_experiment,threshold,best_dice,183,55,2235,0.36600000000000005,0,,0
SLICES_CA-LL-L1_x+559_y+604_z+498_experiment,threshold,best_dice,183,56,83,0.0,0,,0
SLICES_CA-LL-L1_x+559_y+604_z+498_experiment,threshold,best_dice,183,57,20,0.018000000000000002,0,,0
SLICES_CA-LL-L1_x+559_y+604_z+498_experiment,threshold,best_dice,183,58,29,0.018000000000000002,0,,0
SLICES_CA-LL-L1_x+559_y+604_z+498_experiment,threshold,best_dice,183,59,11,0.0,0,,0
SLICES_CA-LL-L1_x+559_y+604_z+498_experiment,threshold,best_dice,183,60,6,0.012000000000000002,0,,0
SLICES_CA-LL-L1_x+559_y+604_z+498_experiment,threshold,best_dice,183,61,3,0.012000000000000002,0,,0
SLICES_CA-LL-L1_x+559_y+604_z+498_experiment,threshold,best_dice,183,62,377,0.09600000000000002,352,25,1
SLICES_CA-LL-L1_x+559_y+604_z+498_experiment,threshold,best_dice,183,63,5065,0.7200000000000001,4646,25,1
SLICES_CA-LL-L1_x+559_y+604_z+498_experiment,threshold,best_dice,183,64,5,0.024000000000000004,0,,0
SLICES_CA-LL-L1_x+559_y+604_z+498_experiment,threshold,best_dice,183,65,42,0.006000000000000001,0,,0
SLICES_CA-LL-L1_x+559_y+604_z+498_experiment,threshold,best_dice,183,66,6,0.012000000000000002,0,,0
SLICES_CA-LL-L1_x+559_y+604_z+498_experiment,threshold,best_dice,183,67,2,0.012000000000000002,0,,0
SLICES_CA-LL-L1_x+559_y+604_z+498_experiment,threshold,best_dice,183,68,140,0.012000000000000002,0,,0
SLICES_CA-LL-L1_x+559_y+604_z+498_experiment,threshold,best_dice,183,69,2,0.012000000000000002,0,,0
SLICES_CA-LL-L1_x+559_y+604_z+498_experiment,threshold,best_dice,183,70,3843,1.0380000000000003,977,25,1
SLICES_CA-LL-L1_x+559_y+604_z+498_experiment,threshold,best_dice,183,71,77,0.024000000000000004,0,,0
SLICES_CA-LL-L1_x+559_y+604_z+498_experiment,threshold,best_dice,183,72,14,0.012000000000000002,0,,0
SLICES_CA-LL-L1_x+559_y+604_z+498_experiment,threshold,best_dice,183,73,1,0.006000000000000001,0,,0
SLICES_CA-LL-L1_x+559_y+604_z+498_experiment,threshold,best_dice,183,74,33,0.006000000000000001,0,,0
SLICES_CA-LL-L1_x+559_y+604_z+498_experiment,threshold,best_dice,183,75,17,0.012000000000000002,0,,0
SLICES_CA-LL-L1_x+559_y+604_z+498_experiment,threshold,best_dice,183,76,4,0.006000000000000001,0,,0
SLICES_CA-LL-L1_x+559_y+604_z+498_experiment,threshold,best_dice,183,77,4,0.006000000000000001,0,,0
SLICES_CA-LL-L1_x+559_y+604_z+498_experiment,threshold,best_dice,183,78,116,0.036000000000000004,0,,0
SLICES_CA-LL-L1_x+559_y+604_z+498_experiment,threshold,best_dice,183,79,5,0.006000000000000001,0,,0
SLICES_CA-LL-L1_x+559_y+604_z+498_experiment,threshold,best_dice,183,80,126,0.024000000000000004,0,,0
SLICES_CA-LL-L1_x+559_y+604_z+498_experiment,threshold,best_dice,183,81,1,0.006000000000000001,0,,0
SLICES_CA-LL-L1_x+559_y+604_z+498_experiment,threshold,best_dice,183,82,8,0.0,0,,0
SLICES_CA-LL-L1_x+559_y+604_z+498_experiment,threshold,best_dice,183,83,29,0.006000000000000001,0,,0
SLICES_CA-LL-L1_x+559_y+604_z+498_experiment,threshold,best_dice,183,84,1,0.006000000000000001,0,,0
SLICES_CA-LL-L1_x+559_y+604_z+498_experiment,threshold,best_dice,183,85,34,0.018000000000000002,0,,0
SLICES_CA-LL-L1_x+559_y+604_z+498_experiment,threshold,best_dice,183,86,42,0.030000000000000006,24,25,1
SLICES_CA-LL-L1_x+559_y+604_z+498_experiment,threshold,best_dice,183,87,8,0.024000000000000004,0,,0
SLICES_CA-LL-L1_x+559_y+604_z+498_experiment,threshold,best_dice,183,88,2,0.012000000000000002,0,,0
SLICES_CA-LL-L1_x+559_y+604_z+498_experiment,threshold,best_dice,183,89,52,0.024000000000000004,52,26,1
SLICES_CA-LL-L1_x+559_y+604_z+498_experiment,threshold,best_dice,183,90,278,0.15000000000000002,278,26,1
SLICES_CA-LL-L1_x+559_y+604_z+498_experiment,threshold,best_dice,183,91,16,0.006000000000000001,16,26,1
SLICES_CA-LL-L1_x+559_y+604_z+498_experiment,threshold,best_dice,183,92,512,0.16200000000000003,507,26,1
SLICES_CA-LL-L1_x+559_y+604_z+498_experiment,threshold,best_dice,183,93,498,0.10200000000000002,0,,0
SLICES_CA-LL-L1_x+559_y+604_z+498_experiment,threshold,best_dice,183,94,472,0.09600000000000002,0,,0
SLICES_CA-LL-L1_x+559_y+604_z+498_experiment,threshold,best_dice,183,95,8,0.0,8,26,1
SLICES_CA-LL-L1_x+559_y+604_z+498_experiment,threshold,best_dice,183,96,2,0.012000000000000002,0,,0
SLICES_CA-LL-L1_x+559_y+604_z+498_experiment,threshold,best_dice,183,97,3,0.018000000000000002,0,,0
SLICES_CA-LL-L1_x+559_y+604_z+498_experiment,threshold,best_dice,183,98,22,0.018000000000000002,22,26,1
SLICES_CA-LL-L1_x+559_y+604_z+498_experiment,threshold,best_dice,183,99,20,0.0,20,27,1
SLICES_CA-LL-L1_x+559_y+604_z+498_experiment,threshold,best_dice,183,100,3,0.006000000000000001,0,,0
SLICES_CA-LL-L1_x+559_y+604_z+498_experiment,threshold,best_dice,183,101,5706,0.6600000000000001,3495,32,1
SLICES_CA-LL-L1_x+559_y+604_z+498_experiment,threshold,best_dice,183,102,219,0.036000000000000004,0,,0
SLICES_CA-LL-L1_x+559_y+604_z+498_experiment,threshold,best_dice,183,103,26,0.006000000000000001,0,,0
SLICES_CA-LL-L1_x+559_y+604_z+498_experiment,threshold,best_dice,183,104,147,0.030000000000000006,116,25,1
SLICES_CA-LL-L1_x+559_y+604_z+498_experiment,threshold,best_dice,183,105,166,0.006000000000000001,0,,0
SLICES_CA-LL-L1_x+559_y+604_z+498_experiment,threshold,best_dice,183,106,1,0.006000000000000001,0,,0
SLICES_CA-LL-L1_x+559_y+604_z+498_experiment,threshold,best_dice,183,107,64,0.006000000000000001,0,,0
SLICES_CA-LL-L1_x+559_y+604_z+498_experiment,threshold,best_dice,183,108,11,0.0,10,34,1
SLICES_CA-LL-L1_x+559_y+604_z+498_experiment,threshold,best_dice,183,109,2,0.012000000000000002,0,,0
SLICES_CA-LL-L1_x+559_y+604_z+498_experiment,threshold,best_dice,183,110,115,0.012000000000000002,0,,0
SLICES_CA-LL-L1_x+559_y+604_z+498_experiment,threshold,best_dice,183,111,14,0.006000000000000001,0,,0
SLICES_CA-LL-L1_x+559_y+604_z+498_experiment,threshold,best_dice,183,112,36,0.006000000000000001,0,,0
SLICES_CA-LL-L1_x+559_y+604_z+498_experiment,threshold,best_dice,183,113,18,0.012000000000000002,0,,0
SLICES_CA-LL-L1_x+559_y+604_z+498_experiment,threshold,best_dice,183,114,1,0.006000000000000001,0,,0
SLICES_CA-LL-L1_x+559_y+604_z+498_experiment,threshold,best_dice,183,115,53,0.036000000000000004,53,35,1
SLICES_CA-LL-L1_x+559_y+604_z+498_experiment,threshold,best_dice,183,116,15,0.012000000000000002,0,,0
SLICES_CA-LL-L1_x+559_y+604_z+498_experiment,threshold,best_dice,183,117,1,0.006000000000000001,0,,0
SLICES_CA-LL-L1_x+559_y+604_z+498_experiment,threshold,best_dice,183,118,8,0.0,0,,0
SLICES_CA-LL-L1_x+559_y+604_z+498_experiment,threshold,best_dice,183,119,7,0.006000000000000001,0,,0
SLICES_CA-LL-L1_x+559_y+604_z+498_experiment,pipeline,default,,1,165,0.11400000000000002,0,,0
SLICES_CA-LL-L1_x+559_y+604_z+498_experiment,pipeline,default,,2,430,0.29400000000000004,62,4,1
SLICES_CA-LL-L1_x+559_y+604_z+498_experiment,pipeline,default,,3,1035,0.6900000000000002,92,1;6,2
SLICES_CA-LL-L1_x+559_y+604_z+498_experiment,pipeline,default,,4,5,0.006000000000000001,0,,0
SLICES_CA-LL-L1_x+559_y+604_z+498_experiment,pipeline,default,,5,272,0.14400000000000002,27,2,1
SLICES_CA-LL-L1_x+559_y+604_z+498_experiment,pipeline,default,,6,118,0.08400000000000002,0,,0
SLICES_CA-LL-L1_x+559_y+604_z+498_experiment,pipeline,default,,7,167,0.10800000000000001,0,,0
SLICES_CA-LL-L1_x+559_y+604_z+498_experiment,pipeline,default,,8,253,0.17400000000000002,97,3,1
SLICES_CA-LL-L1_x+559_y+604_z+498_experiment,pipeline,default,,9,262,0.18000000000000002,96,5,1
SLICES_CA-LL-L1_x+559_y+604_z+498_experiment,pipeline,default,,10,513,0.31800000000000006,195,7,1
SLICES_CA-LL-L1_x+559_y+604_z+498_experiment,pipeline,default,,11,462,0.37200000000000005,0,,0
SLICES_CA-LL-L1_x+559_y+604_z+498_experiment,pipeline,default,,12,23,0.06000000000000001,0,,0
SLICES_CA-LL-L1_x+559_y+604_z+498_experiment,pipeline,default,,13,421,0.42600000000000005,0,,0
SLICES_CA-LL-L1_x+559_y+604_z+498_experiment,pipeline,default,,14,239,0.18600000000000003,0,,0
SLICES_CA-LL-L1_x+559_y+604_z+498_experiment,pipeline,default,,15,436,0.21000000000000005,55,8;9,2
SLICES_CA-LL-L1_x+559_y+604_z+498_experiment,pipeline,default,,16,522,0.4020000000000001,51,11,1
SLICES_CA-LL-L1_x+559_y+604_z+498_experiment,pipeline,default,,17,2,0.012000000000000002,0,,0
SLICES_CA-LL-L1_x+559_y+604_z+498_experiment,pipeline,default,,18,14,0.036000000000000004,0,,0
SLICES_CA-LL-L1_x+559_y+604_z+498_experiment,pipeline,default,,19,220,0.14400000000000002,0,,0
SLICES_CA-LL-L1_x+559_y+604_z+498_experiment,pipeline,default,,20,257,0.26400000000000007,0,,0
SLICES_CA-LL-L1_x+559_y+604_z+498_experiment,pipeline,default,,21,10,0.030000000000000006,0,,0
SLICES_CA-LL-L1_x+559_y+604_z+498_experiment,pipeline,default,,22,2,0.006000000000000001,0,,0
SLICES_CA-LL-L1_x+559_y+604_z+498_experiment,pipeline,default,,23,20,0.06000000000000001,0,,0
SLICES_CA-LL-L1_x+559_y+604_z+498_experiment,pipeline,default,,24,18,0.06000000000000001,0,,0
SLICES_CA-LL-L1_x+559_y+604_z+498_experiment,pipeline,default,,25,254,0.15000000000000002,38,10,1
SLICES_CA-LL-L1_x+559_y+604_z+498_experiment,pipeline,default,,26,110,0.06600000000000002,0,,0
SLICES_CA-LL-L1_x+559_y+604_z+498_experiment,pipeline,default,,27,238,0.15000000000000002,0,,0
SLICES_CA-LL-L1_x+559_y+604_z+498_experiment,pipeline,default,,28,82,0.04800000000000001,0,,0
SLICES_CA-LL-L1_x+559_y+604_z+498_experiment,pipeline,default,,29,180,0.11400000000000002,0,,0
SLICES_CA-LL-L1_x+559_y+604_z+498_experiment,pipeline,default,,30,5,0.012000000000000002,0,,0
SLICES_CA-LL-L1_x+559_y+604_z+498_experiment,pipeline,default,,31,234,0.17400000000000002,0,,0
SLICES_CA-LL-L1_x+559_y+604_z+498_experiment,pipeline,default,,32,376,0.25200000000000006,0,,0
SLICES_CA-LL-L1_x+559_y+604_z+498_experiment,pipeline,default,,33,833,0.6360000000000001,119,14,1
SLICES_CA-LL-L1_x+559_y+604_z+498_experiment,pipeline,default,,34,279,0.12600000000000003,0,,0
SLICES_CA-LL-L1_x+559_y+604_z+498_experiment,pipeline,default,,35,775,0.43800000000000006,559,12,1
SLICES_CA-LL-L1_x+559_y+604_z+498_experiment,pipeline,default,,36,369,0.22200000000000003,0,,0
SLICES_CA-LL-L1_x+559_y+604_z+498_experiment,pipeline,default,,37,225,0.16800000000000004,0,,0
SLICES_CA-LL-L1_x+559_y+604_z+498_experiment,pipeline,default,,38,357,0.21000000000000005,0,,0
SLICES_CA-LL-L1_x+559_y+604_z+498_experiment,pipeline,default,,39,130,0.21000000000000005,0,,0
SLICES_CA-LL-L1_x+559_y+604_z+498_experiment,pipeline,default,,40,322,0.21600000000000003,153,15,1
SLICES_CA-LL-L1_x+559_y+604_z+498_experiment,pipeline,default,,41,16,0.012000000000000002,9,15,1
SLICES_CA-LL-L1_x+559_y+604_z+498_experiment,pipeline,default,,42,78,0.06000000000000001,0,,0
SLICES_CA-LL-L1_x+559_y+604_z+498_experiment,pipeline,default,,43,318,0.16800000000000004,66,17;18,2
SLICES_CA-LL-L1_x+559_y+604_z+498_experiment,pipeline,default,,44,11,0.024000000000000004,3,16,1
SLICES_CA-LL-L1_x+559_y+604_z+498_experiment,pipeline,default,,45,79,0.04800000000000001,53,15,1
SLICES_CA-LL-L1_x+559_y+604_z+498_experiment,pipeline,default,,46,118,0.04800000000000001,0,,0
SLICES_CA-LL-L1_x+559_y+604_z+498_experiment,pipeline,default,,47,279,0.24000000000000005,112,19,1
SLICES_CA-LL-L1_x+559_y+604_z+498_experiment,pipeline,default,,48,6,0.012000000000000002,0,,0
SLICES_CA-LL-L1_x+559_y+604_z+498_experiment,pipeline,default,,49,391,0.18600000000000003,92,20,1
SLICES_CA-LL-L1_x+559_y+604_z+498_experiment,pipeline,default,,50,488,0.31800000000000006,317,19,1
SLICES_CA-LL-L1_x+559_y+604_z+498_experiment,pipeline,default,,51,78,0.06000000000000001,62,15,1
SLICES_CA-LL-L1_x+559_y+604_z+498_experiment,pipeline,default,,52,12,0.018000000000000002,0,,0
SLICES_CA-LL-L1_x+559_y+604_z+498_experiment,pipeline,default,,53,125,0.12600000000000003,0,,0
SLICES_CA-LL-L1_x+559_y+604_z+498_experiment,pipeline,default,,54,494,0.31200000000000006,0,,0
SLICES_CA-LL-L1_x+559_y+604_z+498_experiment,pipeline,default,,55,251,0.16800000000000004,0,,0
SLICES_CA-LL-L1_x+559_y+604_z+498_experiment,pipeline,default,,56,4,0.006000000000000001,0,,0
SLICES_CA-LL-L1_x+559_y+604_z+498_experiment,pipeline,default,,57,1115,0.7980000000000002,144,21;22,2
SLICES_CA-LL-L1_x+559_y+604_z+498_experiment,pipeline,default,,58,391,0.24000000000000005,0,,0
SLICES_CA-LL-L1_x+559_y+604_z+498_experiment,pipeline,default,,59,146,0.12000000000000002,0,,0
SLICES_CA-LL-L1_x+559_y+604_z+498_experiment,pipeline,default,,60,10,0.024000000000000004,0,,0
SLICES_CA-LL-L1_x+559_y+604_z+498_experiment,pipeline,default,,61,1,0.0,0,,0
SLICES_CA-LL-L1_x+559_y+604_z+498_experiment,pipeline,default,,62,99,0.06000000000000001,0,,0
SLICES_CA-LL-L1_x+559_y+604_z+498_experiment,pipeline,default,,63,84,0.09600000000000002,0,,0
SLICES_CA-LL-L1_x+559_y+604_z+498_experiment,pipeline,default,,64,69,0.036000000000000004,0,,0
SLICES_CA-LL-L1_x+559_y+604_z+498_experiment,pipeline,default,,65,7,0.012000000000000002,0,,0
SLICES_CA-LL-L1_x+559_y+604_z+498_experiment,pipeline,default,,66,742,0.5340000000000001,0,,0
SLICES_CA-LL-L1_x+559_y+604_z+498_experiment,pipeline,default,,67,1667,0.7860000000000001,0,,0
SLICES_CA-LL-L1_x+559_y+604_z+498_experiment,pipeline,default,,68,1719,0.6420000000000001,1128,25,1
SLICES_CA-LL-L1_x+559_y+604_z+498_experiment,pipeline,default,,69,172,0.09600000000000002,0,,0
SLICES_CA-LL-L1_x+559_y+604_z+498_experiment,pipeline,default,,70,398,0.24000000000000005,321,23,1
SLICES_CA-LL-L1_x+559_y+604_z+498_experiment,pipeline,default,,71,478,0.25800000000000006,0,,0
SLICES_CA-LL-L1_x+559_y+604_z+498_experiment,pipeline,default,,72,238,0.19200000000000003,0,,0
SLICES_CA-LL-L1_x+559_y+604_z+498_experiment,pipeline,default,,73,722,0.4140000000000001,280,24;26,2
SLICES_CA-LL-L1_x+559_y+604_z+498_experiment,pipeline,default,,74,231,0.16800000000000004,0,,0
SLICES_CA-LL-L1_x+559_y+604_z+498_experiment,pipeline,default,,75,112,0.09000000000000001,0,,0
SLICES_CA-LL-L1_x+559_y+604_z+498_experiment,pipeline,default,,76,429,0.26400000000000007,0,,0
SLICES_CA-LL-L1_x+559_y+604_z+498_experiment,pipeline,default,,77,827,0.5160000000000001,0,,0
SLICES_CA-LL-L1_x+559_y+604_z+498_experiment,pipeline,default,,78,526,0.16200000000000003,297,25,1
SLICES_CA-LL-L1_x+559_y+604_z+498_experiment,pipeline,default,,79,706,0.4860000000000001,0,,0
SLICES_CA-LL-L1_x+559_y+604_z+498_experiment,pipeline,default,,80,168,0.09000000000000001,0,,0
SLICES_CA-LL-L1_x+559_y+604_z+498_experiment,pipeline,default,,81,207,0.10800000000000001,0,,0
SLICES_CA-LL-L1_x+559_y+604_z+498_experiment,pipeline,default,,82,201,0.04800000000000001,175,25,1
SLICES_CA-LL-L1_x+559_y+604_z+498_experiment,pipeline,default,,83,28,0.012000000000000002,9,25,1
SLICES_CA-LL-L1_x+559_y+604_z+498_experiment,pipeline,default,,84,281,0.17400000000000002,0,,0
SLICES_CA-LL-L1_x+559_y+604_z+498_experiment,pipeline,default,,85,185,0.08400000000000002,0,,0
SLICES_CA-LL-L1_x+559_y+604_z+498_experiment,pipeline,default,,86,402,0.28200000000000003,0,,0
SLICES_CA-LL-L1_x+559_y+604_z+498_experiment,pipeline,default,,87,236,0.17400000000000002,173,25,1
SLICES_CA-LL-L1_x+559_y+604_z+498_experiment,pipeline,default,,88,531,0.21000000000000005,0,,0
SLICES_CA-LL-L1_x+559_y+604_z+498_experiment,pipeline,default,,89,1753,1.0740000000000003,1063,26;34,2
SLICES_CA-LL-L1_x+559_y+604_z+498_experiment,pipeline,default,,90,25,0.012000000000000002,0,,0
SLICES_CA-LL-L1_x+559_y+604_z+498_experiment,pipeline,default,,91,311,0.20400000000000004,0,,0
SLICES_CA-LL-L1_x+559_y+604_z+498_experiment,pipeline,default,,92,99,0.04200000000000001,0,,0
SLICES_CA-LL-L1_x+559_y+604_z+498_experiment,pipeline,default,,93,398,0.276,0,,0
SLICES_CA-LL-L1_x+559_y+604_z+498_experiment,pipeline,default,,94,49,0.006000000000000001,49,26,1
SLICES_CA-LL-L1_x+559_y+604_z+498_experiment,pipeline,default,,95,396,0.23400000000000004,113,25,1
SLICES_CA-LL-L1_x+559_y+604_z+498_experiment,pipeline,default,,96,467,0.31800000000000006,0,,0
SLICES_CA-LL-L1_x+559_y+604_z+498_experiment,pipeline,default,,97,672,0.38400000000000006,0,,0
SLICES_CA-LL-L1_x+559_y+604_z+498_experiment,pipeline,default,,98,136,0.06600000000000002,0,,0
SLICES_CA-LL-L1_x+559_y+604_z+498_experiment,pipeline,default,,99,817,0.25200000000000006,783,32,1
SLICES_CA-LL-L1_x+559_y+604_z+498_experiment,pipeline,default,,100,287,0.20400000000000004,0,,0
SLICES_CA-LL-L1_x+559_y+604_z+498_experiment,pipeline,default,,101,558,0.17400000000000002,0,,0
SLICES_CA-LL-L1_x+559_y+604_z+498_experiment,pipeline,default,,102,82,0.07200000000000001,0,,0
SLICES_CA-LL-L1_x+559_y+604_z+498_experiment,pipeline,default,,103,674,0.3420000000000001,0,,0
SLICES_CA-LL-L1_x+559_y+604_z+498_experiment,pipeline,default,,104,123,0.09600000000000002,123,32,1
SLICES_CA-LL-L1_x+559_y+604_z+498_experiment,pipeline,default,,105,236,0.12000000000000002,70,32,1
SLICES_CA-LL-L1_x+559_y+604_z+498_experiment,pipeline,default,,106,205,0.16200000000000003,0,,0
SLICES_CA-LL-L1_x+559_y+604_z+498_experiment,pipeline,default,,107,730,0.6000000000000001,139,35,1
SLICES_CA-LL-L1_x+559_y+604_z+498_experiment,pipeline,default,,108,70,0.054000000000000006,0,,0
SLICES_CA-LL-L1_x+559_y+604_z+498_experiment,pipeline,vsize_-1,,1,178,0.10200000000000002,0,,0
SLICES_CA-LL-L1_x+559_y+604_z+498_experiment,pipeline,vsize_-1,,2,421,0.28200000000000003,63,4,1
SLICES_CA-LL-L1_x+559_y+604_z+498_experiment,pipeline,vsize_-1,,3,1188,0.8700000000000001,93,1;6,2
SLICES_CA-LL-L1_x+559_y+604_z+498_experiment,pipeline,vsize_-1,,4,7,0.012000000000000002,0,,0
SLICES_CA-LL-L1_x+559_y+604_z+498_experiment,pipeline,vsize_-1,,5,180,0.13200000000000003,23,2,1
SLICES_CA-LL-L1_x+559_y+604_z+498_experiment,pipeline,vsize_-1,,6,128,0.07800000000000001,0,,0
SLICES_CA-LL-L1_x+559_y+604_z+498_experiment,pipeline,vsize_-1,,7,148,0.12000000000000002,0,,0
SLICES_CA-LL-L1_x+559_y+604_z+498_experiment,pipeline,vsize_-1,,8,356,0.31800000000000006,105,5,1
SLICES_CA-LL-L1_x+559_y+604_z+498_experiment,pipeline,vsize_-1,,9,519,0.29400000000000004,177,7,1
SLICES_CA-LL-L1_x+559_y+604_z+498_experiment,pipeline,vsize_-1,,10,3,0.006000000000000001,0,,0
SLICES_CA-LL-L1_x+559_y+604_z+498_experiment,pipeline,vsize_-1,,11,203,0.18000000000000002,97,3,1
SLICES_CA-LL-L1_x+559_y+604_z+498_experiment,pipeline,vsize_-1,,12,40,0.11400000000000002,0,,0
SLICES_CA-LL-L1_x+559_y+604_z+498_experiment,pipeline,vsize_-1,,13,262,0.27,0,,0
SLICES_CA-LL-L1_x+559_y+604_z+498_experiment,pipeline,vsize_-1,,14,7,0.024000000000000004,0,,0
SLICES_CA-LL-L1_x+559_y+604_z+498_experiment,pipeline,vsize_-1,,15,299,0.25800000000000006,0,,0
SLICES_CA-LL-L1_x+559_y+604_z+498_experiment,pipeline,vsize_-1,,16,195,0.18000000000000002,0,,0
SLICES_CA-LL-L1_x+559_y+604_z+498_experiment,pipeline,vsize_-1,,17,254,0.12600000000000003,27,8,1
SLICES_CA-LL-L1_x+559_y+604_z+498_experiment,pipeline,vsize_-1,,18,111,0.06600000000000002,26,9,1
SLICES_CA-LL-L1_x+559_y+604_z+498_experiment,pipeline,vsize_-1,,19,251,0.12600000000000003,0,,0
SLICES_CA-LL-L1_x+559_y+604_z+498_experiment,pipeline,vsize_-1,,20,2,0.0,0,,0
SLICES_CA-LL-L1_x+559_y+604_z+498_experiment,pipeline,vsize_-1,,21,1,0.006000000000000001,0,,0
SLICES_CA-LL-L1_x+559_y+604_z+498_experiment,pipeline,vsize_-1,,22,19,0.07200000000000001,0,,0
SLICES_CA-LL-L1_x+559_y+604_z+498_experiment,pipeline,vsize_-1,,23,3,0.012000000000000002,0,,0
SLICES_CA-LL-L1_x+559_y+604_z+498_experiment,pipeline,vsize_-1,,24,8,0.006000000000000001,0,,0
SLICES_CA-LL-L1_x+559_y+604_z+498_experiment,pipeline,vsize_-1,,25,6,0.018000000000000002,0,,0
SLICES_CA-LL-L1_x+559_y+604_z+498_experiment,pipeline,vsize_-1,,26,16,0.06000000000000001,0,,0
SLICES_CA-LL-L1_x+559_y+604_z+498_experiment,pipeline,vsize_-1,,27,1,0.0,0,,0
SLICES_CA-LL-L1_x+559_y+604_z+498_experiment,pipeline,vsize_-1,,28,2,0.012000000000000002,0,,0
SLICES_CA-LL-L1_x+559_y+604_z+498_experiment,pipeline,vsize_-1,,29,20,0.06000000000000001,0,,0
SLICES_CA-LL-L1_x+559_y+604_z+498_experiment,pipeline,vsize_-1,,30,196,0.20400000000000004,39,10,1
SLICES_CA-LL-L1_x+559_y+604_z+498_experiment,pipeline,vsize_-1,,31,1,0.0,0,,0
SLICES_CA-LL-L1_x+559_y+604_z+498_experiment,pipeline,vsize_-1,,32,52,0.06000000000000001,0,,0
SLICES_CA-LL-L1_x+559_y+604_z+498_experiment,pipeline,vsize_-1,,33,184,0.12600000000000003,0,,0
SLICES_CA-LL-L1_x+559_y+604_z+498_experiment,pipeline,vsize_-1,,34,188,0.18000000000000002,0,,0
SLICES_CA-LL-L1_x+559_y+604_z+498_experiment,pipeline,vsize_-1,,35,1450,1.0560000000000003,91,14,1
SLICES_CA-LL-L1_x+559_y+604_z+498_experiment,pipeline,vsize_-1,,36,265,0.12000000000000002,0,,0
SLICES_CA-LL-L1_x+559_y+604_z+498_experiment,pipeline,vsize_-1,,37,403,0.18000000000000002,337,12,1
SLICES_CA-LL-L1_x+559_y+604_z+498_experiment,pipeline,vsize_-1,,38,124,0.08400000000000002,116,12,1
SLICES_CA-LL-L1_x+559_y+604_z+498_experiment,pipeline,vsize_-1,,39,407,0.31200000000000006,0,,0
SLICES_CA-LL-L1_x+559_y+604_z+498_experiment,pipeline,vsize_-1,,40,184,0.12600000000000003,119,15,1
SLICES_CA-LL-L1_x+559_y+604_z+498_experiment,pipeline,vsize_-1,,41,68,0.06000000000000001,0,,0
SLICES_CA-LL-L1_x+559_y+604_z+498_experiment,pipeline,vsize_-1,,42,474,0.28200000000000003,75,17;18,2
SLICES_CA-LL-L1_x+559_y+604_z+498_experiment,pipeline,vsize_-1,,43,2,0.012000000000000002,0,,0
SLICES_CA-LL-L1_x+559_y+604_z+498_experiment,pipeline,vsize_-1,,44,50,0.06600000000000002,0,,0
SLICES_CA-LL-L1_x+559_y+604_z+498_experiment,pipeline,vsize_-1,,45,11,0.024000000000000004,3,16,1
SLICES_CA-LL-L1_x+559_y+604_z+498_experiment,pipeline,vsize_-1,,46,83,0.054000000000000006,53,15,1
SLICES_CA-LL-L1_x+559_y+604_z+498_experiment,pipeline,vsize_-1,,47,185,0.16200000000000003,91,19,1
SLICES_CA-LL-L1_x+559_y+604_z+498_experiment,pipeline,vsize_-1,,48,7,0.030000000000000006,0,,0
SLICES_CA-LL-L1_x+559_y+604_z+498_experiment,pipeline,vsize_-1,,49,151,0.11400000000000002,38,20,1
SLICES_CA-LL-L1_x+559_y+604_z+498_experiment,pipeline,vsize_-1,,50,460,0.27,312,19,1
SLICES_CA-LL-L1_x+559_y+604_z+498_experiment,pipeline,vsize_-1,,51,333,0.29400000000000004,65,15,1
SLICES_CA-LL-L1_x+559_y+604_z+498_experiment,pipeline,vsize_-1,,52,38,0.030000000000000006,0,,0
SLICES_CA-LL-L1_x+559_y+604_z+498_experiment,pipeline,vsize_-1,,53,163,0.13200000000000003,0,,0
SLICES_CA-LL-L1_x+559_y+604_z+498_experiment,pipeline,vsize_-1,,54,211,0.15600000000000003,0,,0
SLICES_CA-LL-L1_x+559_y+604_z+498_experiment,pipeline,vsize_-1,,55,49,0.012000000000000002,0,,0
SLICES_CA-LL-L1_x+559_y+604_z+498_experiment,pipeline,vsize_-1,,56,292,0.18000000000000002,76,22,1
SLICES_CA-LL-L1_x+559_y+604_z+498_experiment,pipeline,vsize_-1,,57,132,0.07800000000000001,0,,0
SLICES_CA-LL-L1_x+559_y+604_z+498_experiment,pipeline,vsize_-1,,58,148,0.11400000000000002,0,,0
SLICES_CA-LL-L1_x+559_y+604_z+498_experiment,pipeline,vsize_-1,,59,183,0.16200000000000003,0,,0
SLICES_CA-LL-L1_x+559_y+604_z+498_experiment,pipeline,vsize_-1,,60,10,0.030000000000000006,0,,0
SLICES_CA-LL-L1_x+559_y+604_z+498_experiment,pipeline,vsize_-1,,61,306,0.22200000000000003,0,,0
SLICES_CA-LL-L1_x+559_y+604_z+498_experiment,pipeline,vsize_-1,,62,7,0.018000000000000002,0,,0
SLICES_CA-LL-L1_x+559_y+604_z+498_experiment,pipeline,vsize_-1,,63,2,0.006000000000000001,0,,0
SLICES_CA-LL-L1_x+559_y+604_z+498_experiment,pipeline,vsize_-1,,64,4,0.006000000000000001,0,,0
SLICES_CA-LL-L1_x+559_y+604_z+498_experiment,pipeline,vsize_-1,,65,20,0.04800000000000001,0,,0
SLICES_CA-LL-L1_x+559_y+604_z+498_experiment,pipeline,vsize_-1,,66,109,0.07200000000000001,0,,0
SLICES_CA-LL-L1_x+559_y+604_z+498_experiment,pipeline,vsize_-1,,67,494,0.3420000000000001,0,,0
SLICES_CA-LL-L1_x+559_y+604_z+498_experiment,pipeline,vsize_-1,,68,540,0.3360000000000001,0,,0
SLICES_CA-LL-L1_x+559_y+604_z+498_experiment,pipeline,vsize_-1,,69,968,0.6300000000000001,0,,0
SLICES_CA-LL-L1_x+559_y+604_z+498_experiment,pipeline,vsize_-1,,70,139,0.09600000000000002,0,,0
SLICES_CA-LL-L1_x+559_y+604_z+498_experiment,pipeline,vsize_-1,,71,223,0.18600000000000003,0,,0
SLICES_CA-LL-L1_x+559_y+604_z+498_experiment,pipeline,vsize_-1,,72,381,0.26400000000000007,265,23,1
SLICES_CA-LL-L1_x+559_y+604_z+498_experiment,pipeline,vsize_-1,,73,7,0.018000000000000002,0,,0
SLICES_CA-LL-L1_x+559_y+604_z+498_experiment,pipeline,vsize_-1,,74,465,0.29400000000000004,0,,0
SLICES_CA-LL-L1_x+559_y+604_z+498_experiment,pipeline,vsize_-1,,75,1544,0.558,503,24;26;27;28,4
SLICES_CA-LL-L1_x+559_y+604_z+498_experiment,pipeline,vsize_-1,,76,5,0.006000000000000001,0,,0
SLICES_CA-LL-L1_x+559_y+604_z+498_experiment,pipeline,vsize_-1,,77,146,0.09000000000000001,0,,0
SLICES_CA-LL-L1_x+559_y+604_z+498_experiment,pipeline,vsize_-1,,78,318,0.19800000000000004,121,25,1
SLICES_CA-LL-L1_x+559_y+604_z+498_experiment,pipeline,vsize_-1,,79,346,0.18600000000000003,0,,0
SLICES_CA-LL-L1_x+559_y+604_z+498_experiment,pipeline,vsize_-1,,80,83,0.030000000000000006,65,25,1
SLICES_CA-LL-L1_x+559_y+604_z+498_experiment,pipeline,vsize_-1,,81,504,0.28200000000000003,0,,0
SLICES_CA-LL-L1_x+559_y+604_z+498_experiment,pipeline,vsize_-1,,82,755,0.3420000000000001,608,25,1
SLICES_CA-LL-L1_x+559_y+604_z+498_experiment,pipeline,vsize_-1,,83,271,0.10200000000000002,173,25,1
SLICES_CA-LL-L1_x+559_y+604_z+498_experiment,pipeline,vsize_-1,,84,320,0.21600000000000003,0,,0
SLICES_CA-LL-L1_x+559_y+604_z+498_experiment,pipeline,vsize_-1,,85,12,0.012000000000000002,0,,0
SLICES_CA-LL-L1_x+559_y+604_z+498_experiment,pipeline,vsize_-1,,86,146,0.06000000000000001,132,25,1
SLICES_CA-LL-L1_x+559_y+604_z+498_experiment,pipeline,vsize_-1,,87,205,0.15000000000000002,0,,0
SLICES_CA-LL-L1_x+559_y+604_z+498_experiment,pipeline,vsize_-1,,88,194,0.09000000000000001,0,,0
SLICES_CA-LL-L1_x+559_y+604_z+498_experiment,pipeline,vsize_-1,,89,389,0.16200000000000003,0,,0
SLICES_CA-LL-L1_x+559_y+604_z+498_experiment,pipeline,vsize_-1,,90,23,0.012000000000000002,0,,0
SLICES_CA-LL-L1_x+559_y+604_z+498_experiment,pipeline,vsize_-1,,91,213,0.14400000000000002,115,25,1
SLICES_CA-LL-L1_x+559_y+604_z+498_experiment,pipeline,vsize_-1,,92,29,0.006000000000000001,0,,0
SLICES_CA-LL-L1_x+559_y+604_z+498_experiment,pipeline,vsize_-1,,93,1560,0.9540000000000002,1047,26;34,2
SLICES_CA-LL-L1_x+559_y+604_z+498_experiment,pipeline,vsize_-1,,94,798,0.27,0,,0
SLICES_CA-LL-L1_x+559_y+604_z+498_experiment,pipeline,vsize_-1,,95,216,0.14400000000000002,0,,0
SLICES_CA-LL-L1_x+559_y+604_z+498_experiment,pipeline,vsize_-1,,96,184,0.18600000000000003,0,,0
SLICES_CA-LL-L1_x+559_y+604_z+498_experiment,pipeline,vsize_-1,,97,303,0.22200000000000003,0,,0
SLICES_CA-LL-L1_x+559_y+604_z+498_experiment,pipeline,vsize_-1,,98,233,0.21000000000000005,0,,0
SLICES_CA-LL-L1_x+559_y+604_z+498_experiment,pipeline,vsize_-1,,99,613,0.45000000000000007,0,,0
SLICES_CA-LL-L1_x+559_y+604_z+498_experiment,pipeline,vsize_-1,,100,432,0.276,0,,0
SLICES_CA-LL-L1_x+559_y+604_z+498_experiment,pipeline,vsize_-1,,101,296,0.13200000000000003,0,,0
SLICES_CA-LL-L1_x+559_y+604_z+498_experiment,pipeline,vsize_-1,,102,393,0.18000000000000002,0,,0
SLICES_CA-LL-L1_x+559_y+604_z+498_experiment,pipeline,vsize_-1,,103,320,0.138,0,,0
SLICES_CA-LL-L1_x+559_y+604_z+498_experiment,pipeline,vsize_-1,,104,193,0.11400000000000002,0,,0
SLICES_CA-LL-L1_x+559_y+604_z+498_experiment,pipeline,vsize_-1,,105,246,0.09600000000000002,98,32,1
SLICES_CA-LL-L1_x+559_y+604_z+498_experiment,pipeline,vsize_-1,,106,174,0.15600000000000003,0,,0
SLICES_CA-LL-L1_x+559_y+604_z+498_experiment,pipeline,vsize_-1,,107,7,0.012000000000000002,0,,0
SLICES_CA-LL-L1_x+559_y+604_z+498_experiment,pipeline,vsize_-1,,108,337,0.31800000000000006,0,,0
SLICES_CA-LL-L1_x+559_y+604_z+498_experiment,pipeline,vsize_-1,,109,285,0.19800000000000004,141,35,1
SLICES_CA-LL-L1_x+559_y+604_z+498_experiment,pipeline,vsize_-2,,1,145,0.16200000000000003,0,,0
SLICES_CA-LL-L1_x+559_y+604_z+498_experiment,pipeline,vsize_-2,,2,364,0.30600000000000005,67,4,1
SLICES_CA-LL-L1_x+559_y+604_z+498_experiment,pipeline,vsize_-2,,3,95,0.12000000000000002,0,,0
SLICES_CA-LL-L1_x+559_y+604_z+498_experiment,pipeline,vsize_-2,,4,1074,0.8040000000000002,88,1;6,2
SLICES_CA-LL-L1_x+559_y+604_z+498_experiment,pipeline,vsize_-2,,5,4,0.006000000000000001,0,,0
SLICES_CA-LL-L1_x+559_y+604_z+498_experiment,pipeline,vsize_-2,,6,535,0.3360000000000001,29,2,1
SLICES_CA-LL-L1_x+559_y+604_z+498_experiment,pipeline,vsize_-2,,7,93,0.09600000000000002,0,,0
SLICES_CA-LL-L1_x+559_y+604_z+498_experiment,pipeline,vsize_-2,,8,95,0.04800000000000001,0,,0
SLICES_CA-LL-L1_x+559_y+604_z+498_experiment,pipeline,vsize_-2,,9,207,0.138,0,,0
SLICES_CA-LL-L1_x+559_y+604_z+498_experiment,pipeline,vsize_-2,,10,514,0.42600000000000005,111,5,1
SLICES_CA-LL-L1_x+559_y+604_z+498_experiment,pipeline,vsize_-2,,11,151,0.15600000000000003,0,,0
SLICES_CA-LL-L1_x+559_y+604_z+498_experiment,pipeline,vsize_-2,,12,667,0.546,101,3,1
SLICES_CA-LL-L1_x+559_y+604_z+498_experiment,pipeline,vsize_-2,,13,108,0.06000000000000001,0,,0
SLICES_CA-LL-L1_x+559_y+604_z+498_experiment,pipeline,vsize_-2,,14,73,0.14400000000000002,0,,0
SLICES_CA-LL-L1_x+559_y+604_z+498_experiment,pipeline,vsize_-2,,15,401,0.37200000000000005,0,,0
SLICES_CA-LL-L1_x+559_y+604_z+498_experiment,pipeline,vsize_-2,,16,1,0.006000000000000001,0,,0
SLICES_CA-LL-L1_x+559_y+604_z+498_experiment,pipeline,vsize_-2,,17,6,0.018000000000000002,0,,0
SLICES_CA-LL-L1_x+559_y+604_z+498_experiment,pipeline,vsize_-2,,18,130,0.15600000000000003,0,,0
SLICES_CA-LL-L1_x+559_y+604_z+498_experiment,pipeline,vsize_-2,,19,12,0.04200000000000001,0,,0
SLICES_CA-LL-L1_x+559_y+604_z+498_experiment,pipeline,vsize_-2,,20,560,0.4800000000000001,163,7,1
SLICES_CA-LL-L1_x+559_y+604_z+498_experiment,pipeline,vsize_-2,,21,1,0.006000000000000001,0,,0
SLICES_CA-LL-L1_x+559_y+604_z+498_experiment,pipeline,vsize_-2,,22,252,0.24000000000000005,0,,0
SLICES_CA-LL-L1_x+559_y+604_z+498_experiment,pipeline,vsize_-2,,23,21,0.06000000000000001,0,,0
SLICES_CA-LL-L1_x+559_y+604_z+498_experiment,pipeline,vsize_-2,,24,18,0.036000000000000004,0,,0
SLICES_CA-LL-L1_x+559_y+604_z+498_experiment,pipeline,vsize_-2,,25,218,0.24000000000000005,0,,0
SLICES_CA-LL-L1_x+559_y+604_z+498_experiment,pipeline,vsize_-2,,26,259,0.24000000000000005,0,,0
SLICES_CA-LL-L1_x+559_y+604_z+498_experiment,pipeline,vsize_-2,,27,3,0.006000000000000001,0,,0
SLICES_CA-LL-L1_x+559_y+604_z+498_experiment,pipeline,vsize_-2,,28,459,0.21600000000000003,69,8;9,2
SLICES_CA-LL-L1_x+559_y+604_z+498_experiment,pipeline,vsize_-2,,29,10,0.030000000000000006,0,,0
SLICES_CA-LL-L1_x+559_y+604_z+498_experiment,pipeline,vsize_-2,,30,64,0.07800000000000001,0,,0
SLICES_CA-LL-L1_x+559_y+604_z+498_experiment,pipeline,vsize_-2,,31,8,0.018000000000000002,0,,0
SLICES_CA-LL-L1_x+559_y+604_z+498_experiment,pipeline,vsize_-2,,32,257,0.30600000000000005,0,,0
SLICES_CA-LL-L1_x+559_y+604_z+498_experiment,pipeline,vsize_-2,,33,3,0.012000000000000002,0,,0
SLICES_CA-LL-L1_x+559_y+604_z+498_experiment,pipeline,vsize_-2,,34,6,0.018000000000000002,0,,0
SLICES_CA-LL-L1_x+559_y+604_z+498_experiment,pipeline,vsize_-2,,35,18,0.06000000000000001,0,,0
SLICES_CA-LL-L1_x+559_y+604_z+498_experiment,pipeline,vsize_-2,,36,9,0.024000000000000004,0,,0
SLICES_CA-LL-L1_x+559_y+604_z+498_experiment,pipeline,vsize_-2,,37,113,0.12600000000000003,37,10,1
SLICES_CA-LL-L1_x+559_y+604_z+498_experiment,pipeline,vsize_-2,,38,2,0.012000000000000002,0,,0
SLICES_CA-LL-L1_x+559_y+604_z+498_experiment,pipeline,vsize_-2,,39,249,0.22800000000000004,0,,0
SLICES_CA-LL-L1_x+559_y+604_z+498_experiment,pipeline,vsize_-2,,40,93,0.16800000000000004,0,,0
SLICES_CA-LL-L1_x+559_y+604_z+498_experiment,pipeline,vsize_-2,,41,52,0.018000000000000002,0,,0
SLICES_CA-LL-L1_x+559_y+604_z+498_experiment,pipeline,vsize_-2,,42,921,0.6540000000000001,82,11,1
SLICES_CA-LL-L1_x+559_y+604_z+498_experiment,pipeline,vsize_-2,,43,190,0.12600000000000003,0,,0
SLICES_CA-LL-L1_x+559_y+604_z+498_experiment,pipeline,vsize_-2,,44,493,0.39000000000000007,84,14,1
SLICES_CA-LL-L1_x+559_y+604_z+498_experiment,pipeline,vsize_-2,,45,5,0.012000000000000002,0,,0
SLICES_CA-LL-L1_x+559_y+604_z+498_experiment,pipeline,vsize_-2,,46,10,0.024000000000000004,0,,0
SLICES_CA-LL-L1_x+559_y+604_z+498_experiment,pipeline,vsize_-2,,47,1,0.006000000000000001,0,,0
SLICES_CA-LL-L1_x+559_y+604_z+498_experiment,pipeline,vsize_-2,,48,1,0.006000000000000001,0,,0
SLICES_CA-LL-L1_x+559_y+604_z+498_experiment,pipeline,vsize_-2,,49,119,0.036000000000000004,0,,0
SLICES_CA-LL-L1_x+559_y+604_z+498_experiment,pipeline,vsize_-2,,50,93,0.054000000000000006,0,,0
SLICES_CA-LL-L1_x+559_y+604_z+498_experiment,pipeline,vsize_-2,,51,3,0.018000000000000002,0,,0
SLICES_CA-LL-L1_x+559_y+604_z+498_experiment,pipeline,vsize_-2,,52,460,0.3420000000000001,0,,0
SLICES_CA-LL-L1_x+559_y+604_z+498_experiment,pipeline,vsize_-2,,53,272,0.22800000000000004,0,,0
SLICES_CA-LL-L1_x+559_y+604_z+498_experiment,pipeline,vsize_-2,,54,338,0.16200000000000003,325,12,1
SLICES_CA-LL-L1_x+559_y+604_z+498_experiment,pipeline,vsize_-2,,55,136,0.138,0,,0
SLICES_CA-LL-L1_x+559_y+604_z+498_experiment,pipeline,vsize_-2,,56,191,0.24000000000000005,0,,0
SLICES_CA-LL-L1_x+559_y+604_z+498_experiment,pipeline,vsize_-2,,57,191,0.21600000000000003,0,,0
SLICES_CA-LL-L1_x+559_y+604_z+498_experiment,pipeline,vsize_-2,,58,388,0.32400000000000007,0,,0
SLICES_CA-LL-L1_x+559_y+604_z+498_experiment,pipeline,vsize_-2,,59,6,0.030000000000000006,0,,0
SLICES_CA-LL-L1_x+559_y+604_z+498_experiment,pipeline,vsize_-2,,60,12,0.030000000000000006,0,,0
SLICES_CA-LL-L1_x+559_y+604_z+498_experiment,pipeline,vsize_-2,,61,412,0.32400000000000007,238,15,1
SLICES_CA-LL-L1_x+559_y+604_z+498_experiment,pipeline,vsize_-2,,62,42,0.04800000000000001,0,,0
SLICES_CA-LL-L1_x+559_y+604_z+498_experiment,pipeline,vsize_-2,,63,3,0.012000000000000002,0,,0
SLICES_CA-LL-L1_x+559_y+604_z+498_experiment,pipeline,vsize_-2,,64,215,0.21000000000000005,0,,0
SLICES_CA-LL-L1_x+559_y+604_z+498_experiment,pipeline,vsize_-2,,65,165,0.10200000000000002,53,18,1
SLICES_CA-LL-L1_x+559_y+604_z+498_experiment,pipeline,vsize_-2,,66,203,0.20400000000000004,93,19,1
SLICES_CA-LL-L1_x+559_y+604_z+498_experiment,pipeline,vsize_-2,,67,193,0.09600000000000002,60,20,1
SLICES_CA-LL-L1_x+559_y+604_z+498_experiment,pipeline,vsize_-2,,68,10,0.04200000000000001,0,,0
SLICES_CA-LL-L1_x+559_y+604_z+498_experiment,pipeline,vsize_-2,,69,4,0.012000000000000002,0,,0
SLICES_CA-LL-L1_x+559_y+604_z+498_experiment,pipeline,vsize_-2,,70,538,0.45000000000000007,309,19,1
SLICES_CA-LL-L1_x+559_y+604_z+498_experiment,pipeline,vsize_-2,,71,2,0.012000000000000002,0,,0
SLICES_CA-LL-L1_x+559_y+604_z+498_experiment,pipeline,vsize_-2,,72,318,0.30600000000000005,0,,0
SLICES_CA-LL-L1_x+559_y+604_z+498_experiment,pipeline,vsize_-2,,73,17,0.036000000000000004,0,,0
SLICES_CA-LL-L1_x+559_y+604_z+498_experiment,pipeline,vsize_-2,,74,12,0.04200000000000001,0,,0
SLICES_CA-LL-L1_x+559_y+604_z+498_experiment,pipeline,vsize_-2,,75,234,0.19200000000000003,0,,0
SLICES_CA-LL-L1_x+559_y+604_z+498_experiment,pipeline,vsize_-2,,76,283,0.19800000000000004,0,,0
SLICES_CA-LL-L1_x+559_y+604_z+498_experiment,pipeline,vsize_-2,,77,532,0.34800000000000003,116,21;22,2
SLICES_CA-LL-L1_x+559_y+604_z+498_experiment,pipeline,vsize_-2,,78,223,0.10200000000000002,0,,0
SLICES_CA-LL-L1_x+559_y+604_z+498_experiment,pipeline,vsize_-2,,79,560,0.4020000000000001,0,,0
SLICES_CA-LL-L1_x+559_y+604_z+498_experiment,pipeline,vsize_-2,,80,272,0.21600000000000003,0,,0
SLICES_CA-LL-L1_x+559_y+604_z+498_experiment,pipeline,vsize_-2,,81,53,0.036000000000000004,0,,0
SLICES_CA-LL-L1_x+559_y+604_z+498_experiment,pipeline,vsize_-2,,82,5,0.006000000000000001,0,,0
SLICES_CA-LL-L1_x+559_y+604_z+498_experiment,pipeline,vsize_-2,,83,34,0.006000000000000001,0,,0
SLICES_CA-LL-L1_x+559_y+604_z+498_experiment,pipeline,vsize_-2,,84,89,0.07800000000000001,0,,0
SLICES_CA-LL-L1_x+559_y+604_z+498_experiment,pipeline,vsize_-2,,85,3,0.006000000000000001,0,,0
SLICES_CA-LL-L1_x+559_y+604_z+498_experiment,pipeline,vsize_-2,,86,421,0.30000000000000004,0,,0
SLICES_CA-LL-L1_x+559_y+604_z+498_experiment,pipeline,vsize_-2,,87,441,0.3420000000000001,0,,0
SLICES_CA-LL-L1_x+559_y+604_z+498_experiment,pipeline,vsize_-2,,88,366,0.26400000000000007,0,,0
SLICES_CA-LL-L1_x+559_y+604_z+498_experiment,pipeline,vsize_-2,,89,174,0.11400000000000002,0,,0
SLICES_CA-LL-L1_x+559_y+604_z+498_experiment,pipeline,vsize_-2,,90,254,0.12600000000000003,222,23,1
SLICES_CA-LL-L1_x+559_y+604_z+498_experiment,pipeline,vsize_-2,,91,221,0.22800000000000004,0,,0
SLICES_CA-LL-L1_x+559_y+604_z+498_experiment,pipeline,vsize_-2,,92,1278,0.5100000000000001,0,,0
SLICES_CA-LL-L1_x+559_y+604_z+498_experiment,pipeline,vsize_-2,,93,465,0.27,0,,0
SLICES_CA-LL-L1_x+559_y+604_z+498_experiment,pipeline,vsize_-2,,94,477,0.25200000000000006,273,24;26,2
SLICES_CA-LL-L1_x+559_y+604_z+498_experiment,pipeline,vsize_-2,,95,201,0.11400000000000002,147,25,1
SLICES_CA-LL-L1_x+559_y+604_z+498_experiment,pipeline,vsize_-2,,96,311,0.19800000000000004,0,,0
SLICES_CA-LL-L1_x+559_y+604_z+498_experiment,pipeline,vsize_-2,,97,126,0.12000000000000002,0,,0
SLICES_CA-LL-L1_x+559_y+604_z+498_experiment,pipeline,vsize_-2,,98,154,0.08400000000000002,0,,0
SLICES_CA-LL-L1_x+559_y+604_z+498_experiment,pipeline,vsize_-2,,99,398,0.28800000000000003,0,,0
SLICES_CA-LL-L1_x+559_y+604_z+498_experiment,pipeline,vsize_-2,,100,614,0.22800000000000004,255,25,1
SLICES_CA-LL-L1_x+559_y+604_z+498_experiment,pipeline,vsize_-2,,101,346,0.25200000000000006,0,,0
SLICES_CA-LL-L1_x+559_y+604_z+498_experiment,pipeline,vsize_-2,,102,413,0.31800000000000006,0,,0
SLICES_CA-LL-L1_x+559_y+604_z+498_experiment,pipeline,vsize_-2,,103,209,0.08400000000000002,0,,0
SLICES_CA-LL-L1_x+559_y+604_z+498_experiment,pipeline,vsize_-2,,104,416,0.20400000000000004,358,25,1
SLICES_CA-LL-L1_x+559_y+604_z+498_experiment,pipeline,vsize_-2,,105,1077,0.43800000000000006,156,25,1
SLICES_CA-LL-L1_x+559_y+604_z+498_experiment,pipeline,vsize_-2,,106,429,0.21600000000000003,255,25,1
SLICES_CA-LL-L1_x+559_y+604_z+498_experiment,pipeline,vsize_-2,,107,49,0.08400000000000002,0,,0
SLICES_CA-LL-L1_x+559_y+604_z+498_experiment,pipeline,vsize_-2,,108,323,0.31800000000000006,0,,0
SLICES_CA-LL-L1_x+559_y+604_z+498_experiment,pipeline,vsize_-2,,109,1650,1.0620000000000003,1024,26;34,2
SLICES_CA-LL-L1_x+559_y+604_z+498_experiment,pipeline,vsize_-2,,110,300,0.18000000000000002,120,26;27,2
SLICES_CA-LL-L1_x+559_y+604_z+498_experiment,pipeline,vsize_-2,,111,74,0.06600000000000002,0,,0
SLICES_CA-LL-L1_x+559_y+604_z+498_experiment,pipeline,vsize_-2,,112,396,0.33000000000000007,0,,0
SLICES_CA-LL-L1_x+559_y+604_z+498_experiment,pipeline,vsize_-2,,113,281,0.21600000000000003,0,,0
SLICES_CA-LL-L1_x+559_y+604_z+498_experiment,pipeline,vsize_-2,,114,8,0.024000000000000004,0,,0
SLICES_CA-LL-L1_x+559_y+604_z+498_experiment,pipeline,vsize_-2,,115,12,0.024000000000000004,0,,0
SLICES_CA-LL-L1_x+559_y+604_z+498_experiment,pipeline,vsize_-2,,116,43,0.024000000000000004,17,27,1
SLICES_CA-LL-L1_x+559_y+604_z+498_experiment,pipeline,vsize_-2,,117,207,0.138,0,,0
SLICES_CA-LL-L1_x+559_y+604_z+498_experiment,pipeline,vsize_-2,,118,10,0.012000000000000002,0,,0
SLICES_CA-LL-L1_x+559_y+604_z+498_experiment,pipeline,vsize_-2,,119,493,0.24600000000000005,0,,0
SLICES_CA-LL-L1_x+559_y+604_z+498_experiment,pipeline,vsize_-2,,120,270,0.21600000000000003,78,32,1
SLICES_CA-LL-L1_x+559_y+604_z+498_experiment,pipeline,vsize_-2,,121,209,0.15000000000000002,0,,0
SLICES_CA-LL-L1_x+559_y+604_z+498_experiment,pipeline,vsize_-2,,122,669,0.34800000000000003,0,,0
SLICES_CA-LL-L1_x+559_y+604_z+498_experiment,pipeline,vsize_-2,,123,253,0.21000000000000005,0,,0
SLICES_CA-LL-L1_x+559_y+604_z+498_experiment,pipeline,vsize_-2,,124,187,0.09600000000000002,0,,0
SLICES_CA-LL-L1_x+559_y+604_z+498_experiment,pipeline,vsize_-2,,125,434,0.31200000000000006,0,,0
SLICES_CA-LL-L1_x+559_y+604_z+498_experiment,pipeline,vsize_-2,,126,7,0.012000000000000002,0,,0
SLICES_CA-LL-L1_x+559_y+604_z+498_experiment,pipeline,vsize_-2,,127,4,0.006000000000000001,0,,0
SLICES_CA-LL-L1_x+559_y+604_z+498_experiment,pipeline,vsize_-2,,128,24,0.030000000000000006,0,,0
SLICES_CA-LL-L1_x+559_y+604_z+498_experiment,pipeline,vsize_-2,,129,146,0.12000000000000002,0,,0
SLICES_CA-LL-L1_x+559_y+604_z+498_experiment,pipeline,vsize_-2,,130,70,0.054000000000000006,0,,0
SLICES_CA-LL-L1_x+559_y+604_z+498_experiment,pipeline,vsize_+1,,1,189,0.13200000000000003,0,,0
SLICES_CA-LL-L1_x+559_y+604_z+498_experiment,pipeline,vsize_+1,,2,6,0.012000000000000002,0,,0
SLICES_CA-LL-L1_x+559_y+604_z+498_experiment,pipeline,vsize_+1,,3,914,0.36000000000000004,108,1;6,2
SLICES_CA-LL-L1_x+559_y+604_z+498_experiment,pipeline,vsize_+1,,4,525,0.19800000000000004,32,2,1
SLICES_CA-LL-L1_x+559_y+604_z+498_experiment,pipeline,vsize_+1,,5,1042,0.45600000000000007,216,7,1
SLICES_CA-LL-L1_x+559_y+604_z+498_experiment,pipeline,vsize_+1,,6,559,0.22800000000000004,148,3,1
SLICES_CA-LL-L1_x+559_y+604_z+498_experiment,pipeline,vsize_+1,,7,617,0.21600000000000003,0,,0
SLICES_CA-LL-L1_x+559_y+604_z+498_experiment,pipeline,vsize_+1,,8,350,0.12000000000000002,0,,0
SLICES_CA-LL-L1_x+559_y+604_z+498_experiment,pipeline,vsize_+1,,9,826,0.4620000000000001,67,4,1
SLICES_CA-LL-L1_x+559_y+604_z+498_experiment,pipeline,vsize_+1,,10,866,0.3420000000000001,0,,0
SLICES_CA-LL-L1_x+559_y+604_z+498_experiment,pipeline,vsize_+1,,11,778,0.17400000000000002,62,8;9,2
SLICES_CA-LL-L1_x+559_y+604_z+498_experiment,pipeline,vsize_+1,,12,548,0.18600000000000003,0,,0
SLICES_CA-LL-L1_x+559_y+604_z+498_experiment,pipeline,vsize_+1,,13,881,0.4680000000000001,0,,0
SLICES_CA-LL-L1_x+559_y+604_z+498_experiment,pipeline,vsize_+1,,14,104,0.04200000000000001,0,,0
SLICES_CA-LL-L1_x+559_y+604_z+498_experiment,pipeline,vsize_+1,,15,173,0.06000000000000001,0,,0
SLICES_CA-LL-L1_x+559_y+604_z+498_experiment,pipeline,vsize_+1,,16,1055,0.42600000000000005,215,10;14,2
SLICES_CA-LL-L1_x+559_y+604_z+498_experiment,pipeline,vsize_+1,,17,904,0.36000000000000004,0,,0
SLICES_CA-LL-L1_x+559_y+604_z+498_experiment,pipeline,vsize_+1,,18,686,0.23400000000000004,0,,0
SLICES_CA-LL-L1_x+559_y+604_z+498_experiment,pipeline,vsize_+1,,19,2001,0.7980000000000002,601,12,1
SLICES_CA-LL-L1_x+559_y+604_z+498_experiment,pipeline,vsize_+1,,20,1086,0.5160000000000001,354,15,1
SLICES_CA-LL-L1_x+559_y+604_z+498_experiment,pipeline,vsize_+1,,21,651,0.24600000000000005,80,17;18,2
SLICES_CA-LL-L1_x+559_y+604_z+498_experiment,pipeline,vsize_+1,,22,120,0.07200000000000001,17,16,1
SLICES_CA-LL-L1_x+559_y+604_z+498_experiment,pipeline,vsize_+1,,23,1248,0.6120000000000001,514,19,1
SLICES_CA-LL-L1_x+559_y+604_z+498_experiment,pipeline,vsize_+1,,24,25,0.012000000000000002,4,16,1
SLICES_CA-LL-L1_x+559_y+604_z+498_experiment,pipeline,vsize_+1,,25,531,0.19200000000000003,147,20,1
SLICES_CA-LL-L1_x+559_y+604_z+498_experiment,pipeline,vsize_+1,,26,169,0.10200000000000002,0,,0
SLICES_CA-LL-L1_x+559_y+604_z+498_experiment,pipeline,vsize_+1,,27,2140,0.7020000000000001,295,21;22,2
SLICES_CA-LL-L1_x+559_y+604_z+498_experiment,pipeline,vsize_+1,,28,130,0.030000000000000006,0,,0
SLICES_CA-LL-L1_x+559_y+604_z+498_experiment,pipeline,vsize_+1,,29,61,0.024000000000000004,0,,0
SLICES_CA-LL-L1_x+559_y+604_z+498_experiment,pipeline,vsize_+1,,30,217,0.09600000000000002,0,,0
SLICES_CA-LL-L1_x+559_y+604_z+498_experiment,pipeline,vsize_+1,,31,19,0.012000000000000002,0,,0
SLICES_CA-LL-L1_x+559_y+604_z+498_experiment,pipeline,vsize_+1,,32,552,0.276,0,,0
SLICES_CA-LL-L1_x+559_y+604_z+498_experiment,pipeline,vsize_+1,,33,2093,0.8220000000000002,0,,0
SLICES_CA-LL-L1_x+559_y+604_z+498_experiment,pipeline,vsize_+1,,34,211,0.08400000000000002,0,,0
SLICES_CA-LL-L1_x+559_y+604_z+498_experiment,pipeline,vsize_+1,,35,1172,0.37800000000000006,522,23,1
SLICES_CA-LL-L1_x+559_y+604_z+498_experiment,pipeline,vsize_+1,,36,321,0.12600000000000003,0,,0
SLICES_CA-LL-L1_x+559_y+604_z+498_experiment,pipeline,vsize_+1,,37,651,0.21600000000000003,0,,0
SLICES_CA-LL-L1_x+559_y+604_z+498_experiment,pipeline,vsize_+1,,38,564,0.22200000000000003,324,24;26,2
SLICES_CA-LL-L1_x+559_y+604_z+498_experiment,pipeline,vsize_+1,,39,1136,0.4620000000000001,0,,0
SLICES_CA-LL-L1_x+559_y+604_z+498_experiment,pipeline,vsize_+1,,40,558,0.21600000000000003,202,25,1
SLICES_CA-LL-L1_x+559_y+604_z+498_experiment,pipeline,vsize_+1,,41,62,0.012000000000000002,0,,0
SLICES_CA-LL-L1_x+559_y+604_z+498_experiment,pipeline,vsize_+1,,42,4600,1.3380000000000003,2786,25,1
SLICES_CA-LL-L1_x+559_y+604_z+498_experiment,pipeline,vsize_+1,,43,1328,0.4620000000000001,601,25,1
SLICES_CA-LL-L1_x+559_y+604_z+498_experiment,pipeline,vsize_+1,,44,358,0.12000000000000002,0,,0
SLICES_CA-LL-L1_x+559_y+604_z+498_experiment,pipeline,vsize_+1,,45,900,0.3420000000000001,0,,0
SLICES_CA-LL-L1_x+559_y+604_z+498_experiment,pipeline,vsize_+1,,46,418,0.15600000000000003,0,,0
SLICES_CA-LL-L1_x+559_y+604_z+498_experiment,pipeline,vsize_+1,,47,257,0.10800000000000001,0,,0
SLICES_CA-LL-L1_x+559_y+604_z+498_experiment,pipeline,vsize_+1,,48,265,0.08400000000000002,0,,0
SLICES_CA-LL-L1_x+559_y+604_z+498_experiment,pipeline,vsize_+1,,49,19,0.012000000000000002,0,,0
SLICES_CA-LL-L1_x+559_y+604_z+498_experiment,pipeline,vsize_+1,,50,533,0.17400000000000002,0,,0
SLICES_CA-LL-L1_x+559_y+604_z+498_experiment,pipeline,vsize_+1,,51,309,0.11400000000000002,213,25,1
SLICES_CA-LL-L1_x+559_y+604_z+498_experiment,pipeline,vsize_+1,,52,2733,1.2540000000000002,1350,26;34,2
SLICES_CA-LL-L1_x+559_y+604_z+498_experiment,pipeline,vsize_+1,,53,491,0.16200000000000003,0,,0
SLICES_CA-LL-L1_x+559_y+604_z+498_experiment,pipeline,vsize_+1,,54,351,0.13200000000000003,173,26;27,2
SLICES_CA-LL-L1_x+559_y+604_z+498_experiment,pipeline,vsize_+1,,55,149,0.06600000000000002,0,,0
SLICES_CA-LL-L1_x+559_y+604_z+498_experiment,pipeline,vsize_+1,,56,444,0.17400000000000002,9,26,1
SLICES_CA-LL-L1_x+559_y+604_z+498_experiment,pipeline,vsize_+1,,57,561,0.19200000000000003,0,,0
SLICES_CA-LL-L1_x+559_y+604_z+498_experiment,pipeline,vsize_+1,,58,699,0.31200000000000006,0,,0
SLICES_CA-LL-L1_x+559_y+604_z+498_experiment,pipeline,vsize_+1,,59,25,0.0,0,,0
SLICES_CA-LL-L1_x+559_y+604_z+498_experiment,pipeline,vsize_+1,,60,1559,0.39000000000000007,1519,32,1
SLICES_CA-LL-L1_x+559_y+604_z+498_experiment,pipeline,vsize_+1,,61,803,0.20400000000000004,0,,0
SLICES_CA-LL-L1_x+559_y+604_z+498_experiment,pipeline,vsize_+1,,62,726,0.25200000000000006,0,,0
SLICES_CA-LL-L1_x+559_y+604_z+498_experiment,pipeline,vsize_+1,,63,406,0.08400000000000002,95,32,1
SLICES_CA-LL-L1_x+559_y+604_z+498_experiment,pipeline,vsize_+1,,64,32,0.012000000000000002,0,,0
SLICES_CA-LL-L1_x+559_y+604_z+498_experiment,pipeline,vsize_+1,,65,349,0.09000000000000001,0,,0
SLICES_CA-LL-L1_x+559_y+604_z+498_experiment,pipeline,vsize_+1,,66,452,0.13200000000000003,0,,0
SLICES_CA-LL-L1_x+559_y+604_z+498_experiment,pipeline,vsize_+1,,67,300,0.12600000000000003,0,,0
SLICES_CA-LL-L1_x+559_y+604_z+498_experiment,pipeline,vsize_+1,,68,939,0.39000000000000007,214,35,1
SLICES_CA-LL-L1_x+559_y+604_z+498_experiment,pipeline,vsize_+1,,69,107,0.04800000000000001,0,,0
SLICES_CA-LL-L1_x+559_y+604_z+498_experiment,pipeline,vsize_+2,,1,1844,0.5340000000000001,113,1;6,2
SLICES_CA-LL-L1_x+559_y+604_z+498_experiment,pipeline,vsize_+2,,2,1514,0.5100000000000001,269,7,1
SLICES_CA-LL-L1_x+559_y+604_z+498_experiment,pipeline,vsize_+2,,3,836,0.27,0,,0
SLICES_CA-LL-L1_x+559_y+604_z+498_experiment,pipeline,vsize_+2,,4,1049,0.21600000000000003,180,5,1
SLICES_CA-LL-L1_x+559_y+604_z+498_experiment,pipeline,vsize_+2,,5,396,0.024000000000000004,0,,0
SLICES_CA-LL-L1_x+559_y+604_z+498_experiment,pipeline,vsize_+2,,6,1058,0.276,0,,0
SLICES_CA-LL-L1_x+559_y+604_z+498_experiment,pipeline,vsize_+2,,7,586,0.18600000000000003,66,8;9,2
SLICES_CA-LL-L1_x+559_y+604_z+498_experiment,pipeline,vsize_+2,,8,1038,0.31200000000000006,92,11,1
SLICES_CA-LL-L1_x+559_y+604_z+498_experiment,pipeline,vsize_+2,,9,425,0.12600000000000003,0,,0
SLICES_CA-LL-L1_x+559_y+604_z+498_experiment,pipeline,vsize_+2,,10,111,0.0,0,,0
SLICES_CA-LL-L1_x+559_y+604_z+498_experiment,pipeline,vsize_+2,,11,614,0.22200000000000003,0,,0
SLICES_CA-LL-L1_x+559_y+604_z+498_experiment,pipeline,vsize_+2,,12,1663,0.5220000000000001,234,10;14,2
SLICES_CA-LL-L1_x+559_y+604_z+498_experiment,pipeline,vsize_+2,,13,824,0.21600000000000003,0,,0
SLICES_CA-LL-L1_x+559_y+604_z+498_experiment,pipeline,vsize_+2,,14,755,0.21600000000000003,0,,0
SLICES_CA-LL-L1_x+559_y+604_z+498_experiment,pipeline,vsize_+2,,15,346,0.14400000000000002,0,,0
SLICES_CA-LL-L1_x+559_y+604_z+498_experiment,pipeline,vsize_+2,,16,2826,0.7920000000000001,1115,12;13,2
SLICES_CA-LL-L1_x+559_y+604_z+498_experiment,pipeline,vsize_+2,,17,826,0.24000000000000005,0,,0
SLICES_CA-LL-L1_x+559_y+604_z+498_experiment,pipeline,vsize_+2,,18,592,0.11400000000000002,0,,0
SLICES_CA-LL-L1_x+559_y+604_z+498_experiment,pipeline,vsize_+2,,19,604,0.23400000000000004,202,15,1
SLICES_CA-LL-L1_x+559_y+604_z+498_experiment,pipeline,vsize_+2,,20,1320,0.42600000000000005,0,,0
SLICES_CA-LL-L1_x+559_y+604_z+498_experiment,pipeline,vsize_+2,,21,572,0.24000000000000005,39,16,1
SLICES_CA-LL-L1_x+559_y+604_z+498_experiment,pipeline,vsize_+2,,22,57,0.006000000000000001,0,,0
SLICES_CA-LL-L1_x+559_y+604_z+498_experiment,pipeline,vsize_+2,,23,51,0.018000000000000002,0,,0
SLICES_CA-LL-L1_x+559_y+604_z+498_experiment,pipeline,vsize_+2,,24,413,0.15000000000000002,214,15,1
SLICES_CA-LL-L1_x+559_y+604_z+498_experiment,pipeline,vsize_+2,,25,859,0.29400000000000004,163,19,1
SLICES_CA-LL-L1_x+559_y+604_z+498_experiment,pipeline,vsize_+2,,26,505,0.10200000000000002,65,20,1
SLICES_CA-LL-L1_x+559_y+604_z+498_experiment,pipeline,vsize_+2,,27,564,0.19800000000000004,0,,0
SLICES_CA-LL-L1_x+559_y+604_z+498_experiment,pipeline,vsize_+2,,28,1062,0.37200000000000005,436,19,1
SLICES_CA-LL-L1_x+559_y+604_z+498_experiment,pipeline,vsize_+2,,29,1897,0.4020000000000001,34,21,1
SLICES_CA-LL-L1_x+559_y+604_z+498_experiment,pipeline,vsize_+2,,30,1541,0.4920000000000001,0,,0
SLICES_CA-LL-L1_x+559_y+604_z+498_experiment,pipeline,vsize_+2,,31,56,0.006000000000000001,0,,0
SLICES_CA-LL-L1_x+559_y+604_z+498_experiment,pipeline,vsize_+2,,32,1182,0.27,146,22,1
SLICES_CA-LL-L1_x+559_y+604_z+498_experiment,pipeline,vsize_+2,,33,1340,0.38400000000000006,0,,0
SLICES_CA-LL-L1_x+559_y+604_z+498_experiment,pipeline,vsize_+2,,34,126,0.036000000000000004,0,,0
SLICES_CA-LL-L1_x+559_y+604_z+498_experiment,pipeline,vsize_+2,,35,455,0.09000000000000001,0,,0
SLICES_CA-LL-L1_x+559_y+604_z+498_experiment,pipeline,vsize_+2,,36,811,0.14400000000000002,0,,0
SLICES_CA-LL-L1_x+559_y+604_z+498_experiment,pipeline,vsize_+2,,37,5688,1.1340000000000001,0,,0
SLICES_CA-LL-L1_x+559_y+604_z+498_experiment,pipeline,vsize_+2,,38,12334,2.7360000000000007,0,,0
SLICES_CA-LL-L1_x+559_y+604_z+498_experiment,pipeline,vsize_+2,,39,625,0.18000000000000002,0,,0
SLICES_CA-LL-L1_x+559_y+604_z+498_experiment,pipeline,vsize_+2,,40,1177,0.27,559,23,1
SLICES_CA-LL-L1_x+559_y+604_z+498_experiment,pipeline,vsize_+2,,41,933,0.30000000000000004,397,24;26;28,3
SLICES_CA-LL-L1_x+559_y+604_z+498_experiment,pipeline,vsize_+2,,42,79,0.030000000000000006,0,,0
SLICES_CA-LL-L1_x+559_y+604_z+498_experiment,pipeline,vsize_+2,,43,1910,0.5700000000000001,0,,0
SLICES_CA-LL-L1_x+559_y+604_z+498_experiment,pipeline,vsize_+2,,44,4866,1.11,2889,25,1
SLICES_CA-LL-L1_x+559_y+604_z+498_experiment,pipeline,vsize_+2,,45,698,0.22800000000000004,242,25,1
SLICES_CA-LL-L1_x+559_y+604_z+498_experiment,pipeline,vsize_+2,,46,368,0.09000000000000001,288,25,1
SLICES_CA-LL-L1_x+559_y+604_z+498_experiment,pipeline,vsize_+2,,47,5555,1.2660000000000002,870,25,1
SLICES_CA-LL-L1_x+559_y+604_z+498_experiment,pipeline,vsize_+2,,48,561,0.07800000000000001,291,25,1
SLICES_CA-LL-L1_x+559_y+604_z+498_experiment,pipeline,vsize_+2,,49,449,0.12000000000000002,0,,0
SLICES_CA-LL-L1_x+559_y+604_z+498_experiment,pipeline,vsize_+2,,50,33,0.018000000000000002,0,,0
SLICES_CA-LL-L1_x+559_y+604_z+498_experiment,pipeline,vsize_+2,,51,717,0.18000000000000002,0,,0
SLICES_CA-LL-L1_x+559_y+604_z+498_experiment,pipeline,vsize_+2,,52,3442,1.1820000000000002,1567,26;34,2
SLICES_CA-LL-L1_x+559_y+604_z+498_experiment,pipeline,vsize_+2,,53,407,0.12000000000000002,188,26;27,2
SLICES_CA-LL-L1_x+559_y+604_z+498_experiment,pipeline,vsize_+2,,54,228,0.06600000000000002,0,,0
SLICES_CA-LL-L1_x+559_y+604_z+498_experiment,pipeline,vsize_+2,,55,636,0.16200000000000003,0,,0
SLICES_CA-LL-L1_x+559_y+604_z+498_experiment,pipeline,vsize_+2,,56,1030,0.3420000000000001,0,,0
SLICES_CA-LL-L1_x+559_y+604_z+498_experiment,pipeline,vsize_+2,,57,173,0.030000000000000006,0,,0
SLICES_CA-LL-L1_x+559_y+604_z+498_experiment,pipeline,vsize_+2,,58,18,0.018000000000000002,0,,0
SLICES_CA-LL-L1_x+559_y+604_z+498_experiment,pipeline,vsize_+2,,59,1430,0.43800000000000006,0,,0
SLICES_CA-LL-L1_x+559_y+604_z+498_experiment,pipeline,vsize_+2,,60,219,0.07200000000000001,3,32,1
SLICES_CA-LL-L1_x+559_y+604_z+498_experiment,pipeline,vsize_+2,,61,2380,0.6240000000000001,1816,32,1
SLICES_CA-LL-L1_x+559_y+604_z+498_experiment,pipeline,vsize_+2,,62,146,0.030000000000000006,0,,0
SLICES_CA-LL-L1_x+559_y+604_z+498_experiment,pipeline,vsize_+2,,63,1435,0.37200000000000005,0,,0
SLICES_CA-LL-L1_x+559_y+604_z+498_experiment,pipeline,vsize_+2,,64,356,0.138,0,,0
SLICES_CA-LL-L1_x+559_y+604_z+498_experiment,pipeline,vsize_+2,,65,971,0.21600000000000003,0,,0
SLICES_CA-LL-L1_x+559_y+604_z+498_experiment,pipeline,vsize_+2,,66,493,0.10800000000000001,102,32,1
SLICES_CA-LL-L1_x+559_y+604_z+498_experiment,pipeline,vsize_+2,,67,1098,0.29400000000000004,0,,0
SLICES_CA-LL-L1_x+559_y+604_z+498_experiment,pipeline,vsize_+2,,68,1357,0.35400000000000004,261,35,1
SLICES_CA-LL-L1_x+559_y+604_z+498_experiment,pipeline,vsize_+2,,69,460,0.054000000000000006,0,,0
SLICES_CA-LL-L1_x+559_y+604_z+498_experiment,pipeline,vsize_+2,,70,121,0.036000000000000004,0,,0
SLICES_CA-LL-L1_x+559_y+604_z+498_experiment,pipeline,vstd_-2,,1,2027,0.6180000000000001,113,1;6,2
SLICES_CA-LL-L1_x+559_y+604_z+498_experiment,pipeline,vstd_-2,,2,1189,0.42600000000000005,258,7,1
SLICES_CA-LL-L1_x+559_y+604_z+498_experiment,pipeline,vstd_-2,,3,1657,0.558,181,5,1
SLICES_CA-LL-L1_x+559_y+604_z+498_experiment,pipeline,vstd_-2,,4,728,0.21000000000000005,0,,0
SLICES_CA-LL-L1_x+559_y+604_z+498_experiment,pipeline,vstd_-2,,5,858,0.32400000000000007,65,8;9,2
SLICES_CA-LL-L1_x+559_y+604_z+498_experiment,pipeline,vstd_-2,,6,404,0.12600000000000003,0,,0
SLICES_CA-LL-L1_x+559_y+604_z+498_experiment,pipeline,vstd_-2,,7,750,0.30600000000000005,0,,0
SLICES_CA-LL-L1_x+559_y+604_z+498_experiment,pipeline,vstd_-2,,8,1378,0.5220000000000001,229,10;14,2
SLICES_CA-LL-L1_x+559_y+604_z+498_experiment,pipeline,vstd_-2,,9,1474,0.3960000000000001,0,,0
SLICES_CA-LL-L1_x+559_y+604_z+498_experiment,pipeline,vstd_-2,,10,28,0.012000000000000002,0,,0
SLICES_CA-LL-L1_x+559_y+604_z+498_experiment,pipeline,vstd_-2,,11,739,0.23400000000000004,627,12,1
SLICES_CA-LL-L1_x+559_y+604_z+498_experiment,pipeline,vstd_-2,,12,114,0.018000000000000002,0,,0
SLICES_CA-LL-L1_x+559_y+604_z+498_experiment,pipeline,vstd_-2,,13,1303,0.4920000000000001,413,15,1
SLICES_CA-LL-L1_x+559_y+604_z+498_experiment,pipeline,vstd_-2,,14,112,0.04200000000000001,15,16,1
SLICES_CA-LL-L1_x+559_y+604_z+498_experiment,pipeline,vstd_-2,,15,740,0.24600000000000005,80,17;18,2
SLICES_CA-LL-L1_x+559_y+604_z+498_experiment,pipeline,vstd_-2,,16,30,0.012000000000000002,6,16,1
SLICES_CA-LL-L1_x+559_y+604_z+498_experiment,pipeline,vstd_-2,,17,132,0.024000000000000004,0,,0
SLICES_CA-LL-L1_x+559_y+604_z+498_experiment,pipeline,vstd_-2,,18,934,0.37200000000000005,403,19,1
SLICES_CA-LL-L1_x+559_y+604_z+498_experiment,pipeline,vstd_-2,,19,76,0.036000000000000004,0,,0
SLICES_CA-LL-L1_x+559_y+604_z+498_experiment,pipeline,vstd_-2,,20,304,0.07800000000000001,0,,0
SLICES_CA-LL-L1_x+559_y+604_z+498_experiment,pipeline,vstd_-2,,21,639,0.25200000000000006,0,,0
SLICES_CA-LL-L1_x+559_y+604_z+498_experiment,pipeline,vstd_-2,,22,1225,0.35400000000000004,0,,0
SLICES_CA-LL-L1_x+559_y+604_z+498_experiment,pipeline,vstd_-2,,23,598,0.20400000000000004,0,,0
SLICES_CA-LL-L1_x+559_y+604_z+498_experiment,pipeline,vstd_-2,,24,1493,0.39000000000000007,481,23,1
SLICES_CA-LL-L1_x+559_y+604_z+498_experiment,pipeline,vstd_-2,,25,846,0.26400000000000007,393,24;26,2
SLICES_CA-LL-L1_x+559_y+604_z+498_experiment,pipeline,vstd_-2,,26,767,0.14400000000000002,647,25,1
SLICES_CA-LL-L1_x+559_y+604_z+498_experiment,pipeline,vstd_-2,,27,699,0.19200000000000003,0,,0
SLICES_CA-LL-L1_x+559_y+604_z+498_experiment,pipeline,vstd_-2,,28,587,0.138,0,,0
SLICES_CA-LL-L1_x+559_y+604_z+498_experiment,pipeline,vstd_-2,,29,4598,1.0740000000000003,2459,25,1
SLICES_CA-LL-L1_x+559_y+604_z+498_experiment,pipeline,vstd_-2,,30,259,0.054000000000000006,252,25,1
SLICES_CA-LL-L1_x+559_y+604_z+498_experiment,pipeline,vstd_-2,,31,780,0.23400000000000004,0,,0
SLICES_CA-LL-L1_x+559_y+604_z+498_experiment,pipeline,vstd_-2,,32,489,0.17400000000000002,12,25,1
SLICES_CA-LL-L1_x+559_y+604_z+498_experiment,pipeline,vstd_-2,,33,389,0.12600000000000003,248,25,1
SLICES_CA-LL-L1_x+559_y+604_z+498_experiment,pipeline,vstd_-2,,34,691,0.17400000000000002,0,,0
SLICES_CA-LL-L1_x+559_y+604_z+498_experiment,pipeline,vstd_-2,,35,3315,1.2240000000000002,1573,26;34,2
SLICES_CA-LL-L1_x+559_y+604_z+498_experiment,pipeline,vstd_-2,,36,612,0.17400000000000002,0,,0
SLICES_CA-LL-L1_x+559_y+604_z+498_experiment,pipeline,vstd_-2,,37,421,0.13200000000000003,190,26;27,2
SLICES_CA-LL-L1_x+559_y+604_z+498_experiment,pipeline,vstd_-2,,38,417,0.12600000000000003,0,,0
SLICES_CA-LL-L1_x+559_y+604_z+498_experiment,pipeline,vstd_-2,,39,1109,0.35400000000000004,1062,32,1
SLICES_CA-LL-L1_x+559_y+604_z+498_experiment,pipeline,vstd_-2,,40,284,0.07200000000000001,0,,0
SLICES_CA-LL-L1_x+559_y+604_z+498_experiment,pipeline,vstd_-2,,41,821,0.23400000000000004,0,,0
SLICES_CA-LL-L1_x+559_y+604_z+498_experiment,pipeline,vstd_-2,,42,284,0.06600000000000002,91,32,1
SLICES_CA-LL-L1_x+559_y+604_z+498_experiment,pipeline,vstd_-2,,43,1886,0.6060000000000001,245,35,1
SLICES_CA-LL-L1_x+559_y+604_z+498_experiment,pipeline,vstd_-2,,44,315,0.036000000000000004,0,,0
SLICES_CA-LL-L1_x+559_y+604_z+498_experiment,pipeline,vstd_-2,,45,89,0.030000000000000006,0,,0
SLICES_CA-LL-L1_x+559_y+604_z+498_experiment,pipeline,vstd_+2,,1,186,0.138,0,,0
SLICES_CA-LL-L1_x+559_y+604_z+498_experiment,pipeline,vstd_+2,,2,452,0.34800000000000003,48,4,1
SLICES_CA-LL-L1_x+559_y+604_z+498_experiment,pipeline,vstd_+2,,3,452,0.28200000000000003,97,3,1
SLICES_CA-LL-L1_x+559_y+604_z+498_experiment,pipeline,vstd_+2,,4,1104,0.6540000000000001,91,1;6,2
SLICES_CA-LL-L1_x+559_y+604_z+498_experiment,pipeline,vstd_+2,,5,5,0.012000000000000002,0,,0
SLICES_CA-LL-L1_x+559_y+604_z+498_experiment,pipeline,vstd_+2,,6,140,0.12000000000000002,23,2,1
SLICES_CA-LL-L1_x+559_y+604_z+498_experiment,pipeline,vstd_+2,,7,128,0.07800000000000001,0,,0
SLICES_CA-LL-L1_x+559_y+604_z+498_experiment,pipeline,vstd_+2,,8,669,0.4620000000000001,0,,0
SLICES_CA-LL-L1_x+559_y+604_z+498_experiment,pipeline,vstd_+2,,9,3,0.012000000000000002,0,,0
SLICES_CA-LL-L1_x+559_y+604_z+498_experiment,pipeline,vstd_+2,,10,174,0.09600000000000002,0,,0
SLICES_CA-LL-L1_x+559_y+604_z+498_experiment,pipeline,vstd_+2,,11,17,0.006000000000000001,0,,0
SLICES_CA-LL-L1_x+559_y+604_z+498_experiment,pipeline,vstd_+2,,12,674,0.4200000000000001,99,5,1
SLICES_CA-LL-L1_x+559_y+604_z+498_experiment,pipeline,vstd_+2,,13,7,0.018000000000000002,0,,0
SLICES_CA-LL-L1_x+559_y+604_z+498_experiment,pipeline,vstd_+2,,14,15,0.04800000000000001,0,,0
SLICES_CA-LL-L1_x+559_y+604_z+498_experiment,pipeline,vstd_+2,,15,515,0.4080000000000001,0,,0
SLICES_CA-LL-L1_x+559_y+604_z+498_experiment,pipeline,vstd_+2,,16,383,0.23400000000000004,165,7,1
SLICES_CA-LL-L1_x+559_y+604_z+498_experiment,pipeline,vstd_+2,,17,25,0.07800000000000001,0,,0
SLICES_CA-LL-L1_x+559_y+604_z+498_experiment,pipeline,vstd_+2,,18,45,0.10800000000000001,0,,0
SLICES_CA-LL-L1_x+559_y+604_z+498_experiment,pipeline,vstd_+2,,19,235,0.21600000000000003,0,,0
SLICES_CA-LL-L1_x+559_y+604_z+498_experiment,pipeline,vstd_+2,,20,244,0.19800000000000004,0,,0
SLICES_CA-LL-L1_x+559_y+604_z+498_experiment,pipeline,vstd_+2,,21,386,0.20400000000000004,53,8;9,2
SLICES_CA-LL-L1_x+559_y+604_z+498_experiment,pipeline,vstd_+2,,22,11,0.030000000000000006,0,,0
SLICES_CA-LL-L1_x+559_y+604_z+498_experiment,pipeline,vstd_+2,,23,7,0.018000000000000002,0,,0
SLICES_CA-LL-L1_x+559_y+604_z+498_experiment,pipeline,vstd_+2,,24,225,0.138,0,,0
SLICES_CA-LL-L1_x+559_y+604_z+498_experiment,pipeline,vstd_+2,,25,298,0.20400000000000004,0,,0
SLICES_CA-LL-L1_x+559_y+604_z+498_experiment,pipeline,vstd_+2,,26,3,0.012000000000000002,0,,0
SLICES_CA-LL-L1_x+559_y+604_z+498_experiment,pipeline,vstd_+2,,27,6,0.018000000000000002,0,,0
SLICES_CA-LL-L1_x+559_y+604_z+498_experiment,pipeline,vstd_+2,,28,13,0.024000000000000004,0,,0
SLICES_CA-LL-L1_x+559_y+604_z+498_experiment,pipeline,vstd_+2,,29,18,0.06000000000000001,0,,0
SLICES_CA-LL-L1_x+559_y+604_z+498_experiment,pipeline,vstd_+2,,30,229,0.15600000000000003,0,,0
SLICES_CA-LL-L1_x+559_y+604_z+498_experiment,pipeline,vstd_+2,,31,80,0.04800000000000001,0,,0
SLICES_CA-LL-L1_x+559_y+604_z+498_experiment,pipeline,vstd_+2,,32,302,0.21600000000000003,0,,0
SLICES_CA-LL-L1_x+559_y+604_z+498_experiment,pipeline,vstd_+2,,33,4,0.018000000000000002,0,,0
SLICES_CA-LL-L1_x+559_y+604_z+498_experiment,pipeline,vstd_+2,,34,525,0.31200000000000006,0,,0
SLICES_CA-LL-L1_x+559_y+604_z+498_experiment,pipeline,vstd_+2,,35,287,0.20400000000000004,0,,0
SLICES_CA-LL-L1_x+559_y+604_z+498_experiment,pipeline,vstd_+2,,36,625,0.43800000000000006,95,14,1
SLICES_CA-LL-L1_x+559_y+604_z+498_experiment,pipeline,vstd_+2,,37,534,0.27,0,,0
SLICES_CA-LL-L1_x+559_y+604_z+498_experiment,pipeline,vstd_+2,,38,574,0.38400000000000006,0,,0
SLICES_CA-LL-L1_x+559_y+604_z+498_experiment,pipeline,vstd_+2,,39,535,0.30000000000000004,505,12,1
SLICES_CA-LL-L1_x+559_y+604_z+498_experiment,pipeline,vstd_+2,,40,188,0.14400000000000002,0,,0
SLICES_CA-LL-L1_x+559_y+604_z+498_experiment,pipeline,vstd_+2,,41,537,0.3960000000000001,248,15,1
SLICES_CA-LL-L1_x+559_y+604_z+498_experiment,pipeline,vstd_+2,,42,16,0.006000000000000001,9,15,1
SLICES_CA-LL-L1_x+559_y+604_z+498_experiment,pipeline,vstd_+2,,43,14,0.04200000000000001,0,,0
SLICES_CA-LL-L1_x+559_y+604_z+498_experiment,pipeline,vstd_+2,,44,10,0.024000000000000004,3,16,1
SLICES_CA-LL-L1_x+559_y+604_z+498_experiment,pipeline,vstd_+2,,45,425,0.16800000000000004,70,17;18,2
SLICES_CA-LL-L1_x+559_y+604_z+498_experiment,pipeline,vstd_+2,,46,107,0.07200000000000001,0,,0
SLICES_CA-LL-L1_x+559_y+604_z+498_experiment,pipeline,vstd_+2,,47,781,0.5220000000000001,411,19,1
SLICES_CA-LL-L1_x+559_y+604_z+498_experiment,pipeline,vstd_+2,,48,407,0.22800000000000004,88,20,1
SLICES_CA-LL-L1_x+559_y+604_z+498_experiment,pipeline,vstd_+2,,49,33,0.06000000000000001,0,,0
SLICES_CA-LL-L1_x+559_y+604_z+498_experiment,pipeline,vstd_+2,,50,774,0.4680000000000001,0,,0
SLICES_CA-LL-L1_x+559_y+604_z+498_experiment,pipeline,vstd_+2,,51,1720,0.6960000000000001,157,21;22,2
SLICES_CA-LL-L1_x+559_y+604_z+498_experiment,pipeline,vstd_+2,,52,396,0.25200000000000006,0,,0
SLICES_CA-LL-L1_x+559_y+604_z+498_experiment,pipeline,vstd_+2,,53,118,0.018000000000000002,0,,0
SLICES_CA-LL-L1_x+559_y+604_z+498_experiment,pipeline,vstd_+2,,54,9,0.030000000000000006,0,,0
SLICES_CA-LL-L1_x+559_y+604_z+498_experiment,pipeline,vstd_+2,,55,2,0.006000000000000001,0,,0
SLICES_CA-LL-L1_x+559_y+604_z+498_experiment,pipeline,vstd_+2,,56,34,0.006000000000000001,0,,0
SLICES_CA-LL-L1_x+559_y+604_z+498_experiment,pipeline,vstd_+2,,57,159,0.10800000000000001,0,,0
SLICES_CA-LL-L1_x+559_y+604_z+498_experiment,pipeline,vstd_+2,,58,131,0.10800000000000001,0,,0
SLICES_CA-LL-L1_x+559_y+604_z+498_experiment,pipeline,vstd_+2,,59,687,0.4140000000000001,0,,0
SLICES_CA-LL-L1_x+559_y+604_z+498_experiment,pipeline,vstd_+2,,60,1553,0.8940000000000001,0,,0
SLICES_CA-LL-L1_x+559_y+604_z+498_experiment,pipeline,vstd_+2,,61,642,0.3960000000000001,0,,0
SLICES_CA-LL-L1_x+559_y+604_z+498_experiment,pipeline,vstd_+2,,62,213,0.12000000000000002,0,,0
SLICES_CA-LL-L1_x+559_y+604_z+498_experiment,pipeline,vstd_+2,,63,392,0.24000000000000005,332,23,1
SLICES_CA-LL-L1_x+559_y+604_z+498_experiment,pipeline,vstd_+2,,64,649,0.38400000000000006,286,24;26,2
SLICES_CA-LL-L1_x+559_y+604_z+498_experiment,pipeline,vstd_+2,,65,247,0.18000000000000002,0,,0
SLICES_CA-LL-L1_x+559_y+604_z+498_experiment,pipeline,vstd_+2,,66,140,0.10200000000000002,0,,0
SLICES_CA-LL-L1_x+559_y+604_z+498_experiment,pipeline,vstd_+2,,67,658,0.25800000000000006,419,25,1
SLICES_CA-LL-L1_x+559_y+604_z+498_experiment,pipeline,vstd_+2,,68,458,0.24000000000000005,0,,0
SLICES_CA-LL-L1_x+559_y+604_z+498_experiment,pipeline,vstd_+2,,69,25,0.054000000000000006,0,,0
SLICES_CA-LL-L1_x+559_y+604_z+498_experiment,pipeline,vstd_+2,,70,1630,0.6000000000000001,1414,25,1
SLICES_CA-LL-L1_x+559_y+604_z+498_experiment,pipeline,vstd_+2,,71,373,0.23400000000000004,0,,0
SLICES_CA-LL-L1_x+559_y+604_z+498_experiment,pipeline,vstd_+2,,72,1354,0.42600000000000005,0,,0
SLICES_CA-LL-L1_x+559_y+604_z+498_experiment,pipeline,vstd_+2,,73,182,0.09600000000000002,0,,0
SLICES_CA-LL-L1_x+559_y+604_z+498_experiment,pipeline,vstd_+2,,74,170,0.04800000000000001,144,25,1
SLICES_CA-LL-L1_x+559_y+604_z+498_experiment,pipeline,vstd_+2,,75,238,0.07800000000000001,0,,0
SLICES_CA-LL-L1_x+559_y+604_z+498_experiment,pipeline,vstd_+2,,76,47,0.018000000000000002,0,,0
SLICES_CA-LL-L1_x+559_y+604_z+498_experiment,pipeline,vstd_+2,,77,467,0.31200000000000006,0,,0
SLICES_CA-LL-L1_x+559_y+604_z+498_experiment,pipeline,vstd_+2,,78,426,0.20400000000000004,172,25,1
SLICES_CA-LL-L1_x+559_y+604_z+498_experiment,pipeline,vstd_+2,,79,122,0.08400000000000002,0,,0
SLICES_CA-LL-L1_x+559_y+604_z+498_experiment,pipeline,vstd_+2,,80,569,0.4200000000000001,0,,0
SLICES_CA-LL-L1_x+559_y+604_z+498_experiment,pipeline,vstd_+2,,81,554,0.22200000000000003,0,,0
SLICES_CA-LL-L1_x+559_y+604_z+498_experiment,pipeline,vstd_+2,,82,1877,1.1820000000000002,1039,26;34,2
SLICES_CA-LL-L1_x+559_y+604_z+498_experiment,pipeline,vstd_+2,,83,231,0.15600000000000003,92,26;27,2
SLICES_CA-LL-L1_x+559_y+604_z+498_experiment,pipeline,vstd_+2,,84,284,0.19800000000000004,0,,0
SLICES_CA-LL-L1_x+559_y+604_z+498_experiment,pipeline,vstd_+2,,85,340,0.23400000000000004,0,,0
SLICES_CA-LL-L1_x+559_y+604_z+498_experiment,pipeline,vstd_+2,,86,860,0.45000000000000007,0,,0
SLICES_CA-LL-L1_x+559_y+604_z+498_experiment,pipeline,vstd_+2,,87,484,0.30600000000000005,0,,0
SLICES_CA-LL-L1_x+559_y+604_z+498_experiment,pipeline,vstd_+2,,88,408,0.15000000000000002,0,,0
SLICES_CA-LL-L1_x+559_y+604_z+498_experiment,pipeline,vstd_+2,,89,167,0.06600000000000002,0,,0
SLICES_CA-LL-L1_x+559_y+604_z+498_experiment,pipeline,vstd_+2,,90,833,0.24000000000000005,799,32,1
SLICES_CA-LL-L1_x+559_y+604_z+498_experiment,pipeline,vstd_+2,,91,524,0.24000000000000005,0,,0
SLICES_CA-LL-L1_x+559_y+604_z+498_experiment,pipeline,vstd_+2,,92,429,0.20400000000000004,96,32,1
SLICES_CA-LL-L1_x+559_y+604_z+498_experiment,pipeline,vstd_+2,,93,217,0.15000000000000002,0,,0
SLICES_CA-LL-L1_x+559_y+604_z+498_experiment,pipeline,vstd_+2,,94,707,0.32400000000000007,0,,0
SLICES_CA-LL-L1_x+559_y+604_z+498_experiment,pipeline,vstd_+2,,95,390,0.32400000000000007,0,,0
SLICES_CA-LL-L1_x+559_y+604_z+498_experiment,pipeline,vstd_+2,,96,3,0.0,0,,0
SLICES_CA-LL-L1_x+559_y+604_z+498_experiment,pipeline,vstd_+2,,97,252,0.21000000000000005,131,35,1
SLICES_CA-LL-L1_x+559_y+604_z+498_experiment,pipeline,vstd_+2,,98,68,0.054000000000000006,0,,0
SLICES_CA-LL-L1_x+559_y+604_z+498_experiment,pipeline,strength_-1,,1,395,0.25800000000000006,0,,0
SLICES_CA-LL-L1_x+559_y+604_z+498_experiment,pipeline,strength_-1,,2,435,0.29400000000000004,65,4,1
SLICES_CA-LL-L1_x+559_y+604_z+498_experiment,pipeline,strength_-1,,3,1048,0.6900000000000002,94,1;6,2
SLICES_CA-LL-L1_x+559_y+604_z+498_experiment,pipeline,strength_-1,,4,11,0.0,0,,0
SLICES_CA-LL-L1_x+559_y+604_z+498_experiment,pipeline,strength_-1,,5,269,0.14400000000000002,27,2,1
SLICES_CA-LL-L1_x+559_y+604_z+498_experiment,pipeline,strength_-1,,6,125,0.08400000000000002,0,,0
SLICES_CA-LL-L1_x+559_y+604_z+498_experiment,pipeline,strength_-1,,7,167,0.10800000000000001,0,,0
SLICES_CA-LL-L1_x+559_y+604_z+498_experiment,pipeline,strength_-1,,8,256,0.17400000000000002,97,3,1
SLICES_CA-LL-L1_x+559_y+604_z+498_experiment,pipeline,strength_-1,,9,262,0.18000000000000002,96,5,1
SLICES_CA-LL-L1_x+559_y+604_z+498_experiment,pipeline,strength_-1,,10,717,0.43800000000000006,202,7,1
SLICES_CA-LL-L1_x+559_y+604_z+498_experiment,pipeline,strength_-1,,11,460,0.39000000000000007,0,,0
SLICES_CA-LL-L1_x+559_y+604_z+498_experiment,pipeline,strength_-1,,12,23,0.06000000000000001,0,,0
SLICES_CA-LL-L1_x+559_y+604_z+498_experiment,pipeline,strength_-1,,13,239,0.26400000000000007,0,,0
SLICES_CA-LL-L1_x+559_y+604_z+498_experiment,pipeline,strength_-1,,14,239,0.18600000000000003,0,,0
SLICES_CA-LL-L1_x+559_y+604_z+498_experiment,pipeline,strength_-1,,15,448,0.21000000000000005,59,8;9,2
SLICES_CA-LL-L1_x+559_y+604_z+498_experiment,pipeline,strength_-1,,16,522,0.4020000000000001,51,11,1
SLICES_CA-LL-L1_x+559_y+604_z+498_experiment,pipeline,strength_-1,,17,2,0.012000000000000002,0,,0
SLICES_CA-LL-L1_x+559_y+604_z+498_experiment,pipeline,strength_-1,,18,14,0.036000000000000004,0,,0
SLICES_CA-LL-L1_x+559_y+604_z+498_experiment,pipeline,strength_-1,,19,220,0.14400000000000002,0,,0
SLICES_CA-LL-L1_x+559_y+604_z+498_experiment,pipeline,strength_-1,,20,257,0.26400000000000007,0,,0
SLICES_CA-LL-L1_x+559_y+604_z+498_experiment,pipeline,strength_-1,,21,10,0.030000000000000006,0,,0
SLICES_CA-LL-L1_x+559_y+604_z+498_experiment,pipeline,strength_-1,,22,2,0.006000000000000001,0,,0
SLICES_CA-LL-L1_x+559_y+604_z+498_experiment,pipeline,strength_-1,,23,20,0.06000000000000001,0,,0
SLICES_CA-LL-L1_x+559_y+604_z+498_experiment,pipeline,strength_-1,,24,18,0.06000000000000001,0,,0
SLICES_CA-LL-L1_x+559_y+604_z+498_experiment,pipeline,strength_-1,,25,257,0.15000000000000002,41,10,1
SLICES_CA-LL-L1_x+559_y+604_z+498_experiment,pipeline,strength_-1,,26,238,0.15000000000000002,0,,0
SLICES_CA-LL-L1_x+559_y+604_z+498_experiment,pipeline,strength_-1,,27,82,0.04800000000000001,0,,0
SLICES_CA-LL-L1_x+559_y+604_z+498_experiment,pipeline,strength_-1,,28,180,0.11400000000000002,0,,0
SLICES_CA-LL-L1_x+559_y+604_z+498_experiment,pipeline,strength_-1,,29,4,0.018000000000000002,0,,0
SLICES_CA-LL-L1_x+559_y+604_z+498_experiment,pipeline,strength_-1,,30,230,0.17400000000000002,0,,0
SLICES_CA-LL-L1_x+559_y+604_z+498_experiment,pipeline,strength_-1,,31,372,0.26400000000000007,0,,0
SLICES_CA-LL-L1_x+559_y+604_z+498_experiment,pipeline,strength_-1,,32,790,0.6120000000000001,109,14,1
SLICES_CA-LL-L1_x+559_y+604_z+498_experiment,pipeline,strength_-1,,33,279,0.12600000000000003,0,,0
SLICES_CA-LL-L1_x+559_y+604_z+498_experiment,pipeline,strength_-1,,34,369,0.22200000000000003,0,,0
SLICES_CA-LL-L1_x+559_y+604_z+498_experiment,pipeline,strength_-1,,35,666,0.43200000000000005,524,12,1
SLICES_CA-LL-L1_x+559_y+604_z+498_experiment,pipeline,strength_-1,,36,215,0.14400000000000002,0,,0
SLICES_CA-LL-L1_x+559_y+604_z+498_experiment,pipeline,strength_-1,,37,130,0.21000000000000005,0,,0
SLICES_CA-LL-L1_x+559_y+604_z+498_experiment,pipeline,strength_-1,,38,806,0.4980000000000001,0,,0
SLICES_CA-LL-L1_x+559_y+604_z+498_experiment,pipeline,strength_-1,,39,361,0.21600000000000003,165,15,1
SLICES_CA-LL-L1_x+559_y+604_z+498_experiment,pipeline,strength_-1,,40,78,0.06000000000000001,0,,0
SLICES_CA-LL-L1_x+559_y+604_z+498_experiment,pipeline,strength_-1,,41,320,0.16800000000000004,66,17;18,2
SLICES_CA-LL-L1_x+559_y+604_z+498_experiment,pipeline,strength_-1,,42,11,0.024000000000000004,3,16,1
SLICES_CA-LL-L1_x+559_y+604_z+498_experiment,pipeline,strength_-1,,43,79,0.04800000000000001,53,15,1
SLICES_CA-LL-L1_x+559_y+604_z+498_experiment,pipeline,strength_-1,,44,118,0.04800000000000001,0,,0
SLICES_CA-LL-L1_x+559_y+604_z+498_experiment,pipeline,strength_-1,,45,283,0.24000000000000005,112,19,1
SLICES_CA-LL-L1_x+559_y+604_z+498_experiment,pipeline,strength_-1,,46,6,0.012000000000000002,0,,0
SLICES_CA-LL-L1_x+559_y+604_z+498_experiment,pipeline,strength_-1,,47,384,0.18600000000000003,89,20,1
SLICES_CA-LL-L1_x+559_y+604_z+498_experiment,pipeline,strength_-1,,48,487,0.31800000000000006,316,19,1
SLICES_CA-LL-L1_x+559_y+604_z+498_experiment,pipeline,strength_-1,,49,78,0.06000000000000001,62,15,1
SLICES_CA-LL-L1_x+559_y+604_z+498_experiment,pipeline,strength_-1,,50,12,0.018000000000000002,0,,0
SLICES_CA-LL-L1_x+559_y+604_z+498_experiment,pipeline,strength_-1,,51,125,0.12600000000000003,0,,0
SLICES_CA-LL-L1_x+559_y+604_z+498_experiment,pipeline,strength_-1,,52,493,0.31200000000000006,0,,0
SLICES_CA-LL-L1_x+559_y+604_z+498_experiment,pipeline,strength_-1,,53,255,0.16800000000000004,0,,0
SLICES_CA-LL-L1_x+559_y+604_z+498_experiment,pipeline,strength_-1,,54,4,0.006000000000000001,0,,0
SLICES_CA-LL-L1_x+559_y+604_z+498_experiment,pipeline,strength_-1,,55,1125,0.7980000000000002,141,21;22,2
SLICES_CA-LL-L1_x+559_y+604_z+498_experiment,pipeline,strength_-1,,56,391,0.24000000000000005,0,,0
SLICES_CA-LL-L1_x+559_y+604_z+498_experiment,pipeline,strength_-1,,57,146,0.12000000000000002,0,,0
SLICES_CA-LL-L1_x+559_y+604_z+498_experiment,pipeline,strength_-1,,58,10,0.024000000000000004,0,,0
SLICES_CA-LL-L1_x+559_y+604_z+498_experiment,pipeline,strength_-1,,59,1,0.0,0,,0
SLICES_CA-LL-L1_x+559_y+604_z+498_experiment,pipeline,strength_-1,,60,99,0.06000000000000001,0,,0
SLICES_CA-LL-L1_x+559_y+604_z+498_experiment,pipeline,strength_-1,,61,91,0.054000000000000006,0,,0
SLICES_CA-LL-L1_x+559_y+604_z+498_experiment,pipeline,strength_-1,,62,7,0.012000000000000002,0,,0
SLICES_CA-LL-L1_x+559_y+604_z+498_experiment,pipeline,strength_-1,,63,764,0.5280000000000001,0,,0
SLICES_CA-LL-L1_x+559_y+604_z+498_experiment,pipeline,strength_-1,,64,1646,0.7920000000000001,0,,0
SLICES_CA-LL-L1_x+559_y+604_z+498_experiment,pipeline,strength_-1,,65,1266,0.5220000000000001,627,25,1
SLICES_CA-LL-L1_x+559_y+604_z+498_experiment,pipeline,strength_-1,,66,183,0.09600000000000002,0,,0
SLICES_CA-LL-L1_x+559_y+604_z+498_experiment,pipeline,strength_-1,,67,372,0.22200000000000003,295,23,1
SLICES_CA-LL-L1_x+559_y+604_z+498_experiment,pipeline,strength_-1,,68,480,0.25800000000000006,0,,0
SLICES_CA-LL-L1_x+559_y+604_z+498_experiment,pipeline,strength_-1,,69,238,0.19200000000000003,0,,0
SLICES_CA-LL-L1_x+559_y+604_z+498_experiment,pipeline,strength_-1,,70,716,0.4140000000000001,277,24;26,2
SLICES_CA-LL-L1_x+559_y+604_z+498_experiment,pipeline,strength_-1,,71,231,0.16800000000000004,0,,0
SLICES_CA-LL-L1_x+559_y+604_z+498_experiment,pipeline,strength_-1,,72,88,0.09000000000000001,0,,0
SLICES_CA-LL-L1_x+559_y+604_z+498_experiment,pipeline,strength_-1,,73,406,0.24000000000000005,0,,0
SLICES_CA-LL-L1_x+559_y+604_z+498_experiment,pipeline,strength_-1,,74,830,0.5160000000000001,0,,0
SLICES_CA-LL-L1_x+559_y+604_z+498_experiment,pipeline,strength_-1,,75,526,0.16200000000000003,297,25,1
SLICES_CA-LL-L1_x+559_y+604_z+498_experiment,pipeline,strength_-1,,76,368,0.06600000000000002,368,25,1
SLICES_CA-LL-L1_x+559_y+604_z+498_experiment,pipeline,strength_-1,,77,950,0.5940000000000001,0,,0
SLICES_CA-LL-L1_x+559_y+604_z+498_experiment,pipeline,strength_-1,,78,168,0.09000000000000001,0,,0
SLICES_CA-LL-L1_x+559_y+604_z+498_experiment,pipeline,strength_-1,,79,207,0.10800000000000001,0,,0
SLICES_CA-LL-L1_x+559_y+604_z+498_experiment,pipeline,strength_-1,,80,201,0.04800000000000001,175,25,1
SLICES_CA-LL-L1_x+559_y+604_z+498_experiment,pipeline,strength_-1,,81,28,0.012000000000000002,9,25,1
SLICES_CA-LL-L1_x+559_y+604_z+498_experiment,pipeline,strength_-1,,82,279,0.17400000000000002,0,,0
SLICES_CA-LL-L1_x+559_y+604_z+498_experiment,pipeline,strength_-1,,83,185,0.08400000000000002,0,,0
SLICES_CA-LL-L1_x+559_y+604_z+498_experiment,pipeline,strength_-1,,84,402,0.28200000000000003,0,,0
SLICES_CA-LL-L1_x+559_y+604_z+498_experiment,pipeline,strength_-1,,85,236,0.17400000000000002,173,25,1
SLICES_CA-LL-L1_x+559_y+604_z+498_experiment,pipeline,strength_-1,,86,531,0.21000000000000005,0,,0
SLICES_CA-LL-L1_x+559_y+604_z+498_experiment,pipeline,strength_-1,,87,1756,1.0740000000000003,1070,26;34,2
SLICES_CA-LL-L1_x+559_y+604_z+498_experiment,pipeline,strength_-1,,88,23,0.012000000000000002,0,,0
SLICES_CA-LL-L1_x+559_y+604_z+498_experiment,pipeline,strength_-1,,89,311,0.20400000000000004,0,,0
SLICES_CA-LL-L1_x+559_y+604_z+498_experiment,pipeline,strength_-1,,90,99,0.04200000000000001,0,,0
SLICES_CA-LL-L1_x+559_y+604_z+498_experiment,pipeline,strength_-1,,91,91,0.04800000000000001,59,26,1
SLICES_CA-LL-L1_x+559_y+604_z+498_experiment,pipeline,strength_-1,,92,398,0.276,0,,0
SLICES_CA-LL-L1_x+559_y+604_z+498_experiment,pipeline,strength_-1,,93,396,0.23400000000000004,113,25,1
SLICES_CA-LL-L1_x+559_y+604_z+498_experiment,pipeline,strength_-1,,94,467,0.31800000000000006,0,,0
SLICES_CA-LL-L1_x+559_y+604_z+498_experiment,pipeline,strength_-1,,95,672,0.38400000000000006,0,,0
SLICES_CA-LL-L1_x+559_y+604_z+498_experiment,pipeline,strength_-1,,96,136,0.06600000000000002,0,,0
SLICES_CA-LL-L1_x+559_y+604_z+498_experiment,pipeline,strength_-1,,97,817,0.24000000000000005,783,32,1
SLICES_CA-LL-L1_x+559_y+604_z+498_experiment,pipeline,strength_-1,,98,287,0.20400000000000004,0,,0
SLICES_CA-LL-L1_x+559_y+604_z+498_experiment,pipeline,strength_-1,,99,4,0.006000000000000001,0,,0
SLICES_CA-LL-L1_x+559_y+604_z+498_experiment,pipeline,strength_-1,,100,558,0.17400000000000002,0,,0
SLICES_CA-LL-L1_x+559_y+604_z+498_experiment,pipeline,strength_-1,,101,254,0.20400000000000004,0,,0
SLICES_CA-LL-L1_x+559_y+604_z+498_experiment,pipeline,strength_-1,,102,82,0.07200000000000001,0,,0
SLICES_CA-LL-L1_x+559_y+604_z+498_experiment,pipeline,strength_-1,,103,665,0.34800000000000003,0,,0
SLICES_CA-LL-L1_x+559_y+604_z+498_experiment,pipeline,strength_-1,,104,252,0.11400000000000002,80,32,1
SLICES_CA-LL-L1_x+559_y+604_z+498_experiment,pipeline,strength_-1,,105,205,0.16200000000000003,0,,0
SLICES_CA-LL-L1_x+559_y+604_z+498_experiment,pipeline,strength_-1,,106,727,0.6000000000000001,137,35,1
SLICES_CA-LL-L1_x+559_y+604_z+498_experiment,pipeline,strength_-1,,107,70,0.054000000000000006,0,,0
SLICES_CA-LL-L1_x+559_y+604_z+498_experiment,pipeline,strength_+1,,1,395,0.25800000000000006,0,,0
SLICES_CA-LL-L1_x+559_y+604_z+498_experiment,pipeline,strength_+1,,2,435,0.29400000000000004,65,4,1
SLICES_CA-LL-L1_x+559_y+604_z+498_experiment,pipeline,strength_+1,,3,1048,0.6900000000000002,94,1;6,2
SLICES_CA-LL-L1_x+559_y+604_z+498_experiment,pipeline,strength_+1,,4,11,0.0,0,,0
SLICES_CA-LL-L1_x+559_y+604_z+498_experiment,pipeline,strength_+1,,5,269,0.14400000000000002,27,2,1
SLICES_CA-LL-L1_x+559_y+604_z+498_experiment,pipeline,strength_+1,,6,125,0.08400000000000002,0,,0
SLICES_CA-LL-L1_x+559_y+604_z+498_experiment,pipeline,strength_+1,,7,167,0.10800000000000001,0,,0
SLICES_CA-LL-L1_x+559_y+604_z+498_experiment,pipeline,strength_+1,,8,256,0.17400000000000002,97,3,1
SLICES_CA-LL-L1_x+559_y+604_z+498_experiment,pipeline,strength_+1,,9,262,0.18000000000000002,96,5,1
SLICES_CA-LL-L1_x+559_y+604_z+498_experiment,pipeline,strength_+1,,10,717,0.43800000000000006,202,7,1
SLICES_CA-LL-L1_x+559_y+604_z+498_experiment,pipeline,strength_+1,,11,460,0.39000000000000007,0,,0
SLICES_CA-LL-L1_x+559_y+604_z+498_experiment,pipeline,strength_+1,,12,23,0.06000000000000001,0,,0
SLICES_CA-LL-L1_x+559_y+604_z+498_experiment,pipeline,strength_+1,,13,239,0.26400000000000007,0,,0
SLICES_CA-LL-L1_x+559_y+604_z+498_experiment,pipeline,strength_+1,,14,239,0.18600000000000003,0,,0
SLICES_CA-LL-L1_x+559_y+604_z+498_experiment,pipeline,strength_+1,,15,448,0.21000000000000005,59,8;9,2
SLICES_CA-LL-L1_x+559_y+604_z+498_experiment,pipeline,strength_+1,,16,522,0.4020000000000001,51,11,1
SLICES_CA-LL-L1_x+559_y+604_z+498_experiment,pipeline,strength_+1,,17,2,0.012000000000000002,0,,0
SLICES_CA-LL-L1_x+559_y+604_z+498_experiment,pipeline,strength_+1,,18,14,0.036000000000000004,0,,0
SLICES_CA-LL-L1_x+559_y+604_z+498_experiment,pipeline,strength_+1,,19,220,0.14400000000000002,0,,0
SLICES_CA-LL-L1_x+559_y+604_z+498_experiment,pipeline,strength_+1,,20,257,0.26400000000000007,0,,0
SLICES_CA-LL-L1_x+559_y+604_z+498_experiment,pipeline,strength_+1,,21,10,0.030000000000000006,0,,0
SLICES_CA-LL-L1_x+559_y+604_z+498_experiment,pipeline,strength_+1,,22,2,0.006000000000000001,0,,0
SLICES_CA-LL-L1_x+559_y+604_z+498_experiment,pipeline,strength_+1,,23,20,0.06000000000000001,0,,0
SLICES_CA-LL-L1_x+559_y+604_z+498_experiment,pipeline,strength_+1,,24,18,0.06000000000000001,0,,0
SLICES_CA-LL-L1_x+559_y+604_z+498_experiment,pipeline,strength_+1,,25,257,0.15000000000000002,41,10,1
SLICES_CA-LL-L1_x+559_y+604_z+498_experiment,pipeline,strength_+1,,26,238,0.15000000000000002,0,,0
SLICES_CA-LL-L1_x+559_y+604_z+498_experiment,pipeline,strength_+1,,27,82,0.04800000000000001,0,,0
SLICES_CA-LL-L1_x+559_y+604_z+498_experiment,pipeline,strength_+1,,28,180,0.11400000000000002,0,,0
SLICES_CA-LL-L1_x+559_y+604_z+498_experiment,pipeline,strength_+1,,29,4,0.018000000000000002,0,,0
SLICES_CA-LL-L1_x+559_y+604_z+498_experiment,pipeline,strength_+1,,30,230,0.17400000000000002,0,,0
SLICES_CA-LL-L1_x+559_y+604_z+498_experiment,pipeline,strength_+1,,31,372,0.26400000000000007,0,,0
SLICES_CA-LL-L1_x+559_y+604_z+498_experiment,pipeline,strength_+1,,32,790,0.6120000000000001,109,14,1
SLICES_CA-LL-L1_x+559_y+604_z+498_experiment,pipeline,strength_+1,,33,279,0.12600000000000003,0,,0
SLICES_CA-LL-L1_x+559_y+604_z+498_experiment,pipeline,strength_+1,,34,369,0.22200000000000003,0,,0
SLICES_CA-LL-L1_x+559_y+604_z+498_experiment,pipeline,strength_+1,,35,666,0.43200000000000005,524,12,1
SLICES_CA-LL-L1_x+559_y+604_z+498_experiment,pipeline,strength_+1,,36,215,0.14400000000000002,0,,0
SLICES_CA-LL-L1_x+559_y+604_z+498_experiment,pipeline,strength_+1,,37,130,0.21000000000000005,0,,0
SLICES_CA-LL-L1_x+559_y+604_z+498_experiment,pipeline,strength_+1,,38,806,0.4980000000000001,0,,0
SLICES_CA-LL-L1_x+559_y+604_z+498_experiment,pipeline,strength_+1,,39,361,0.21600000000000003,165,15,1
SLICES_CA-LL-L1_x+559_y+604_z+498_experiment,pipeline,strength_+1,,40,78,0.06000000000000001,0,,0
SLICES_CA-LL-L1_x+559_y+604_z+498_experiment,pipeline,strength_+1,,41,320,0.16800000000000004,66,17;18,2
SLICES_CA-LL-L1_x+559_y+604_z+498_experiment,pipeline,strength_+1,,42,11,0.024000000000000004,3,16,1
SLICES_CA-LL-L1_x+559_y+604_z+498_experiment,pipeline,strength_+1,,43,79,0.04800000000000001,53,15,1
SLICES_CA-LL-L1_x+559_y+604_z+498_experiment,pipeline,strength_+1,,44,118,0.04800000000000001,0,,0
SLICES_CA-LL-L1_x+559_y+604_z+498_experiment,pipeline,strength_+1,,45,283,0.24000000000000005,112,19,1
SLICES_CA-LL-L1_x+559_y+604_z+498_experiment,pipeline,strength_+1,,46,6,0.012000000000000002,0,,0
SLICES_CA-LL-L1_x+559_y+604_z+498_experiment,pipeline,strength_+1,,47,384,0.18600000000000003,89,20,1
SLICES_CA-LL-L1_x+559_y+604_z+498_experiment,pipeline,strength_+1,,48,487,0.31800000000000006,316,19,1
SLICES_CA-LL-L1_x+559_y+604_z+498_experiment,pipeline,strength_+1,,49,78,0.06000000000000001,62,15,1
SLICES_CA-LL-L1_x+559_y+604_z+498_experiment,pipeline,strength_+1,,50,12,0.018000000000000002,0,,0
SLICES_CA-LL-L1_x+559_y+604_z+498_experiment,pipeline,strength_+1,,51,125,0.12600000000000003,0,,0
SLICES_CA-LL-L1_x+559_y+604_z+498_experiment,pipeline,strength_+1,,52,493,0.31200000000000006,0,,0
SLICES_CA-LL-L1_x+559_y+604_z+498_experiment,pipeline,strength_+1,,53,255,0.16800000000000004,0,,0
SLICES_CA-LL-L1_x+559_y+604_z+498_experiment,pipeline,strength_+1,,54,4,0.006000000000000001,0,,0
SLICES_CA-LL-L1_x+559_y+604_z+498_experiment,pipeline,strength_+1,,55,1138,0.8100000000000002,141,21;22,2
SLICES_CA-LL-L1_x+559_y+604_z+498_experiment,pipeline,strength_+1,,56,391,0.24000000000000005,0,,0
SLICES_CA-LL-L1_x+559_y+604_z+498_experiment,pipeline,strength_+1,,57,146,0.12000000000000002,0,,0
SLICES_CA-LL-L1_x+559_y+604_z+498_experiment,pipeline,strength_+1,,58,10,0.024000000000000004,0,,0
SLICES_CA-LL-L1_x+559_y+604_z+498_experiment,pipeline,strength_+1,,59,1,0.0,0,,0
SLICES_CA-LL-L1_x+559_y+604_z+498_experiment,pipeline,strength_+1,,60,99,0.06000000000000001,0,,0
SLICES_CA-LL-L1_x+559_y+604_z+498_experiment,pipeline,strength_+1,,61,79,0.04800000000000001,0,,0
SLICES_CA-LL-L1_x+559_y+604_z+498_experiment,pipeline,strength_+1,,62,7,0.012000000000000002,0,,0
SLICES_CA-LL-L1_x+559_y+604_z+498_experiment,pipeline,strength_+1,,63,764,0.5280000000000001,0,,0
SLICES_CA-LL-L1_x+559_y+604_z+498_experiment,pipeline,strength_+1,,64,1646,0.7920000000000001,0,,0
SLICES_CA-LL-L1_x+559_y+604_z+498_experiment,pipeline,strength_+1,,65,1266,0.5220000000000001,627,25,1
SLICES_CA-LL-L1_x+559_y+604_z+498_experiment,pipeline,strength_+1,,66,183,0.09600000000000002,0,,0
SLICES_CA-LL-L1_x+559_y+604_z+498_experiment,pipeline,strength_+1,,67,372,0.22200000000000003,295,23,1
SLICES_CA-LL-L1_x+559_y+604_z+498_experiment,pipeline,strength_+1,,68,480,0.25800000000000006,0,,0
SLICES_CA-LL-L1_x+559_y+604_z+498_experiment,pipeline,strength_+1,,69,238,0.19200000000000003,0,,0
SLICES_CA-LL-L1_x+559_y+604_z+498_experiment,pipeline,strength_+1,,70,716,0.4140000000000001,277,24;26,2
SLICES_CA-LL-L1_x+559_y+604_z+498_experiment,pipeline,strength_+1,,71,231,0.16800000000000004,0,,0
SLICES_CA-LL-L1_x+559_y+604_z+498_experiment,pipeline,strength_+1,,72,88,0.09000000000000001,0,,0
SLICES_CA-LL-L1_x+559_y+604_z+498_experiment,pipeline,strength_+1,,73,406,0.24000000000000005,0,,0
SLICES_CA-LL-L1_x+559_y+604_z+498_experiment,pipeline,strength_+1,,74,830,0.5160000000000001,0,,0
SLICES_CA-LL-L1_x+559_y+604_z+498_experiment,pipeline,strength_+1,,75,526,0.16200000000000003,297,25,1
SLICES_CA-LL-L1_x+559_y+604_z+498_experiment,pipeline,strength_+1,,76,368,0.06600000000000002,368,25,1
SLICES_CA-LL-L1_x+559_y+604_z+498_experiment,pipeline,strength_+1,,77,949,0.5940000000000001,0,,0
SLICES_CA-LL-L1_x+559_y+604_z+498_experiment,pipeline,strength_+1,,78,168,0.09000000000000001,0,,0
SLICES_CA-LL-L1_x+559_y+604_z+498_experiment,pipeline,strength_+1,,79,207,0.10800000000000001,0,,0
SLICES_CA-LL-L1_x+559_y+604_z+498_experiment,pipeline,strength_+1,,80,201,0.04800000000000001,175,25,1
SLICES_CA-LL-L1_x+559_y+604_z+498_experiment,pipeline,strength_+1,,81,28,0.012000000000000002,9,25,1
SLICES_CA-LL-L1_x+559_y+604_z+498_experiment,pipeline,strength_+1,,82,279,0.17400000000000002,0,,0
SLICES_CA-LL-L1_x+559_y+604_z+498_experiment,pipeline,strength_+1,,83,185,0.08400000000000002,0,,0
SLICES_CA-LL-L1_x+559_y+604_z+498_experiment,pipeline,strength_+1,,84,402,0.28200000000000003,0,,0
SLICES_CA-LL-L1_x+559_y+604_z+498_experiment,pipeline,strength_+1,,85,236,0.17400000000000002,173,25,1
SLICES_CA-LL-L1_x+559_y+604_z+498_experiment,pipeline,strength_+1,,86,531,0.21000000000000005,0,,0
SLICES_CA-LL-L1_x+559_y+604_z+498_experiment,pipeline,strength_+1,,87,1756,1.0740000000000003,1070,26;34,2
SLICES_CA-LL-L1_x+559_y+604_z+498_experiment,pipeline,strength_+1,,88,23,0.012000000000000002,0,,0
SLICES_CA-LL-L1_x+559_y+604_z+498_experiment,pipeline,strength_+1,,89,311,0.20400000000000004,0,,0
SLICES_CA-LL-L1_x+559_y+604_z+498_experiment,pipeline,strength_+1,,90,99,0.04200000000000001,0,,0
SLICES_CA-LL-L1_x+559_y+604_z+498_experiment,pipeline,strength_+1,,91,91,0.04800000000000001,59,26,1
SLICES_CA-LL-L1_x+559_y+604_z+498_experiment,pipeline,strength_+1,,92,398,0.276,0,,0
SLICES_CA-LL-L1_x+559_y+604_z+498_experiment,pipeline,strength_+1,,93,396,0.23400000000000004,113,25,1
SLICES_CA-LL-L1_x+559_y+604_z+498_experiment,pipeline,strength_+1,,94,467,0.31800000000000006,0,,0
SLICES_CA-LL-L1_x+559_y+604_z+498_experiment,pipeline,strength_+1,,95,672,0.38400000000000006,0,,0
SLICES_CA-LL-L1_x+559_y+604_z+498_experiment,pipeline,strength_+1,,96,136,0.06600000000000002,0,,0
SLICES_CA-LL-L1_x+559_y+604_z+498_experiment,pipeline,strength_+1,,97,817,0.24000000000000005,783,32,1
SLICES_CA-LL-L1_x+559_y+604_z+498_experiment,pipeline,strength_+1,,98,287,0.20400000000000004,0,,0
SLICES_CA-LL-L1_x+559_y+604_z+498_experiment,pipeline,strength_+1,,99,558,0.17400000000000002,0,,0
SLICES_CA-LL-L1_x+559_y+604_z+498_experiment,pipeline,strength_+1,,100,263,0.18600000000000003,0,,0
SLICES_CA-LL-L1_x+559_y+604_z+498_experiment,pipeline,strength_+1,,101,82,0.07200000000000001,0,,0
SLICES_CA-LL-L1_x+559_y+604_z+498_experiment,pipeline,strength_+1,,102,665,0.34800000000000003,0,,0
SLICES_CA-LL-L1_x+559_y+604_z+498_experiment,pipeline,strength_+1,,103,252,0.11400000000000002,80,32,1
SLICES_CA-LL-L1_x+559_y+604_z+498_experiment,pipeline,strength_+1,,104,205,0.16200000000000003,0,,0
SLICES_CA-LL-L1_x+559_y+604_z+498_experiment,pipeline,strength_+1,,105,727,0.6000000000000001,137,35,1
SLICES_CA-LL-L1_x+559_y+604_z+498_experiment,pipeline,strength_+1,,106,70,0.054000000000000006,0,,0
SLICES_CA-LL-L1_x+559_y+604_z+498_experiment,pipeline,strength_+2,,1,165,0.11400000000000002,0,,0
SLICES_CA-LL-L1_x+559_y+604_z+498_experiment,pipeline,strength_+2,,2,430,0.29400000000000004,62,4,1
SLICES_CA-LL-L1_x+559_y+604_z+498_experiment,pipeline,strength_+2,,3,1035,0.6900000000000002,92,1;6,2
SLICES_CA-LL-L1_x+559_y+604_z+498_experiment,pipeline,strength_+2,,4,5,0.006000000000000001,0,,0
SLICES_CA-LL-L1_x+559_y+604_z+498_experiment,pipeline,strength_+2,,5,272,0.14400000000000002,27,2,1
SLICES_CA-LL-L1_x+559_y+604_z+498_experiment,pipeline,strength_+2,,6,118,0.08400000000000002,0,,0
SLICES_CA-LL-L1_x+559_y+604_z+498_experiment,pipeline,strength_+2,,7,167,0.10800000000000001,0,,0
SLICES_CA-LL-L1_x+559_y+604_z+498_experiment,pipeline,strength_+2,,8,253,0.17400000000000002,97,3,1
SLICES_CA-LL-L1_x+559_y+604_z+498_experiment,pipeline,strength_+2,,9,262,0.18000000000000002,96,5,1
SLICES_CA-LL-L1_x+559_y+604_z+498_experiment,pipeline,strength_+2,,10,513,0.31800000000000006,195,7,1
SLICES_CA-LL-L1_x+559_y+604_z+498_experiment,pipeline,strength_+2,,11,462,0.37200000000000005,0,,0
SLICES_CA-LL-L1_x+559_y+604_z+498_experiment,pipeline,strength_+2,,12,23,0.06000000000000001,0,,0
SLICES_CA-LL-L1_x+559_y+604_z+498_experiment,pipeline,strength_+2,,13,421,0.42600000000000005,0,,0
SLICES_CA-LL-L1_x+559_y+604_z+498_experiment,pipeline,strength_+2,,14,239,0.18600000000000003,0,,0
SLICES_CA-LL-L1_x+559_y+604_z+498_experiment,pipeline,strength_+2,,15,436,0.21000000000000005,55,8;9,2
SLICES_CA-LL-L1_x+559_y+604_z+498_experiment,pipeline,strength_+2,,16,522,0.4020000000000001,51,11,1
SLICES_CA-LL-L1_x+559_y+604_z+498_experiment,pipeline,strength_+2,,17,2,0.012000000000000002,0,,0
SLICES_CA-LL-L1_x+559_y+604_z+498_experiment,pipeline,strength_+2,,18,14,0.036000000000000004,0,,0
SLICES_CA-LL-L1_x+559_y+604_z+498_experiment,pipeline,strength_+2,,19,220,0.14400000000000002,0,,0
SLICES_CA-LL-L1_x+559_y+604_z+498_experiment,pipeline,strength_+2,,20,257,0.26400000000000007,0,,0
SLICES_CA-LL-L1_x+559_y+604_z+498_experiment,pipeline,strength_+2,,21,10,0.030000000000000006,0,,0
SLICES_CA-LL-L1_x+559_y+604_z+498_experiment,pipeline,strength_+2,,22,2,0.006000000000000001,0,,0
SLICES_CA-LL-L1_x+559_y+604_z+498_experiment,pipeline,strength_+2,,23,20,0.06000000000000001,0,,0
SLICES_CA-LL-L1_x+559_y+604_z+498_experiment,pipeline,strength_+2,,24,18,0.06000000000000001,0,,0
SLICES_CA-LL-L1_x+559_y+604_z+498_experiment,pipeline,strength_+2,,25,254,0.15000000000000002,38,10,1
SLICES_CA-LL-L1_x+559_y+604_z+498_experiment,pipeline,strength_+2,,26,110,0.06600000000000002,0,,0
SLICES_CA-LL-L1_x+559_y+604_z+498_experiment,pipeline,strength_+2,,27,238,0.15000000000000002,0,,0
SLICES_CA-LL-L1_x+559_y+604_z+498_experiment,pipeline,strength_+2,,28,82,0.04800000000000001,0,,0
SLICES_CA-LL-L1_x+559_y+604_z+498_experiment,pipeline,strength_+2,,29,180,0.11400000000000002,0,,0
SLICES_CA-LL-L1_x+559_y+604_z+498_experiment,pipeline,strength_+2,,30,5,0.012000000000000002,0,,0
SLICES_CA-LL-L1_x+559_y+604_z+498_experiment,pipeline,strength_+2,,31,234,0.17400000000000002,0,,0
SLICES_CA-LL-L1_x+559_y+604_z+498_experiment,pipeline,strength_+2,,32,376,0.25200000000000006,0,,0
SLICES_CA-LL-L1_x+559_y+604_z+498_experiment,pipeline,strength_+2,,33,833,0.6360000000000001,119,14,1
SLICES_CA-LL-L1_x+559_y+604_z+498_experiment,pipeline,strength_+2,,34,279,0.12600000000000003,0,,0
SLICES_CA-LL-L1_x+559_y+604_z+498_experiment,pipeline,strength_+2,,35,775,0.43800000000000006,559,12,1
SLICES_CA-LL-L1_x+559_y+604_z+498_experiment,pipeline,strength_+2,,36,369,0.22200000000000003,0,,0
SLICES_CA-LL-L1_x+559_y+604_z+498_experiment,pipeline,strength_+2,,37,225,0.16800000000000004,0,,0
SLICES_CA-LL-L1_x+559_y+604_z+498_experiment,pipeline,strength_+2,,38,357,0.21000000000000005,0,,0
SLICES_CA-LL-L1_x+559_y+604_z+498_experiment,pipeline,strength_+2,,39,130,0.21000000000000005,0,,0
SLICES_CA-LL-L1_x+559_y+604_z+498_experiment,pipeline,strength_+2,,40,322,0.21600000000000003,153,15,1
SLICES_CA-LL-L1_x+559_y+604_z+498_experiment,pipeline,strength_+2,,41,16,0.012000000000000002,9,15,1
SLICES_CA-LL-L1_x+559_y+604_z+498_experiment,pipeline,strength_+2,,42,78,0.06000000000000001,0,,0
SLICES_CA-LL-L1_x+559_y+604_z+498_experiment,pipeline,strength_+2,,43,318,0.16800000000000004,66,17;18,2
SLICES_CA-LL-L1_x+559_y+604_z+498_experiment,pipeline,strength_+2,,44,11,0.024000000000000004,3,16,1
SLICES_CA-LL-L1_x+559_y+604_z+498_experiment,pipeline,strength_+2,,45,79,0.04800000000000001,53,15,1
SLICES_CA-LL-L1_x+559_y+604_z+498_experiment,pipeline,strength_+2,,46,118,0.04800000000000001,0,,0
SLICES_CA-LL-L1_x+559_y+604_z+498_experiment,pipeline,strength_+2,,47,279,0.24000000000000005,112,19,1
SLICES_CA-LL-L1_x+559_y+604_z+498_experiment,pipeline,strength_+2,,48,6,0.012000000000000002,0,,0
SLICES_CA-LL-L1_x+559_y+604_z+498_experiment,pipeline,strength_+2,,49,387,0.18600000000000003,92,20,1
SLICES_CA-LL-L1_x+559_y+604_z+498_experiment,pipeline,strength_+2,,50,488,0.31800000000000006,317,19,1
SLICES_CA-LL-L1_x+559_y+604_z+498_experiment,pipeline,strength_+2,,51,78,0.06000000000000001,62,15,1
SLICES_CA-LL-L1_x+559_y+604_z+498_experiment,pipeline,strength_+2,,52,12,0.018000000000000002,0,,0
SLICES_CA-LL-L1_x+559_y+604_z+498_experiment,pipeline,strength_+2,,53,125,0.12600000000000003,0,,0
SLICES_CA-LL-L1_x+559_y+604_z+498_experiment,pipeline,strength_+2,,54,494,0.31200000000000006,0,,0
SLICES_CA-LL-L1_x+559_y+604_z+498_experiment,pipeline,strength_+2,,55,251,0.16800000000000004,0,,0
SLICES_CA-LL-L1_x+559_y+604_z+498_experiment,pipeline,strength_+2,,56,4,0.006000000000000001,0,,0
SLICES_CA-LL-L1_x+559_y+604_z+498_experiment,pipeline,strength_+2,,57,1140,0.8100000000000002,144,21;22,2
SLICES_CA-LL-L1_x+559_y+604_z+498_experiment,pipeline,strength_+2,,58,391,0.24000000000000005,0,,0
SLICES_CA-LL-L1_x+559_y+604_z+498_experiment,pipeline,strength_+2,,59,146,0.12000000000000002,0,,0
SLICES_CA-LL-L1_x+559_y+604_z+498_experiment,pipeline,strength_+2,,60,10,0.024000000000000004,0,,0
SLICES_CA-LL-L1_x+559_y+604_z+498_experiment,pipeline,strength_+2,,61,1,0.0,0,,0
SLICES_CA-LL-L1_x+559_y+604_z+498_experiment,pipeline,strength_+2,,62,99,0.06000000000000001,0,,0
SLICES_CA-LL-L1_x+559_y+604_z+498_experiment,pipeline,strength_+2,,63,7,0.012000000000000002,0,,0
SLICES_CA-LL-L1_x+559_y+604_z+498_experiment,pipeline,strength_+2,,64,7,0.012000000000000002,0,,0
SLICES_CA-LL-L1_x+559_y+604_z+498_experiment,pipeline,strength_+2,,65,742,0.5340000000000001,0,,0
SLICES_CA-LL-L1_x+559_y+604_z+498_experiment,pipeline,strength_+2,,66,1667,0.7860000000000001,0,,0
SLICES_CA-LL-L1_x+559_y+604_z+498_experiment,pipeline,strength_+2,,67,1719,0.6420000000000001,1128,25,1
SLICES_CA-LL-L1_x+559_y+604_z+498_experiment,pipeline,strength_+2,,68,172,0.09600000000000002,0,,0
SLICES_CA-LL-L1_x+559_y+604_z+498_experiment,pipeline,strength_+2,,69,398,0.24000000000000005,321,23,1
SLICES_CA-LL-L1_x+559_y+604_z+498_experiment,pipeline,strength_+2,,70,478,0.25800000000000006,0,,0
SLICES_CA-LL-L1_x+559_y+604_z+498_experiment,pipeline,strength_+2,,71,238,0.19200000000000003,0,,0
SLICES_CA-LL-L1_x+559_y+604_z+498_experiment,pipeline,strength_+2,,72,703,0.4200000000000001,280,24;26,2
SLICES_CA-LL-L1_x+559_y+604_z+498_experiment,pipeline,strength_+2,,73,231,0.16800000000000004,0,,0
SLICES_CA-LL-L1_x+559_y+604_z+498_experiment,pipeline,strength_+2,,74,112,0.09000000000000001,0,,0
SLICES_CA-LL-L1_x+559_y+604_z+498_experiment,pipeline,strength_+2,,75,429,0.26400000000000007,0,,0
SLICES_CA-LL-L1_x+559_y+604_z+498_experiment,pipeline,strength_+2,,76,827,0.5160000000000001,0,,0
SLICES_CA-LL-L1_x+559_y+604_z+498_experiment,pipeline,strength_+2,,77,526,0.16200000000000003,297,25,1
SLICES_CA-LL-L1_x+559_y+604_z+498_experiment,pipeline,strength_+2,,78,868,0.6120000000000001,0,,0
SLICES_CA-LL-L1_x+559_y+604_z+498_experiment,pipeline,strength_+2,,79,168,0.09000000000000001,0,,0
SLICES_CA-LL-L1_x+559_y+604_z+498_experiment,pipeline,strength_+2,,80,207,0.10800000000000001,0,,0
SLICES_CA-LL-L1_x+559_y+604_z+498_experiment,pipeline,strength_+2,,81,201,0.04800000000000001,175,25,1
SLICES_CA-LL-L1_x+559_y+604_z+498_experiment,pipeline,strength_+2,,82,28,0.012000000000000002,9,25,1
SLICES_CA-LL-L1_x+559_y+604_z+498_experiment,pipeline,strength_+2,,83,281,0.17400000000000002,0,,0
SLICES_CA-LL-L1_x+559_y+604_z+498_experiment,pipeline,strength_+2,,84,185,0.08400000000000002,0,,0
SLICES_CA-LL-L1_x+559_y+604_z+498_experiment,pipeline,strength_+2,,85,402,0.28200000000000003,0,,0
SLICES_CA-LL-L1_x+559_y+604_z+498_experiment,pipeline,strength_+2,,86,236,0.17400000000000002,173,25,1
SLICES_CA-LL-L1_x+559_y+604_z+498_experiment,pipeline,strength_+2,,87,531,0.21000000000000005,0,,0
SLICES_CA-LL-L1_x+559_y+604_z+498_experiment,pipeline,strength_+2,,88,1753,1.0740000000000003,1063,26;34,2
SLICES_CA-LL-L1_x+559_y+604_z+498_experiment,pipeline,strength_+2,,89,23,0.012000000000000002,0,,0
SLICES_CA-LL-L1_x+559_y+604_z+498_experiment,pipeline,strength_+2,,90,311,0.20400000000000004,0,,0
SLICES_CA-LL-L1_x+559_y+604_z+498_experiment,pipeline,strength_+2,,91,99,0.04200000000000001,0,,0
SLICES_CA-LL-L1_x+559_y+604_z+498_experiment,pipeline,strength_+2,,92,398,0.276,0,,0
SLICES_CA-LL-L1_x+559_y+604_z+498_experiment,pipeline,strength_+2,,93,49,0.006000000000000001,49,26,1
SLICES_CA-LL-L1_x+559_y+604_z+498_experiment,pipeline,strength_+2,,94,396,0.23400000000000004,113,25,1
SLICES_CA-LL-L1_x+559_y+604_z+498_experiment,pipeline,strength_+2,,95,467,0.31800000000000006,0,,0
SLICES_CA-LL-L1_x+559_y+604_z+498_experiment,pipeline,strength_+2,,96,670,0.38400000000000006,0,,0
SLICES_CA-LL-L1_x+559_y+604_z+498_experiment,pipeline,strength_+2,,97,136,0.06600000000000002,0,,0
SLICES_CA-LL-L1_x+559_y+604_z+498_experiment,pipeline,strength_+2,,98,817,0.25200000000000006,783,32,1
SLICES_CA-LL-L1_x+559_y+604_z+498_experiment,pipeline,strength_+2,,99,287,0.20400000000000004,0,,0
SLICES_CA-LL-L1_x+559_y+604_z+498_experiment,pipeline,strength_+2,,100,558,0.17400000000000002,0,,0
SLICES_CA-LL-L1_x+559_y+604_z+498_experiment,pipeline,strength_+2,,101,263,0.18600000000000003,0,,0
SLICES_CA-LL-L1_x+559_y+604_z+498_experiment,pipeline,strength_+2,,102,82,0.07200000000000001,0,,0
SLICES_CA-LL-L1_x+559_y+604_z+498_experiment,pipeline,strength_+2,,103,674,0.3420000000000001,0,,0
SLICES_CA-LL-L1_x+559_y+604_z+498_experiment,pipeline,strength_+2,,104,123,0.09600000000000002,123,32,1
SLICES_CA-LL-L1_x+559_y+604_z+498_experiment,pipeline,strength_+2,,105,249,0.11400000000000002,78,32,1
SLICES_CA-LL-L1_x+559_y+604_z+498_experiment,pipeline,strength_+2,,106,205,0.16200000000000003,0,,0
SLICES_CA-LL-L1_x+559_y+604_z+498_experiment,pipeline,strength_+2,,107,730,0.6000000000000001,139,35,1
SLICES_CA-LL-L1_x+559_y+604_z+498_experiment,pipeline,strength_+2,,108,70,0.054000000000000006,0,,0
